  0
SECTION
  2
HEADER
  9
$ACADVER
  1
AC1032
  9
$ACADMAINTVER
 90
        4
  9
$DWGCODEPAGE
  3
ANSI_936
  9
$LASTSAVEDBY
  1
aivis
  9
$REQUIREDVERSIONS
160
                 0
  9
$INSBASE
 10
0.0
 20
0.0
 30
0.0
  9
$EXTMIN
 10
5.636579887390098
 20
3.059095364029758
 30
0.0
  9
$EXTMAX
 10
2148.870515567645
 20
1005.323951767053
 30
0.0
  9
$LIMMIN
 10
0.0
 20
0.0
  9
$LIMMAX
 10
420.0
 20
297.0
  9
$ORTHOMODE
 70
     0
  9
$REGENMODE
 70
     1
  9
$FILLMODE
 70
     1
  9
$QTEXTMODE
 70
     0
  9
$MIRRTEXT
 70
     0
  9
$LTSCALE
 40
1.0
  9
$ATTMODE
 70
     1
  9
$TEXTSIZE
 40
2.5
  9
$TRACEWID
 40
1.0
  9
$TEXTSTYLE
  7
Standard
  9
$CLAYER
  8
0
  9
$CELTYPE
  6
ByLayer
  9
$CECOLOR
 62
   256
  9
$CELTSCALE
 40
1.0
  9
$DISPSILH
 70
     0
  9
$DIMSCALE
 40
1.0
  9
$DIMASZ
 40
2.5
  9
$DIMEXO
 40
0.625
  9
$DIMDLI
 40
3.75
  9
$DIMRND
 40
0.0
  9
$DIMDLE
 40
0.0
  9
$DIMEXE
 40
1.25
  9
$DIMTP
 40
0.0
  9
$DIMTM
 40
0.0
  9
$DIMTXT
 40
2.5
  9
$DIMCEN
 40
2.5
  9
$DIMTSZ
 40
0.0
  9
$DIMTOL
 70
     0
  9
$DIMLIM
 70
     0
  9
$DIMTIH
 70
     0
  9
$DIMTOH
 70
     0
  9
$DIMSE1
 70
     0
  9
$DIMSE2
 70
     0
  9
$DIMTAD
 70
     1
  9
$DIMZIN
 70
     8
  9
$DIMBLK
  1

  9
$DIMASO
 70
     1
  9
$DIMSHO
 70
     1
  9
$DIMPOST
  1

  9
$DIMAPOST
  1

  9
$DIMALT
 70
     0
  9
$DIMALTD
 70
     3
  9
$DIMALTF
 40
0.03937007874016
  9
$DIMLFAC
 40
1.0
  9
$DIMTOFL
 70
     1
  9
$DIMTVP
 40
0.0
  9
$DIMTIX
 70
     0
  9
$DIMSOXD
 70
     0
  9
$DIMSAH
 70
     0
  9
$DIMBLK1
  1

  9
$DIMBLK2
  1

  9
$DIMSTYLE
  2
ISO-25
  9
$DIMCLRD
 70
     0
  9
$DIMCLRE
 70
     0
  9
$DIMCLRT
 70
     0
  9
$DIMTFAC
 40
1.0
  9
$DIMGAP
 40
0.625
  9
$DIMJUST
 70
     0
  9
$DIMSD1
 70
     0
  9
$DIMSD2
 70
     0
  9
$DIMTOLJ
 70
     0
  9
$DIMTZIN
 70
     8
  9
$DIMALTZ
 70
     0
  9
$DIMALTTZ
 70
     0
  9
$DIMUPT
 70
     0
  9
$DIMDEC
 70
     2
  9
$DIMTDEC
 70
     2
  9
$DIMALTU
 70
     2
  9
$DIMALTTD
 70
     3
  9
$DIMTXSTY
  7
Standard
  9
$DIMAUNIT
 70
     0
  9
$DIMADEC
 70
     0
  9
$DIMALTRND
 40
0.0
  9
$DIMAZIN
 70
     0
  9
$DIMDSEP
 70
    44
  9
$DIMATFIT
 70
     3
  9
$DIMFRAC
 70
     0
  9
$DIMLDRBLK
  1

  9
$DIMLUNIT
 70
     2
  9
$DIMLWD
 70
    -2
  9
$DIMLWE
 70
    -2
  9
$DIMTMOVE
 70
     0
  9
$DIMFXL
 40
1.0
  9
$DIMFXLON
 70
     0
  9
$DIMJOGANG
 40
0.7853981633974483
  9
$DIMTFILL
 70
     0
  9
$DIMTFILLCLR
 70
     0
  9
$DIMARCSYM
 70
     0
  9
$DIMLTYPE
  6

  9
$DIMLTEX1
  6

  9
$DIMLTEX2
  6

  9
$DIMTXTDIRECTION
 70
     0
  9
$LUNITS
 70
     2
  9
$LUPREC
 70
     4
  9
$SKETCHINC
 40
1.0
  9
$FILLETRAD
 40
0.0
  9
$AUNITS
 70
     0
  9
$AUPREC
 70
     0
  9
$MENU
  1
.
  9
$ELEVATION
 40
0.0
  9
$PELEVATION
 40
0.0
  9
$THICKNESS
 40
0.0
  9
$LIMCHECK
 70
     0
  9
$CHAMFERA
 40
0.0
  9
$CHAMFERB
 40
0.0
  9
$CHAMFERC
 40
0.0
  9
$CHAMFERD
 40
0.0
  9
$SKPOLY
 70
     0
  9
$TDCREATE
 40
2459922.594386574
  9
$TDUCREATE
 40
2459922.261053241
  9
$TDUPDATE
 40
2459929.664097222
  9
$TDUUPDATE
 40
2459929.330763889
  9
$TDINDWG
 40
0.0892824074
  9
$TDUSRTIMER
 40
0.0892824074
  9
$USRTIMER
 70
     1
  9
$ANGBASE
 50
0.0
  9
$ANGDIR
 70
     0
  9
$PDMODE
 70
     0
  9
$PDSIZE
 40
0.0
  9
$PLINEWID
 40
0.0
  9
$SPLFRAME
 70
     0
  9
$SPLINETYPE
 70
     6
  9
$SPLINESEGS
 70
     8
  9
$HANDSEED
  5
568
  9
$SURFTAB1
 70
     6
  9
$SURFTAB2
 70
     6
  9
$SURFTYPE
 70
     6
  9
$SURFU
 70
     6
  9
$SURFV
 70
     6
  9
$UCSBASE
  2

  9
$UCSNAME
  2

  9
$UCSORG
 10
0.0
 20
0.0
 30
0.0
  9
$UCSXDIR
 10
1.0
 20
0.0
 30
0.0
  9
$UCSYDIR
 10
0.0
 20
1.0
 30
0.0
  9
$UCSORTHOREF
  2

  9
$UCSORTHOVIEW
 70
     0
  9
$UCSORGTOP
 10
0.0
 20
0.0
 30
0.0
  9
$UCSORGBOTTOM
 10
0.0
 20
0.0
 30
0.0
  9
$UCSORGLEFT
 10
0.0
 20
0.0
 30
0.0
  9
$UCSORGRIGHT
 10
0.0
 20
0.0
 30
0.0
  9
$UCSORGFRONT
 10
0.0
 20
0.0
 30
0.0
  9
$UCSORGBACK
 10
0.0
 20
0.0
 30
0.0
  9
$PUCSBASE
  2

  9
$PUCSNAME
  2

  9
$PUCSORG
 10
0.0
 20
0.0
 30
0.0
  9
$PUCSXDIR
 10
1.0
 20
0.0
 30
0.0
  9
$PUCSYDIR
 10
0.0
 20
1.0
 30
0.0
  9
$PUCSORTHOREF
  2

  9
$PUCSORTHOVIEW
 70
     0
  9
$PUCSORGTOP
 10
0.0
 20
0.0
 30
0.0
  9
$PUCSORGBOTTOM
 10
0.0
 20
0.0
 30
0.0
  9
$PUCSORGLEFT
 10
0.0
 20
0.0
 30
0.0
  9
$PUCSORGRIGHT
 10
0.0
 20
0.0
 30
0.0
  9
$PUCSORGFRONT
 10
0.0
 20
0.0
 30
0.0
  9
$PUCSORGBACK
 10
0.0
 20
0.0
 30
0.0
  9
$USERI1
 70
     0
  9
$USERI2
 70
     0
  9
$USERI3
 70
     0
  9
$USERI4
 70
     0
  9
$USERI5
 70
     0
  9
$USERR1
 40
0.0
  9
$USERR2
 40
0.0
  9
$USERR3
 40
0.0
  9
$USERR4
 40
0.0
  9
$USERR5
 40
0.0
  9
$WORLDVIEW
 70
     1
  9
$SHADEDGE
 70
     3
  9
$SHADEDIF
 70
    70
  9
$TILEMODE
 70
     1
  9
$MAXACTVP
 70
    64
  9
$PINSBASE
 10
0.0
 20
0.0
 30
0.0
  9
$PLIMCHECK
 70
     0
  9
$PEXTMIN
 10
0.0
 20
0.0
 30
0.0
  9
$PEXTMAX
 10
0.0
 20
0.0
 30
0.0
  9
$PLIMMIN
 10
0.0
 20
0.0
  9
$PLIMMAX
 10
12.0
 20
9.0
  9
$UNITMODE
 70
     0
  9
$VISRETAIN
 70
     1
  9
$PLINEGEN
 70
     0
  9
$PSLTSCALE
 70
     1
  9
$TREEDEPTH
 70
  3020
  9
$CMLSTYLE
  2
Standard
  9
$CMLJUST
 70
     0
  9
$CMLSCALE
 40
20.0
  9
$PROXYGRAPHICS
 70
     1
  9
$MEASUREMENT
 70
     1
  9
$CELWEIGHT
370
    -1
  9
$ENDCAPS
280
     0
  9
$JOINSTYLE
280
     0
  9
$LWDISPLAY
290
     0
  9
$INSUNITS
 70
     4
  9
$HYPERLINKBASE
  1

  9
$STYLESHEET
  1

  9
$XEDIT
290
     1
  9
$CEPSNTYPE
380
     0
  9
$PSTYLEMODE
290
     1
  9
$FINGERPRINTGUID
  2
{214FECC5-B859-814E-95C9-A1592D37FD05}
  9
$VERSIONGUID
  2
{1F147204-69E6-D94B-8A8E-E952E8E5A063}
  9
$EXTNAMES
290
     1
  9
$PSVPSCALE
 40
0.0
  9
$OLESTARTUP
290
     0
  9
$SORTENTS
280
   127
  9
$INDEXCTL
280
     0
  9
$HIDETEXT
280
     1
  9
$XCLIPFRAME
280
     2
  9
$HALOGAP
280
     0
  9
$OBSCOLOR
 70
   257
  9
$OBSLTYPE
280
     0
  9
$INTERSECTIONDISPLAY
280
     0
  9
$INTERSECTIONCOLOR
 70
   257
  9
$DIMASSOC
280
     2
  9
$PROJECTNAME
  1

  9
$CAMERADISPLAY
290
     0
  9
$LENSLENGTH
 40
50.0
  9
$CAMERAHEIGHT
 40
0.0
  9
$STEPSPERSEC
 40
2.0
  9
$STEPSIZE
 40
6.0
  9
$3DDWFPREC
 40
2.0
  9
$PSOLWIDTH
 40
5.0
  9
$PSOLHEIGHT
 40
80.0
  9
$LOFTANG1
 40
1.570796326794896
  9
$LOFTANG2
 40
1.570796326794896
  9
$LOFTMAG1
 40
0.0
  9
$LOFTMAG2
 40
0.0
  9
$LOFTPARAM
 70
     7
  9
$LOFTNORMALS
280
     1
  9
$LATITUDE
 40
37.795
  9
$LONGITUDE
 40
-122.394
  9
$NORTHDIRECTION
 40
0.0
  9
$TIMEZONE
 70
 -8000
  9
$LIGHTGLYPHDISPLAY
280
     1
  9
$TILEMODELIGHTSYNCH
280
     1
  9
$CMATERIAL
347
EC
  9
$SOLIDHIST
280
     0
  9
$SHOWHIST
280
     1
  9
$DWFFRAME
280
     2
  9
$DGNFRAME
280
     0
  9
$REALWORLDSCALE
290
     1
  9
$INTERFERECOLOR
 62
     1
  9
$INTERFEREOBJVS
345
F9
  9
$INTERFEREVPVS
346
F6
  9
$CSHADOW
280
     0
  9
$SHADOWPLANELOCATION
 40
0.0
  0
ENDSEC
  0
SECTION
  2
CLASSES
  0
CLASS
  1
ACDBDICTIONARYWDFLT
  2
AcDbDictionaryWithDefault
  3
ObjectDBX Classes
 90
        0
 91
        1
280
     0
281
     0
  0
CLASS
  1
DICTIONARYVAR
  2
AcDbDictionaryVar
  3
ObjectDBX Classes
 90
        0
 91
       11
280
     0
281
     0
  0
CLASS
  1
TABLESTYLE
  2
AcDbTableStyle
  3
ObjectDBX Classes
 90
     4095
 91
        1
280
     0
281
     0
  0
CLASS
  1
MATERIAL
  2
AcDbMaterial
  3
ObjectDBX Classes
 90
     1153
 91
        3
280
     0
281
     0
  0
CLASS
  1
VISUALSTYLE
  2
AcDbVisualStyle
  3
ObjectDBX Classes
 90
     4095
 91
       24
280
     0
281
     0
  0
CLASS
  1
SCALE
  2
AcDbScale
  3
ObjectDBX Classes
 90
     1153
 91
       17
280
     0
281
     0
  0
CLASS
  1
MLEADERSTYLE
  2
AcDbMLeaderStyle
  3
ACDB_MLEADERSTYLE_CLASS
 90
     4095
 91
        2
280
     0
281
     0
  0
CLASS
  1
CELLSTYLEMAP
  2
AcDbCellStyleMap
  3
ObjectDBX Classes
 90
     1152
 91
        1
280
     0
281
     0
  0
CLASS
  1
EXACXREFPANELOBJECT
  2
ExAcXREFPanelObject
  3
EXAC_ESW
 90
     1025
 91
        0
280
     0
281
     0
  0
CLASS
  1
NPOCOLLECTION
  2
AcDbImpNonPersistentObjectsCollection
  3
ObjectDBX Classes
 90
     1153
 91
        0
280
     0
281
     0
  0
CLASS
  1
LAYER_INDEX
  2
AcDbLayerIndex
  3
ObjectDBX Classes
 90
        0
 91
        0
280
     0
281
     0
  0
CLASS
  1
SPATIAL_INDEX
  2
AcDbSpatialIndex
  3
ObjectDBX Classes
 90
        0
 91
        0
280
     0
281
     0
  0
CLASS
  1
IDBUFFER
  2
AcDbIdBuffer
  3
ObjectDBX Classes
 90
        0
 91
        0
280
     0
281
     0
  0
CLASS
  1
ACDBSECTIONVIEWSTYLE
  2
AcDbSectionViewStyle
  3
ObjectDBX Classes
 90
     1025
 91
        1
280
     0
281
     0
  0
CLASS
  1
ACDBDETAILVIEWSTYLE
  2
AcDbDetailViewStyle
  3
ObjectDBX Classes
 90
     1025
 91
        1
280
     0
281
     0
  0
CLASS
  1
ACDBASSOCNETWORK
  2
AcDbAssocNetwork
  3
ObjectDBX Classes
 90
     1025
 91
        2
280
     0
281
     0
  0
CLASS
  1
ACDBASSOC2DCONSTRAINTGROUP
  2
AcDbAssoc2dConstraintGroup
  3
ObjectDBX Classes
 90
     1025
 91
        1
280
     0
281
     0
  0
CLASS
  1
ACDBASSOCGEOMDEPENDENCY
  2
AcDbAssocGeomDependency
  3
ObjectDBX Classes
 90
     1025
 91
      165
280
     0
281
     0
  0
ENDSEC
  0
SECTION
  2
TABLES
  0
TABLE
  2
VPORT
  5
8
330
0
100
AcDbSymbolTable
 70
     1
  0
VPORT
  5
EA
330
8
100
AcDbSymbolTableRecord
100
AcDbViewportTableRecord
  2
*Active
 70
     0
 10
0.0
 20
0.0
 11
1.0
 21
1.0
 12
1805.33960057035
 22
296.7552559297096
 13
0.0
 23
0.0
 14
10.0
 24
10.0
 15
10.0
 25
10.0
 16
0.0
 26
0.0
 36
1.0
 17
0.0
 27
0.0
 37
0.0
 40
1862.633810890174
 41
2.349358974358974
 42
50.0
 43
0.0
 44
0.0
 50
0.0
 51
0.0
 71
     0
 72
  1000
 73
     1
 74
     3
 75
     0
 76
     1
 77
     0
 78
     0
281
     0
 65
     1
110
0.0
120
0.0
130
0.0
111
1.0
121
0.0
131
0.0
112
0.0
122
1.0
132
0.0
 79
     0
146
0.0
348
F5
 60
     3
 61
     5
292
     1
282
     1
141
0.0
142
0.0
 63
   250
421
  3355443
1001
ACAD_NAV_VCDISPLAY
1070
     3
  0
ENDTAB
  0
TABLE
  2
LTYPE
  5
5
330
0
100
AcDbSymbolTable
 70
     1
  0
LTYPE
  5
14
330
5
100
AcDbSymbolTableRecord
100
AcDbLinetypeTableRecord
  2
ByBlock
 70
     0
  3

 72
    65
 73
     0
 40
0.0
  0
LTYPE
  5
15
330
5
100
AcDbSymbolTableRecord
100
AcDbLinetypeTableRecord
  2
ByLayer
 70
     0
  3

 72
    65
 73
     0
 40
0.0
  0
LTYPE
  5
16
330
5
100
AcDbSymbolTableRecord
100
AcDbLinetypeTableRecord
  2
Continuous
 70
     0
  3
Solid line
 72
    65
 73
     0
 40
0.0
  0
ENDTAB
  0
TABLE
  2
LAYER
  5
2
102
{ACAD_XDICTIONARY
360
1FF
102
}
330
0
100
AcDbSymbolTable
 70
     1
  0
LAYER
  5
10
102
{ACAD_XDICTIONARY
360
13C
102
}
330
2
100
AcDbSymbolTableRecord
100
AcDbLayerTableRecord
  2
0
 70
     0
 62
     7
  6
Continuous
370
    -3
390
F
347
EE
348
0
  0
ENDTAB
  0
TABLE
  2
STYLE
  5
3
330
0
100
AcDbSymbolTable
 70
     2
  0
STYLE
  5
11
330
3
100
AcDbSymbolTableRecord
100
AcDbTextStyleTableRecord
  2
Standard
 70
     0
 40
0.0
 41
1.0
 50
0.0
 71
     0
 42
2.5
  3
arial.ttf
  4

1001
ACAD
1000
Arial
1071
       34
  0
STYLE
  5
132
330
3
100
AcDbSymbolTableRecord
100
AcDbTextStyleTableRecord
  2
Annotative
 70
     0
 40
0.0
 41
1.0
 50
0.0
 71
     0
 42
2.5
  3
arial.ttf
  4

1001
AcadAnnotative
1000
AnnotativeData
1002
{
1070
     1
1070
     1
1002
}
1001
ACAD
1000
Arial
1071
       34
  0
ENDTAB
  0
TABLE
  2
VIEW
  5
6
330
0
100
AcDbSymbolTable
 70
     1
  0
ENDTAB
  0
TABLE
  2
UCS
  5
7
330
0
100
AcDbSymbolTable
 70
     0
  0
ENDTAB
  0
TABLE
  2
APPID
  5
9
330
0
100
AcDbSymbolTable
 70
     9
  0
APPID
  5
12
330
9
100
AcDbSymbolTableRecord
100
AcDbRegAppTableRecord
  2
ACAD
 70
     0
  0
APPID
  5
9E
330
9
100
AcDbSymbolTableRecord
100
AcDbRegAppTableRecord
  2
ACAD_PSEXT
 70
     0
  0
APPID
  5
133
330
9
100
AcDbSymbolTableRecord
100
AcDbRegAppTableRecord
  2
AcadAnnoPO
 70
     0
  0
APPID
  5
134
330
9
100
AcDbSymbolTableRecord
100
AcDbRegAppTableRecord
  2
AcadAnnotative
 70
     0
  0
APPID
  5
135
330
9
100
AcDbSymbolTableRecord
100
AcDbRegAppTableRecord
  2
ACAD_DSTYLE_DIMJAG
 70
     0
  0
APPID
  5
136
330
9
100
AcDbSymbolTableRecord
100
AcDbRegAppTableRecord
  2
ACAD_DSTYLE_DIMTALN
 70
     0
  0
APPID
  5
165
330
9
100
AcDbSymbolTableRecord
100
AcDbRegAppTableRecord
  2
ACAD_MLEADERVER
 70
     0
  0
APPID
  5
217
330
9
100
AcDbSymbolTableRecord
100
AcDbRegAppTableRecord
  2
ACAD_NAV_VCDISPLAY
 70
     0
  0
APPID
  5
284
330
9
100
AcDbSymbolTableRecord
100
AcDbRegAppTableRecord
  2
ACAD_EXEMPT_FROM_CAD_STANDARDS
 70
     0
  0
ENDTAB
  0
TABLE
  2
DIMSTYLE
  5
A
330
0
100
AcDbSymbolTable
 70
     3
100
AcDbDimStyleTable
 71
     2
340
27
340
137
  0
DIMSTYLE
105
1B0
330
A
100
AcDbSymbolTableRecord
100
AcDbDimStyleTableRecord
  2
Standard
 70
     0
340
11
  0
DIMSTYLE
105
137
330
A
100
AcDbSymbolTableRecord
100
AcDbDimStyleTableRecord
  2
Annotative
 70
     0
 40
0.0
 41
2.5
 42
0.625
 43
3.75
 44
1.25
 73
     0
 74
     0
 77
     1
 78
     8
140
2.5
141
2.5
143
0.03937007874016
147
0.625
171
     3
172
     1
271
     2
272
     2
274
     3
278
    44
283
     0
284
     8
340
11
1001
AcadAnnotative
1000
AnnotativeData
1002
{
1070
     1
1070
     1
1002
}
1001
ACAD_DSTYLE_DIMJAG
1070
   388
1040
1.5
1001
ACAD_DSTYLE_DIMTALN
1070
   392
1070
     0
  0
DIMSTYLE
105
27
330
A
100
AcDbSymbolTableRecord
100
AcDbDimStyleTableRecord
  2
ISO-25
 70
     0
 41
2.5
 42
0.625
 43
3.75
 44
1.25
 73
     0
 74
     0
 77
     1
 78
     8
140
2.5
141
2.5
143
0.03937007874016
147
0.625
171
     3
172
     1
271
     2
272
     2
274
     3
278
    44
283
     0
284
     8
340
11
  0
ENDTAB
  0
TABLE
  2
BLOCK_RECORD
  5
1
330
0
100
AcDbSymbolTable
 70
     1
  0
BLOCK_RECORD
  5
1F
102
{ACAD_XDICTIONARY
360
1CE
102
}
330
1
100
AcDbSymbolTableRecord
100
AcDbBlockTableRecord
  2
*Model_Space
340
22
 70
     0
280
     1
281
     0
  0
BLOCK_RECORD
  5
D2
330
1
100
AcDbSymbolTableRecord
100
AcDbBlockTableRecord
  2
*Paper_Space
340
D3
 70
     0
280
     1
281
     0
  0
BLOCK_RECORD
  5
D6
330
1
100
AcDbSymbolTableRecord
100
AcDbBlockTableRecord
  2
*Paper_Space0
340
D7
 70
     0
280
     1
281
     0
  0
ENDTAB
  0
ENDSEC
  0
SECTION
  2
BLOCKS
  0
BLOCK
  5
20
330
1F
100
AcDbEntity
  8
0
100
AcDbBlockBegin
  2
*Model_Space
 70
     0
 10
0.0
 20
0.0
 30
0.0
  3
*Model_Space
  1

  0
ENDBLK
  5
21
330
1F
100
AcDbEntity
  8
0
100
AcDbBlockEnd
  0
BLOCK
  5
D4
330
D2
100
AcDbEntity
 67
     1
  8
0
100
AcDbBlockBegin
  2
*Paper_Space
 70
     0
 10
0.0
 20
0.0
 30
0.0
  3
*Paper_Space
  1

  0
ENDBLK
  5
D5
330
D2
100
AcDbEntity
 67
     1
  8
0
100
AcDbBlockEnd
  0
BLOCK
  5
D8
330
D6
100
AcDbEntity
 67
     1
  8
0
100
AcDbBlockBegin
  2
*Paper_Space0
 70
     0
 10
0.0
 20
0.0
 30
0.0
  3
*Paper_Space0
  1

  0
ENDBLK
  5
D9
330
D6
100
AcDbEntity
 67
     1
  8
0
100
AcDbBlockEnd
  0
ENDSEC
  0
SECTION
  2
ENTITIES
  0
LINE
  5
349
102
{ACAD_REACTORS
330
4F8
102
}
330
1F
100
AcDbEntity
  8
0
100
AcDbLine
 10
5.636579887390098
 20
4.101025280129761
 30
0.0
 11
30.63657982734913
 21
4.099292638869087
 31
0.0
  0
LINE
  5
34A
102
{ACAD_REACTORS
330
4F7
102
}
330
1F
100
AcDbEntity
  8
0
100
AcDbLine
 10
335.6365790948516
 20
4.078154415488938
 30
0.0
 11
360.6365790348091
 21
4.076421774228379
 31
0.0
  0
LINE
  5
34B
102
{ACAD_REACTORS
330
4F6
102
}
330
1F
100
AcDbEntity
  8
0
100
AcDbLine
 10
665.6365783023113
 20
4.05528355084823
 30
0.0
 11
691.3188630019692
 21
4.053503623398341
 31
0.0
  0
LINE
  5
34C
102
{ACAD_REACTORS
330
4F5
102
}
330
1F
100
AcDbEntity
  8
0
100
AcDbLine
 10
5.636579887390098
 20
4.101025280129761
 30
0.0
 11
5.657371582508858
 21
304.1010245596584
 31
0.0
  0
LINE
  5
34D
102
{ACAD_REACTORS
330
4F4
102
}
330
1F
100
AcDbEntity
  8
0
100
AcDbLine
 10
5.657371582508858
 20
304.1010245596584
 30
0.0
 11
305.657370862019
 21
304.0802328645303
 31
0.0
  0
LINE
  5
34E
102
{ACAD_REACTORS
330
4F3
102
}
330
1F
100
AcDbEntity
  8
0
100
AcDbLine
 10
305.657370862019
 20
304.0802328645303
 30
0.0
 11
305.6556382207591
 21
279.080232924554
 31
0.0
  0
LINE
  5
34F
102
{ACAD_REACTORS
330
4F2
102
}
330
1F
100
AcDbEntity
  8
0
100
AcDbLine
 10
5.636579887390098
 20
4.101025280129761
 30
0.0
 11
30.63657982734913
 21
4.099292638869087
 31
0.0
  0
LINE
  5
350
102
{ACAD_REACTORS
330
4F1
102
}
330
1F
100
AcDbEntity
  8
0
100
AcDbLine
 10
305.6556382207591
 20
279.080232924554
 30
0.0
 11
280.6556382807999
 21
279.0819655658146
 31
0.0
  0
LINE
  5
352
102
{ACAD_REACTORS
330
4F0
102
}
330
1F
100
AcDbEntity
  8
0
100
AcDbLine
 10
335.6573707899699
 20
304.0781536950176
 30
0.0
 11
335.6365790948516
 21
4.078154415488938
 31
0.0
  0
LINE
  5
353
102
{ACAD_REACTORS
330
4EF
102
}
330
1F
100
AcDbEntity
  8
0
100
AcDbLine
 10
335.6365790948516
 20
4.078154415488938
 30
0.0
 11
360.6365790348091
 21
4.076421774228379
 31
0.0
  0
LINE
  5
354
102
{ACAD_REACTORS
330
4EE
102
}
330
1F
100
AcDbEntity
  8
0
100
AcDbLine
 10
360.6365790348091
 20
4.076421774228379
 30
0.0
 11
360.638311676069
 21
29.07642171418274
 31
0.0
  0
LINE
  5
355
102
{ACAD_REACTORS
330
4ED
102
}
330
1F
100
AcDbEntity
  8
0
100
AcDbLine
 10
335.6573707899699
 20
304.0781536950176
 30
0.0
 11
635.6573700694789
 21
304.0573619998895
 31
0.0
  0
LINE
  5
356
102
{ACAD_REACTORS
330
4EC
102
}
330
1F
100
AcDbEntity
  8
0
100
AcDbLine
 10
635.6573700694789
 20
304.0573619998895
 30
0.0
 11
635.655637428219
 21
279.0573620599132
 31
0.0
  0
LINE
  5
357
102
{ACAD_REACTORS
330
4EB
102
}
330
1F
100
AcDbEntity
  8
0
100
AcDbLine
 10
635.655637428219
 20
279.0573620599132
 30
0.0
 11
610.6556374882598
 21
279.0590947011739
 31
0.0
  0
LINE
  5
358
102
{ACAD_REACTORS
330
4EA
102
}
330
1F
100
AcDbEntity
  8
0
100
AcDbLine
 10
665.6573699974298
 20
304.0552828303768
 30
0.0
 11
665.6365783023113
 21
4.05528355084823
 31
0.0
  0
LINE
  5
359
102
{ACAD_REACTORS
330
4E9
102
}
330
1F
100
AcDbEntity
  8
0
100
AcDbLine
 10
665.6365783023113
 20
4.05528355084823
 30
0.0
 11
691.3188630019692
 21
4.053503623398341
 31
0.0
  0
LINE
  5
35A
102
{ACAD_REACTORS
330
4E8
102
}
330
1F
100
AcDbEntity
  8
0
100
AcDbLine
 10
691.3188630019692
 20
4.053503623398341
 30
0.0
 11
691.3205956432293
 21
29.05350356335282
 31
0.0
  0
LINE
  5
35B
102
{ACAD_REACTORS
330
4E7
102
}
330
1F
100
AcDbEntity
  8
0
100
AcDbLine
 10
665.6573699974298
 20
304.0552828303768
 30
0.0
 11
965.6573692769388
 21
304.0344911352488
 31
0.0
  0
LINE
  5
35C
102
{ACAD_REACTORS
330
4E6
102
}
330
1F
100
AcDbEntity
  8
0
100
AcDbLine
 10
965.6573692769388
 20
304.0344911352488
 30
0.0
 11
965.6556366356788
 21
279.0344911952725
 31
0.0
  0
LINE
  5
35D
102
{ACAD_REACTORS
330
4E5
102
}
330
1F
100
AcDbEntity
  8
0
100
AcDbLine
 10
965.6556366356788
 20
279.0344911952725
 30
0.0
 11
940.6556366957195
 21
279.0362238365332
 31
0.0
  0
LINE
  5
377
102
{ACAD_REACTORS
330
4E4
102
}
330
1F
100
AcDbEntity
  8
0
100
AcDbLine
 10
30.63657982734913
 20
4.099292638869087
 30
0.0
 11
30.638312468609
 21
29.09929257882357
 31
0.0
  0
LINE
  5
378
102
{ACAD_REACTORS
330
4E3
102
}
330
1F
100
AcDbEntity
  8
0
100
AcDbLine
 10
30.638312468609
 20
29.09929257882357
 30
0.0
 11
55.97912598593485
 21
29.09753631725619
 31
0.0
  0
LINE
  5
379
102
{ACAD_REACTORS
330
4E2
102
}
330
1F
100
AcDbEntity
  8
0
100
AcDbLine
 10
55.97912598593485
 20
29.09753631725619
 30
0.0
 11
55.98085862719495
 21
54.09753625721567
 31
0.0
  0
LINE
  5
37A
102
{ACAD_REACTORS
330
4E1
102
}
330
1F
100
AcDbEntity
  8
0
100
AcDbLine
 10
55.98085862719495
 20
54.09753625721567
 30
0.0
 11
30.64004510986888
 21
54.09929251878304
 31
0.0
  0
LINE
  5
37B
102
{ACAD_REACTORS
330
4E0
102
}
330
1F
100
AcDbEntity
  8
0
100
AcDbLine
 10
30.64004510986888
 20
54.09929251878304
 30
0.0
 11
30.64351039238863
 21
104.0992923987006
 31
0.0
  0
LINE
  5
37C
102
{ACAD_REACTORS
330
4DF
102
}
330
1F
100
AcDbEntity
  8
0
100
AcDbLine
 10
30.64351039238863
 20
104.0992923987006
 30
0.0
 11
55.98432390971471
 21
104.0975361371332
 31
0.0
  0
LINE
  5
37D
102
{ACAD_REACTORS
330
4DE
102
}
330
1F
100
AcDbEntity
  8
0
100
AcDbLine
 10
55.98432390971471
 20
104.0975361371332
 30
0.0
 11
55.98778919223446
 21
154.0975360170518
 31
0.0
  0
LINE
  5
37E
102
{ACAD_REACTORS
330
4DD
102
}
330
1F
100
AcDbEntity
  8
0
100
AcDbLine
 10
55.98778919223446
 20
154.0975360170518
 30
0.0
 11
30.64697567490862
 21
154.0992922786192
 31
0.0
  0
LINE
  5
37F
102
{ACAD_REACTORS
330
4DC
102
}
330
1F
100
AcDbEntity
  8
0
100
AcDbLine
 10
30.64697567490862
 20
154.0992922786192
 30
0.0
 11
30.65217359868825
 21
229.0992920984962
 31
0.0
  0
LINE
  5
380
102
{ACAD_REACTORS
330
4DB
102
}
330
1F
100
AcDbEntity
  8
0
100
AcDbLine
 10
30.65217359868825
 20
229.0992920984962
 30
0.0
 11
55.99298711601386
 21
229.0975358369287
 31
0.0
  0
LINE
  5
381
102
{ACAD_REACTORS
330
4DA
102
}
330
1F
100
AcDbEntity
  8
0
100
AcDbLine
 10
55.99298711601386
 20
229.0975358369287
 30
0.0
 11
55.99471975727488
 21
254.0975357768883
 31
0.0
  0
LINE
  5
382
102
{ACAD_REACTORS
330
4D9
102
}
330
1F
100
AcDbEntity
  8
0
100
AcDbLine
 10
55.99471975727488
 20
254.0975357768883
 30
0.0
 11
30.6539062399479
 21
254.0992920384558
 31
0.0
  0
LINE
  5
383
102
{ACAD_REACTORS
330
4D8
102
}
330
1F
100
AcDbEntity
  8
0
100
AcDbLine
 10
30.6539062399479
 20
254.0992920384558
 30
0.0
 11
30.65563888120937
 21
279.0992919784211
 31
0.0
  0
LINE
  5
384
102
{ACAD_REACTORS
330
4D7
102
}
330
1F
100
AcDbEntity
  8
0
100
AcDbLine
 10
30.65563888120937
 20
279.0992919784211
 30
0.0
 11
105.6556387010848
 21
279.0940940546392
 31
0.0
  0
LINE
  5
385
102
{ACAD_REACTORS
330
4D6
102
}
330
1F
100
AcDbEntity
  8
0
100
AcDbLine
 10
105.6556387010848
 20
279.0940940546392
 30
0.0
 11
105.6539060598252
 21
254.0940941146737
 31
0.0
  0
LINE
  5
386
102
{ACAD_REACTORS
330
4D5
102
}
330
1F
100
AcDbEntity
  8
0
100
AcDbLine
 10
105.6539060598252
 20
254.0940941146737
 30
0.0
 11
130.6539059997853
 21
254.092361473413
 31
0.0
  0
LINE
  5
387
102
{ACAD_REACTORS
330
4D4
102
}
330
1F
100
AcDbEntity
  8
0
100
AcDbLine
 10
130.6539059997853
 20
254.092361473413
 30
0.0
 11
130.655638641045
 21
279.0923614133785
 31
0.0
  0
LINE
  5
388
102
{ACAD_REACTORS
330
4D3
102
}
330
1F
100
AcDbEntity
  8
0
100
AcDbLine
 10
130.655638641045
 20
279.0923614133785
 30
0.0
 11
155.6556385810051
 21
279.0906287721178
 31
0.0
  0
LINE
  5
389
102
{ACAD_REACTORS
330
4D2
102
}
330
1F
100
AcDbEntity
  8
0
100
AcDbLine
 10
155.6556385810051
 20
279.0906287721178
 30
0.0
 11
155.6539059397451
 21
254.0906288321524
 31
0.0
  0
LINE
  5
38A
102
{ACAD_REACTORS
330
4D1
102
}
330
1F
100
AcDbEntity
  8
0
100
AcDbLine
 10
155.6539059397451
 20
254.0906288321524
 30
0.0
 11
180.9947194570702
 21
254.0888725705851
 31
0.0
  0
LINE
  5
38B
102
{ACAD_REACTORS
330
4D0
102
}
330
1F
100
AcDbEntity
  8
0
100
AcDbLine
 10
180.9947194570702
 20
254.0888725705851
 30
0.0
 11
180.9929868158103
 21
229.0888726306255
 31
0.0
  0
LINE
  5
38C
102
{ACAD_REACTORS
330
4CF
102
}
330
1F
100
AcDbEntity
  8
0
100
AcDbLine
 10
180.9929868158103
 20
229.0888726306255
 30
0.0
 11
205.6521731784028
 21
229.0871636096716
 31
0.0
  0
LINE
  5
38E
102
{ACAD_REACTORS
330
4CE
102
}
330
1F
100
AcDbEntity
  8
0
100
AcDbLine
 10
205.6521731784028
 20
229.0871636096716
 30
0.0
 11
205.6504405371429
 21
204.0871636697314
 31
0.0
  0
LINE
  5
38F
102
{ACAD_REACTORS
330
4CD
102
}
330
1F
100
AcDbEntity
  8
0
100
AcDbLine
 10
205.6504405371429
 20
204.0871636697314
 30
0.0
 11
180.9912541745502
 21
204.0888726906852
 31
0.0
  0
LINE
  5
390
102
{ACAD_REACTORS
330
4CC
102
}
330
1F
100
AcDbEntity
  8
0
100
AcDbLine
 10
180.9912541745502
 20
204.0888726906852
 30
0.0
 11
180.9860562507707
 21
129.0888728707933
 31
0.0
  0
LINE
  5
391
102
{ACAD_REACTORS
330
4CB
102
}
330
1F
100
AcDbEntity
  8
0
100
AcDbLine
 10
180.9860562507707
 20
129.0888728707933
 30
0.0
 11
130.6452427934857
 21
129.0923617736213
 31
0.0
  0
LINE
  5
392
102
{ACAD_REACTORS
330
4CA
102
}
330
1F
100
AcDbEntity
  8
0
100
AcDbLine
 10
130.6452427934857
 20
129.0923617736213
 30
0.0
 11
130.6435101522259
 21
104.092361833658
 31
0.0
  0
LINE
  5
393
102
{ACAD_REACTORS
330
4C9
102
}
330
1F
100
AcDbEntity
  8
0
100
AcDbLine
 10
130.6435101522259
 20
104.092361833658
 30
0.0
 11
180.9843236095107
 21
104.08887293083
 31
0.0
  0
LINE
  5
394
102
{ACAD_REACTORS
330
4C8
102
}
330
1F
100
AcDbEntity
  8
0
100
AcDbLine
 10
180.9843236095107
 20
104.08887293083
 30
0.0
 11
180.980858326991
 21
54.0888730509123
 31
0.0
  0
LINE
  5
395
102
{ACAD_REACTORS
330
4C7
102
}
330
1F
100
AcDbEntity
  8
0
100
AcDbLine
 10
180.980858326991
 20
54.0888730509123
 30
0.0
 11
205.6400446895836
 21
54.08716402995833
 31
0.0
  0
LINE
  5
396
102
{ACAD_REACTORS
330
4C6
102
}
330
1F
100
AcDbEntity
  8
0
100
AcDbLine
 10
205.6400446895836
 20
54.08716402995833
 30
0.0
 11
205.6452426133631
 21
129.0871638498394
 31
0.0
  0
LINE
  5
397
102
{ACAD_REACTORS
330
4C5
102
}
330
1F
100
AcDbEntity
  8
0
100
AcDbLine
 10
205.6452426133631
 20
129.0871638498394
 30
0.0
 11
230.9860561306877
 21
129.0854075882719
 31
0.0
  0
LINE
  5
398
102
{ACAD_REACTORS
330
4C4
102
}
330
1F
100
AcDbEntity
  8
0
100
AcDbLine
 10
230.9860561306877
 20
129.0854075882719
 30
0.0
 11
230.9877887719476
 21
154.0854075282271
 31
0.0
  0
LINE
  5
399
102
{ACAD_REACTORS
330
4C3
102
}
330
1F
100
AcDbEntity
  8
0
100
AcDbLine
 10
230.9877887719476
 20
154.0854075282271
 30
0.0
 11
255.9877887119073
 21
154.0836748869665
 31
0.0
  0
LINE
  5
39A
102
{ACAD_REACTORS
330
4C2
102
}
330
1F
100
AcDbEntity
  8
0
100
AcDbLine
 10
255.9877887119073
 20
154.0836748869665
 30
0.0
 11
255.9895225690627
 21
179.1012187863198
 31
0.0
  0
LINE
  5
39B
102
{ACAD_REACTORS
330
4C1
102
}
330
1F
100
AcDbEntity
  8
0
100
AcDbLine
 10
255.9895225690627
 20
179.1012187863198
 30
0.0
 11
230.9895226291033
 21
179.1029514275805
 31
0.0
  0
LINE
  5
39C
102
{ACAD_REACTORS
330
4C0
102
}
330
1F
100
AcDbEntity
  8
0
100
AcDbLine
 10
230.9895226291033
 20
179.1029514275805
 30
0.0
 11
230.9912540544674
 21
204.0854074081638
 31
0.0
  0
LINE
  5
39D
102
{ACAD_REACTORS
330
4BF
102
}
330
1F
100
AcDbEntity
  8
0
100
AcDbLine
 10
230.9912540544674
 20
204.0854074081638
 30
0.0
 11
255.9912539944276
 21
204.0836747669032
 31
0.0
  0
LINE
  5
39E
102
{ACAD_REACTORS
330
4BE
102
}
330
1F
100
AcDbEntity
  8
0
100
AcDbLine
 10
255.9912539944276
 20
204.0836747669032
 30
0.0
 11
255.9947192769473
 21
254.0836746468031
 31
0.0
  0
LINE
  5
39F
102
{ACAD_REACTORS
330
4BD
102
}
330
1F
100
AcDbEntity
  8
0
100
AcDbLine
 10
255.9947192769473
 20
254.0836746468031
 30
0.0
 11
205.6539058196629
 21
254.0871635496311
 31
0.0
  0
LINE
  5
3A0
102
{ACAD_REACTORS
330
4BC
102
}
330
1F
100
AcDbEntity
  8
0
100
AcDbLine
 10
205.6539058196629
 20
254.0871635496311
 30
0.0
 11
205.6556384609225
 21
279.0871634895966
 31
0.0
  0
LINE
  5
3A1
102
{ACAD_REACTORS
330
4BB
102
}
330
1F
100
AcDbEntity
  8
0
100
AcDbLine
 10
205.6556384609225
 20
279.0871634895966
 30
0.0
 11
255.655638340841
 21
279.0836982070753
 31
0.0
  0
LINE
  5
3A2
102
{ACAD_REACTORS
330
4BA
102
}
330
1F
100
AcDbEntity
  8
0
100
AcDbLine
 10
255.655638340841
 20
279.0836982070753
 30
0.0
 11
255.6539056995809
 21
254.0836982671097
 31
0.0
  0
LINE
  5
3A3
102
{ACAD_REACTORS
330
4B9
102
}
330
1F
100
AcDbEntity
  8
0
100
AcDbLine
 10
255.6539056995809
 20
254.0836982671097
 30
0.0
 11
280.65390563954
 21
254.0819656258491
 31
0.0
  0
LINE
  5
3A4
102
{ACAD_REACTORS
330
4B8
102
}
330
1F
100
AcDbEntity
  8
0
100
AcDbLine
 10
280.65390563954
 20
254.0819656258491
 30
0.0
 11
280.6556382807999
 21
279.0819655658146
 31
0.0
  0
LINE
  5
3AA
102
{ACAD_REACTORS
330
4B7
102
}
330
1F
100
AcDbEntity
  8
0
100
AcDbLine
 10
105.6365796472264
 20
4.094094715087067
 30
0.0
 11
105.6417775710058
 21
79.09409453496152
 31
0.0
  0
LINE
  5
3AB
102
{ACAD_REACTORS
330
4B6
102
}
330
1F
100
AcDbEntity
  8
0
100
AcDbLine
 10
105.6417775710058
 20
79.09409453496152
 30
0.0
 11
130.641777510966
 21
79.09236189370085
 31
0.0
  0
LINE
  5
3AC
102
{ACAD_REACTORS
330
4B5
102
}
330
1F
100
AcDbEntity
  8
0
100
AcDbLine
 10
130.641777510966
 20
79.09236189370085
 30
0.0
 11
130.6365795871852
 21
4.092362073826393
 31
0.0
  0
LINE
  5
3AD
102
{ACAD_REACTORS
330
4B4
102
}
330
1F
100
AcDbEntity
  8
0
100
AcDbLine
 10
130.6365795871852
 20
4.092362073826393
 30
0.0
 11
105.6365796472264
 21
4.094094715087067
 31
0.0
  0
LINE
  5
3AF
102
{ACAD_REACTORS
330
4B3
102
}
330
1F
100
AcDbEntity
  8
0
100
AcDbLine
 10
205.6365794070639
 20
4.087164150044372
 30
0.0
 11
230.9773929243884
 21
4.085407888476993
 31
0.0
  0
LINE
  5
3B0
102
{ACAD_REACTORS
330
4B2
102
}
330
1F
100
AcDbEntity
  8
0
100
AcDbLine
 10
230.9773929243884
 20
4.085407888476993
 30
0.0
 11
230.9791255656482
 21
29.08540782843147
 31
0.0
  0
LINE
  5
3B1
102
{ACAD_REACTORS
330
4B1
102
}
330
1F
100
AcDbEntity
  8
0
100
AcDbLine
 10
230.9791255656482
 20
29.08540782843147
 30
0.0
 11
205.6383120483238
 21
29.08716408999885
 31
0.0
  0
LINE
  5
3B2
102
{ACAD_REACTORS
330
4B0
102
}
330
1F
100
AcDbEntity
  8
0
100
AcDbLine
 10
230.9791255656482
 20
29.08540782843147
 30
0.0
 11
230.9808582069081
 21
54.08540776839095
 31
0.0
  0
LINE
  5
3B3
102
{ACAD_REACTORS
330
4AF
102
}
330
1F
100
AcDbEntity
  8
0
100
AcDbLine
 10
230.9808582069081
 20
54.08540776839095
 30
0.0
 11
255.9808581468683
 21
54.08367512713027
 31
0.0
  0
LINE
  5
3B4
102
{ACAD_REACTORS
330
4AE
102
}
330
1F
100
AcDbEntity
  8
0
100
AcDbLine
 10
255.9808581468683
 20
54.08367512713027
 30
0.0
 11
255.9791255056079
 21
29.0836751871708
 31
0.0
  0
LINE
  5
3B5
102
{ACAD_REACTORS
330
4AD
102
}
330
1F
100
AcDbEntity
  8
0
100
AcDbLine
 10
255.9791255056079
 20
29.0836751871708
 30
0.0
 11
230.9791255656482
 21
29.08540782843147
 31
0.0
  0
LINE
  5
3B6
102
{ACAD_REACTORS
330
4AC
102
}
330
1F
100
AcDbEntity
  8
0
100
AcDbLine
 10
255.9791255056079
 20
29.0836751871708
 30
0.0
 11
255.9773928643485
 21
4.083675247216433
 31
0.0
  0
LINE
  5
3B7
102
{ACAD_REACTORS
330
4AB
102
}
330
1F
100
AcDbEntity
  8
0
100
AcDbLine
 10
255.9773928643485
 20
4.083675247216433
 30
0.0
 11
280.6365792269398
 21
4.081966226262466
 31
0.0
  0
LINE
  5
3B8
102
{ACAD_REACTORS
330
4AA
102
}
330
1F
100
AcDbEntity
  8
0
100
AcDbLine
 10
280.6365792269398
 20
4.081966226262466
 30
0.0
 11
280.6383118681995
 21
29.08196616621683
 31
0.0
  0
LINE
  5
3B9
102
{ACAD_REACTORS
330
4A9
102
}
330
1F
100
AcDbEntity
  8
0
100
AcDbLine
 10
280.6383118681995
 20
29.08196616621683
 30
0.0
 11
255.9791255056079
 21
29.0836751871708
 31
0.0
  0
LINE
  5
3BA
102
{ACAD_REACTORS
330
4A8
102
}
330
1F
100
AcDbEntity
  8
0
100
AcDbLine
 10
280.6383118681995
 20
29.08196616621683
 30
0.0
 11
305.6383118081603
 21
29.08023352495616
 31
0.0
  0
LINE
  5
3BB
102
{ACAD_REACTORS
330
4A7
102
}
330
1F
100
AcDbEntity
  8
0
100
AcDbLine
 10
305.6383118081603
 20
29.08023352495616
 30
0.0
 11
305.6400444494191
 21
54.08023346491575
 31
0.0
  0
LINE
  5
3BC
102
{ACAD_REACTORS
330
4A6
102
}
330
1F
100
AcDbEntity
  8
0
100
AcDbLine
 10
305.6400444494191
 20
54.08023346491575
 30
0.0
 11
280.6400445094596
 21
54.08196610617642
 31
0.0
  0
LINE
  5
3BD
102
{ACAD_REACTORS
330
4A5
102
}
330
1F
100
AcDbEntity
  8
0
100
AcDbLine
 10
280.6400445094596
 20
54.08196610617642
 30
0.0
 11
280.6383118681995
 21
29.08196616621683
 31
0.0
  0
LINE
  5
3BE
102
{ACAD_REACTORS
330
4A4
102
}
330
1F
100
AcDbEntity
  8
0
100
AcDbLine
 10
205.6365794070639
 20
4.087164150044372
 30
0.0
 11
205.6383120483238
 21
29.08716408999885
 31
0.0
  0
LINE
  5
3BF
102
{ACAD_REACTORS
330
4A3
102
}
330
1F
100
AcDbEntity
  8
0
100
AcDbLine
 10
360.638311676069
 20
29.07642171418274
 30
0.0
 11
385.6383116160282
 21
29.07468907292207
 31
0.0
  0
LINE
  5
3C0
102
{ACAD_REACTORS
330
4A2
102
}
330
1F
100
AcDbEntity
  8
0
100
AcDbLine
 10
385.6383116160282
 20
29.07468907292207
 30
0.0
 11
385.6400442572878
 21
54.07468901288154
 31
0.0
  0
LINE
  5
3C1
102
{ACAD_REACTORS
330
4A1
102
}
330
1F
100
AcDbEntity
  8
0
100
AcDbLine
 10
385.6400442572878
 20
54.07468901288154
 30
0.0
 11
360.6400443173291
 21
54.07642165414222
 31
0.0
  0
LINE
  5
3C2
102
{ACAD_REACTORS
330
4A0
102
}
330
1F
100
AcDbEntity
  8
0
100
AcDbLine
 10
360.6400443173291
 20
54.07642165414222
 30
0.0
 11
360.6435095998486
 21
104.0764215340598
 31
0.0
  0
LINE
  5
3C3
102
{ACAD_REACTORS
330
49F
102
}
330
1F
100
AcDbEntity
  8
0
100
AcDbLine
 10
360.6435095998486
 20
104.0764215340598
 30
0.0
 11
385.6435095398079
 21
104.0746888927991
 31
0.0
  0
LINE
  5
3C4
102
{ACAD_REACTORS
330
49E
102
}
330
1F
100
AcDbEntity
  8
0
100
AcDbLine
 10
385.6435095398079
 20
104.0746888927991
 30
0.0
 11
385.6452421810686
 21
129.0746888327625
 31
0.0
  0
LINE
  5
3C5
102
{ACAD_REACTORS
330
49D
102
}
330
1F
100
AcDbEntity
  8
0
100
AcDbLine
 10
385.6452421810686
 20
129.0746888327625
 30
0.0
 11
360.6452422411085
 21
129.0764214740231
 31
0.0
  0
LINE
  5
3C6
102
{ACAD_REACTORS
330
49C
102
}
330
1F
100
AcDbEntity
  8
0
100
AcDbLine
 10
360.6452422411085
 20
129.0764214740231
 30
0.0
 11
360.646974882369
 21
154.0764214139785
 31
0.0
  0
LINE
  5
3C7
102
{ACAD_REACTORS
330
49B
102
}
330
1F
100
AcDbEntity
  8
0
100
AcDbLine
 10
360.646974882369
 20
154.0764214139785
 30
0.0
 11
385.6469748223274
 21
154.0746887727177
 31
0.0
  0
LINE
  5
3C8
102
{ACAD_REACTORS
330
49A
102
}
330
1F
100
AcDbEntity
  8
0
100
AcDbLine
 10
385.6469748223274
 20
154.0746887727177
 30
0.0
 11
385.6452421810686
 21
129.0746888327625
 31
0.0
  0
LINE
  5
3C9
102
{ACAD_REACTORS
330
499
102
}
330
1F
100
AcDbEntity
  8
0
100
AcDbLine
 10
385.6452421810686
 20
129.0746888327625
 30
0.0
 11
410.986055698394
 21
129.0729325711951
 31
0.0
  0
LINE
  5
3CA
102
{ACAD_REACTORS
330
498
102
}
330
1F
100
AcDbEntity
  8
0
100
AcDbLine
 10
410.986055698394
 20
129.0729325711951
 30
0.0
 11
410.9912536221736
 21
204.0729323910869
 31
0.0
  0
LINE
  5
3CB
102
{ACAD_REACTORS
330
497
102
}
330
1F
100
AcDbEntity
  8
0
100
AcDbLine
 10
410.9912536221736
 20
204.0729323910869
 30
0.0
 11
385.9912536822148
 21
204.0746650323476
 31
0.0
  0
LINE
  5
3CD
102
{ACAD_REACTORS
330
495
102
}
330
1F
100
AcDbEntity
  8
0
100
AcDbLine
 10
385.0530981131996
 20
179.0922739512489
 30
0.0
 11
359.3708134135407
 21
179.0940538786988
 31
0.0
  0
LINE
  5
3CE
102
{ACAD_REACTORS
330
494
102
}
330
1F
100
AcDbEntity
  8
0
100
AcDbLine
 10
359.3708134135407
 20
179.0940538786988
 30
0.0
 11
359.3742774801649
 21
229.0765097992223
 31
0.0
  0
LINE
  5
3CF
102
{ACAD_REACTORS
330
493
102
}
330
1F
100
AcDbEntity
  8
0
100
AcDbLine
 10
359.3742774801649
 20
229.0765097992223
 30
0.0
 11
384.7150909974903
 21
229.0747535376549
 31
0.0
  0
LINE
  5
3D0
102
{ACAD_REACTORS
330
492
102
}
330
1F
100
AcDbEntity
  8
0
100
AcDbLine
 10
384.7150909974903
 20
229.0747535376549
 30
0.0
 11
384.7168236387501
 21
254.0747534776147
 31
0.0
  0
LINE
  5
3D1
102
{ACAD_REACTORS
330
491
102
}
330
1F
100
AcDbEntity
  8
0
100
AcDbLine
 10
384.7168236387501
 20
254.0747534776147
 30
0.0
 11
359.3760101214248
 21
254.076509739182
 31
0.0
  0
LINE
  5
3D2
102
{ACAD_REACTORS
330
490
102
}
330
1F
100
AcDbEntity
  8
0
100
AcDbLine
 10
359.3760101214248
 20
254.076509739182
 30
0.0
 11
359.3777427626849
 21
279.0765096791474
 31
0.0
  0
LINE
  5
3D3
102
{ACAD_REACTORS
330
48F
102
}
330
1F
100
AcDbEntity
  8
0
100
AcDbLine
 10
359.3777427626849
 20
279.0765096791474
 30
0.0
 11
434.3777425825626
 21
279.0713117553655
 31
0.0
  0
LINE
  5
3D4
102
{ACAD_REACTORS
330
48E
102
}
330
1F
100
AcDbEntity
  8
0
100
AcDbLine
 10
434.3777425825626
 20
279.0713117553655
 30
0.0
 11
434.3725446587829
 21
204.0713119354999
 31
0.0
  0
LINE
  5
3D6
102
{ACAD_REACTORS
330
48D
102
}
330
1F
100
AcDbEntity
  8
0
100
AcDbLine
 10
435.6365788546857
 20
4.071223850452156
 30
0.0
 11
435.641776778466
 21
79.07122367032082
 31
0.0
  0
LINE
  5
3D7
102
{ACAD_REACTORS
330
48C
102
}
330
1F
100
AcDbEntity
  8
0
100
AcDbLine
 10
435.641776778466
 20
79.07122367032082
 30
0.0
 11
460.6417767184252
 21
79.06949102906015
 31
0.0
  0
LINE
  5
3D8
102
{ACAD_REACTORS
330
48B
102
}
330
1F
100
AcDbEntity
  8
0
100
AcDbLine
 10
460.6417767184252
 20
79.06949102906015
 30
0.0
 11
460.636509488995
 21
3.069491211593572
 31
0.0
  0
LINE
  5
3D9
102
{ACAD_REACTORS
330
48A
102
}
330
1F
100
AcDbEntity
  8
0
100
AcDbLine
 10
460.636509488995
 20
3.069491211593572
 30
0.0
 11
435.6365095490359
 21
3.071223852854245
 31
0.0
  0
LINE
  5
3DA
102
{ACAD_REACTORS
330
489
102
}
330
1F
100
AcDbEntity
  8
0
100
AcDbLine
 10
434.3725446587829
 20
204.0713119354999
 30
0.0
 11
459.7133581761084
 21
204.0695556739325
 31
0.0
  0
LINE
  5
3DB
102
{ACAD_REACTORS
330
488
102
}
330
1F
100
AcDbEntity
  8
0
100
AcDbLine
 10
459.7133581761084
 20
204.0695556739325
 30
0.0
 11
459.7116267507439
 21
179.0870996933494
 31
0.0
  0
LINE
  5
3DC
102
{ACAD_REACTORS
330
487
102
}
330
1F
100
AcDbEntity
  8
0
100
AcDbLine
 10
459.7116267507439
 20
179.0870996933494
 30
0.0
 11
434.3708132334186
 21
179.0888559549167
 31
0.0
  0
LINE
  5
3DD
102
{ACAD_REACTORS
330
486
102
}
330
1F
100
AcDbEntity
  8
0
100
AcDbLine
 10
434.3708132334186
 20
179.0888559549167
 30
0.0
 11
434.3673467350022
 21
129.0713121156082
 31
0.0
  0
LINE
  5
3DE
102
{ACAD_REACTORS
330
485
102
}
330
1F
100
AcDbEntity
  8
0
100
AcDbLine
 10
434.3673467350022
 20
129.0713121156082
 30
0.0
 11
459.7081602523287
 21
129.0695558540407
 31
0.0
  0
LINE
  5
3DF
102
{ACAD_REACTORS
330
484
102
}
330
1F
100
AcDbEntity
  8
0
100
AcDbLine
 10
459.7081602523287
 20
129.0695558540407
 30
0.0
 11
459.7064276110679
 21
104.0695559140774
 31
0.0
  0
LINE
  5
3E0
102
{ACAD_REACTORS
330
483
102
}
330
1F
100
AcDbEntity
  8
0
100
AcDbLine
 10
459.7064276110679
 20
104.0695559140774
 30
0.0
 11
509.7064274909858
 21
104.0660906315561
 31
0.0
  0
LINE
  5
3E1
102
{ACAD_REACTORS
330
482
102
}
330
1F
100
AcDbEntity
  8
0
100
AcDbLine
 10
509.7064274909858
 20
104.0660906315561
 30
0.0
 11
509.7081601322456
 21
129.0660905715194
 31
0.0
  0
LINE
  5
3E2
102
{ACAD_REACTORS
330
481
102
}
330
1F
100
AcDbEntity
  8
0
100
AcDbLine
 10
509.7081601322456
 20
129.0660905715194
 30
0.0
 11
484.36734661492
 21
129.0678468330867
 31
0.0
  0
LINE
  5
3E3
102
{ACAD_REACTORS
330
480
102
}
330
1F
100
AcDbEntity
  8
0
100
AcDbLine
 10
484.36734661492
 20
129.0678468330867
 30
0.0
 11
484.3708131133353
 21
179.0853906723955
 31
0.0
  0
LINE
  5
3E4
102
{ACAD_REACTORS
330
47F
102
}
330
1F
100
AcDbEntity
  8
0
100
AcDbLine
 10
484.3708131133353
 20
179.0853906723955
 30
0.0
 11
509.7116266306609
 21
179.083634410828
 31
0.0
  0
LINE
  5
3E5
102
{ACAD_REACTORS
330
47E
102
}
330
1F
100
AcDbEntity
  8
0
100
AcDbLine
 10
509.7116266306609
 20
179.083634410828
 30
0.0
 11
509.7133580560258
 21
204.0660903914112
 31
0.0
  0
LINE
  5
3E6
102
{ACAD_REACTORS
330
47D
102
}
330
1F
100
AcDbEntity
  8
0
100
AcDbLine
 10
509.7133580560258
 20
204.0660903914112
 30
0.0
 11
484.3725445386996
 21
204.0678466529786
 31
0.0
  0
LINE
  5
3E7
102
{ACAD_REACTORS
330
47C
102
}
330
1F
100
AcDbEntity
  8
0
100
AcDbLine
 10
484.3725445386996
 20
204.0678466529786
 30
0.0
 11
484.3742771799602
 21
229.067846592919
 31
0.0
  0
LINE
  5
3E8
102
{ACAD_REACTORS
330
47B
102
}
330
1F
100
AcDbEntity
  8
0
100
AcDbLine
 10
484.3742771799602
 20
229.067846592919
 30
0.0
 11
534.3742770598787
 21
229.0643813104108
 31
0.0
  0
LINE
  5
3E9
102
{ACAD_REACTORS
330
47A
102
}
330
1F
100
AcDbEntity
  8
0
100
AcDbLine
 10
534.3742770598787
 20
229.0643813104108
 30
0.0
 11
534.3777423423984
 21
279.0643811903228
 31
0.0
  0
LINE
  5
3EA
102
{ACAD_REACTORS
330
479
102
}
330
1F
100
AcDbEntity
  8
0
100
AcDbLine
 10
534.3777423423984
 20
279.0643811903228
 30
0.0
 11
584.3777422223174
 21
279.0609159078087
 31
0.0
  0
LINE
  5
3EB
102
{ACAD_REACTORS
330
478
102
}
330
1F
100
AcDbEntity
  8
0
100
AcDbLine
 10
584.3777422223174
 20
279.0609159078087
 30
0.0
 11
584.3760095810562
 21
254.060915967836
 31
0.0
  0
LINE
  5
3EC
102
{ACAD_REACTORS
330
477
102
}
330
1F
100
AcDbEntity
  8
0
100
AcDbLine
 10
584.3760095810562
 20
254.060915967836
 30
0.0
 11
609.7168230983825
 21
254.0591597062686
 31
0.0
  0
LINE
  5
3EF
102
{ACAD_REACTORS
330
475
102
}
330
1F
100
AcDbEntity
  8
0
100
AcDbLine
 10
535.6365093088722
 20
3.064293287811665
 30
0.0
 11
535.6382419501321
 21
28.06429322777285
 31
0.0
  0
LINE
  5
3F0
102
{ACAD_REACTORS
330
474
102
}
330
1F
100
AcDbEntity
  8
0
100
AcDbLine
 10
535.6382419501321
 20
28.06429322777285
 30
0.0
 11
560.6382418900912
 21
28.06256058651297
 31
0.0
  0
LINE
  5
3F1
102
{ACAD_REACTORS
330
473
102
}
330
1F
100
AcDbEntity
  8
0
100
AcDbLine
 10
560.6382418900912
 20
28.06256058651297
 30
0.0
 11
560.6399745313511
 21
53.06256052647177
 31
0.0
  0
LINE
  5
3F2
102
{ACAD_REACTORS
330
472
102
}
330
1F
100
AcDbEntity
  8
0
100
AcDbLine
 10
560.6399745313511
 20
53.06256052647177
 30
0.0
 11
585.6399744713103
 21
53.06082788521109
 31
0.0
  0
LINE
  5
3F3
102
{ACAD_REACTORS
330
471
102
}
330
1F
100
AcDbEntity
  8
0
100
AcDbLine
 10
585.6399744713103
 20
53.06082788521109
 30
0.0
 11
585.6382418300504
 21
28.06082794525151
 31
0.0
  0
LINE
  5
3F4
102
{ACAD_REACTORS
330
470
102
}
330
1F
100
AcDbEntity
  8
0
100
AcDbLine
 10
585.6382418300504
 20
28.06082794525151
 30
0.0
 11
610.6382417700094
 21
28.05909530399095
 31
0.0
  0
LINE
  5
3F5
102
{ACAD_REACTORS
330
46F
102
}
330
1F
100
AcDbEntity
  8
0
100
AcDbLine
 10
610.6382417700094
 20
28.05909530399095
 30
0.0
 11
610.6399744112693
 21
53.05909524395042
 31
0.0
  0
LINE
  5
3F6
102
{ACAD_REACTORS
330
46E
102
}
330
1F
100
AcDbEntity
  8
0
100
AcDbLine
 10
610.6399744112693
 20
53.05909524395042
 30
0.0
 11
635.6399743512294
 21
53.05736260269191
 31
0.0
  0
LINE
  5
3F7
102
{ACAD_REACTORS
330
46D
102
}
330
1F
100
AcDbEntity
  8
0
100
AcDbLine
 10
635.6399743512294
 20
53.05736260269191
 30
0.0
 11
635.6382417099686
 21
28.05736266273027
 31
0.0
  0
LINE
  5
3F8
102
{ACAD_REACTORS
330
46C
102
}
330
1F
100
AcDbEntity
  8
0
100
AcDbLine
 10
635.6382417099686
 20
28.05736266273027
 30
0.0
 11
610.6382417700094
 21
28.05909530399095
 31
0.0
  0
LINE
  5
3F9
102
{ACAD_REACTORS
330
46B
102
}
330
1F
100
AcDbEntity
  8
0
100
AcDbLine
 10
610.6382417700094
 20
28.05909530399095
 30
0.0
 11
610.6365091287496
 21
3.059095364029758
 31
0.0
  0
LINE
  5
3FA
102
{ACAD_REACTORS
330
46A
102
}
330
1F
100
AcDbEntity
  8
0
100
AcDbLine
 10
610.6365091287496
 20
3.059095364029758
 30
0.0
 11
585.6365091887905
 21
3.060828005290318
 31
0.0
  0
LINE
  5
3FB
102
{ACAD_REACTORS
330
469
102
}
330
1F
100
AcDbEntity
  8
0
100
AcDbLine
 10
585.6365091887905
 20
3.060828005290318
 30
0.0
 11
585.6382418300504
 21
28.06082794525151
 31
0.0
  0
LINE
  5
3FC
102
{ACAD_REACTORS
330
468
102
}
330
1F
100
AcDbEntity
  8
0
100
AcDbLine
 10
585.6382418300504
 20
28.06082794525151
 30
0.0
 11
560.6382418900912
 21
28.06256058651297
 31
0.0
  0
LINE
  5
3FD
102
{ACAD_REACTORS
330
467
102
}
330
1F
100
AcDbEntity
  8
0
100
AcDbLine
 10
560.6382418900912
 20
28.06256058651297
 30
0.0
 11
560.6365092488313
 21
3.062560646550991
 31
0.0
  0
LINE
  5
3FE
102
{ACAD_REACTORS
330
466
102
}
330
1F
100
AcDbEntity
  8
0
100
AcDbLine
 10
560.6365092488313
 20
3.062560646550991
 30
0.0
 11
535.6365093088722
 21
3.064293287811665
 31
0.0
  0
LINE
  5
3FF
102
{ACAD_REACTORS
330
465
102
}
330
1F
100
AcDbEntity
  8
0
100
AcDbLine
 10
691.3205956432293
 20
29.05350356335282
 30
0.0
 11
715.9791244008547
 21
29.05179458799251
 31
0.0
  0
LINE
  5
400
102
{ACAD_REACTORS
330
464
102
}
330
1F
100
AcDbEntity
  8
0
100
AcDbLine
 10
715.9791244008547
 20
29.05179458799251
 30
0.0
 11
715.9808570421146
 21
54.05179452793413
 31
0.0
  0
LINE
  5
401
102
{ACAD_REACTORS
330
463
102
}
330
1F
100
AcDbEntity
  8
0
100
AcDbLine
 10
715.9808570421146
 20
54.05179452793413
 30
0.0
 11
691.322328284489
 21
54.05350350332901
 31
0.0
  0
LINE
  5
402
102
{ACAD_REACTORS
330
462
102
}
330
1F
100
AcDbEntity
  8
0
100
AcDbLine
 10
691.322328284489
 20
54.05350350332901
 30
0.0
 11
691.3257935670089
 21
104.0535033832299
 31
0.0
  0
LINE
  5
403
102
{ACAD_REACTORS
330
461
102
}
330
1F
100
AcDbEntity
  8
0
100
AcDbLine
 10
691.3257935670089
 20
104.0535033832299
 30
0.0
 11
715.9843223246348
 21
104.0517944078516
 31
0.0
  0
LINE
  5
404
102
{ACAD_REACTORS
330
460
102
}
330
1F
100
AcDbEntity
  8
0
100
AcDbLine
 10
715.9843223246348
 20
104.0517944078516
 30
0.0
 11
715.9825896833747
 21
79.05179446789464
 31
0.0
  0
LINE
  5
405
102
{ACAD_REACTORS
330
45F
102
}
330
1F
100
AcDbEntity
  8
0
100
AcDbLine
 10
715.9825896833747
 20
79.05179446789464
 30
0.0
 11
740.9825896233344
 21
79.05006182665068
 31
0.0
  0
LINE
  5
406
102
{ACAD_REACTORS
330
45E
102
}
330
1F
100
AcDbEntity
  8
0
100
AcDbLine
 10
740.9825896233344
 20
79.05006182665068
 30
0.0
 11
740.9843222645942
 21
104.050061766591
 31
0.0
  0
LINE
  5
407
102
{ACAD_REACTORS
330
45D
102
}
330
1F
100
AcDbEntity
  8
0
100
AcDbLine
 10
740.9843222645942
 20
104.050061766591
 30
0.0
 11
765.6435086271867
 21
104.0483527456563
 31
0.0
  0
LINE
  5
408
102
{ACAD_REACTORS
330
45C
102
}
330
1F
100
AcDbEntity
  8
0
100
AcDbLine
 10
765.6435086271867
 20
104.0483527456563
 30
0.0
 11
765.6469739097067
 21
154.0483526255557
 31
0.0
  0
LINE
  5
409
102
{ACAD_REACTORS
330
45B
102
}
330
1F
100
AcDbEntity
  8
0
100
AcDbLine
 10
765.6469739097067
 20
154.0483526255557
 30
0.0
 11
740.987787547114
 21
154.0500616465096
 31
0.0
  0
LINE
  5
40A
102
{ACAD_REACTORS
330
45A
102
}
330
1F
100
AcDbEntity
  8
0
100
AcDbLine
 10
740.987787547114
 20
154.0500616465096
 30
0.0
 11
740.9860549058542
 21
129.0500617065544
 31
0.0
  0
LINE
  5
40B
102
{ACAD_REACTORS
330
459
102
}
330
1F
100
AcDbEntity
  8
0
100
AcDbLine
 10
740.9860549058542
 20
129.0500617065544
 30
0.0
 11
715.9860549658945
 21
129.0517943478286
 31
0.0
  0
LINE
  5
40C
102
{ACAD_REACTORS
330
458
102
}
330
1F
100
AcDbEntity
  8
0
100
AcDbLine
 10
715.9860549658945
 20
129.0517943478286
 30
0.0
 11
715.9877876071544
 21
154.0517942877703
 31
0.0
  0
LINE
  5
40D
102
{ACAD_REACTORS
330
457
102
}
330
1F
100
AcDbEntity
  8
0
100
AcDbLine
 10
715.9877876071544
 20
154.0517942877703
 30
0.0
 11
691.3292588495285
 21
154.0535032631653
 31
0.0
  0
LINE
  5
40E
102
{ACAD_REACTORS
330
456
102
}
330
1F
100
AcDbEntity
  8
0
100
AcDbLine
 10
691.3292588495285
 20
154.0535032631653
 30
0.0
 11
691.3309927066848
 21
179.0710471625019
 31
0.0
  0
LINE
  5
40F
102
{ACAD_REACTORS
330
455
102
}
330
1F
100
AcDbEntity
  8
0
100
AcDbLine
 10
691.3309927066848
 20
179.0710471625019
 30
0.0
 11
715.9895214643097
 21
179.0693381871355
 31
0.0
  0
LINE
  5
410
102
{ACAD_REACTORS
330
454
102
}
330
1F
100
AcDbEntity
  8
0
100
AcDbLine
 10
715.9895214643097
 20
179.0693381871355
 30
0.0
 11
715.9912528896748
 21
204.0517941677068
 31
0.0
  0
LINE
  5
411
102
{ACAD_REACTORS
330
453
102
}
330
1F
100
AcDbEntity
  8
0
100
AcDbLine
 10
715.9912528896748
 20
204.0517941677068
 30
0.0
 11
740.9912528296338
 21
204.0500615264461
 31
0.0
  0
LINE
  5
412
102
{ACAD_REACTORS
330
452
102
}
330
1F
100
AcDbEntity
  8
0
100
AcDbLine
 10
740.9912528296338
 20
204.0500615264461
 30
0.0
 11
740.9929854708937
 21
229.0500614664052
 31
0.0
  0
LINE
  5
4FD
330
1F
100
AcDbEntity
  8
0
100
AcDbLine
 10
609.7168230983825
 20
254.0591597062832
 30
0.0
 11
609.7185557396423
 21
279.0591596462423
 31
0.0
  0
LINE
  5
4FE
330
1F
100
AcDbEntity
  8
0
100
AcDbLine
 10
385.0530981132001
 20
179.0922739512522
 30
0.0
 11
385.05483075446
 21
204.0922738912115
 31
0.0
  0
LINE
  5
4FF
330
1F
100
AcDbEntity
  8
0
100
AcDbLine
 10
740.9929854708937
 20
229.0500614664052
 30
0.0
 11
715.9929855309346
 21
229.0517941076652
 31
0.0
  0
LINE
  5
500
330
1F
100
AcDbEntity
  8
0
100
AcDbLine
 10
715.9929855309346
 20
229.0517941076652
 30
0.0
 11
715.9947181721947
 21
254.0517940476244
 31
0.0
  0
LINE
  5
501
330
1F
100
AcDbEntity
  8
0
100
AcDbLine
 10
715.9947181721947
 20
254.0517940476244
 30
0.0
 11
690.9947182322355
 21
254.0535266888845
 31
0.0
  0
LINE
  5
502
330
1F
100
AcDbEntity
  8
0
100
AcDbLine
 10
690.9947182322355
 20
254.0535266888845
 30
0.0
 11
690.9964508734956
 21
279.0535266288435
 31
0.0
  0
LINE
  5
503
330
1F
100
AcDbEntity
  8
0
100
AcDbLine
 10
690.9964508734956
 20
279.0535266288435
 30
0.0
 11
765.9964506933729
 21
279.0483287050634
 31
0.0
  0
LINE
  5
504
330
1F
100
AcDbEntity
  8
0
100
AcDbLine
 10
765.9964506933729
 20
279.0483287050634
 30
0.0
 11
765.9947180521128
 21
254.0483287651044
 31
0.0
  0
LINE
  5
505
330
1F
100
AcDbEntity
  8
0
100
AcDbLine
 10
765.9947180521128
 20
254.0483287651044
 30
0.0
 11
790.9947179920719
 21
254.0465961238445
 31
0.0
  0
LINE
  5
506
330
1F
100
AcDbEntity
  8
0
100
AcDbLine
 10
790.9947179920719
 20
254.0465961238445
 30
0.0
 11
790.9964506333319
 21
279.0465960638034
 31
0.0
  0
LINE
  5
507
330
1F
100
AcDbEntity
  8
0
100
AcDbLine
 10
790.9964506333319
 20
279.0465960638034
 30
0.0
 11
815.996450573291
 21
279.0448634225435
 31
0.0
  0
LINE
  5
508
330
1F
100
AcDbEntity
  8
0
100
AcDbLine
 10
815.996450573291
 20
279.0448634225435
 30
0.0
 11
815.994717932031
 21
254.0448634825844
 31
0.0
  0
LINE
  5
509
330
1F
100
AcDbEntity
  8
0
100
AcDbLine
 10
815.994717932031
 20
254.0448634825844
 30
0.0
 11
840.9947178719901
 21
254.0431308413245
 31
0.0
  0
LINE
  5
50A
330
1F
100
AcDbEntity
  8
0
100
AcDbLine
 10
840.9947178719901
 20
254.0431308413245
 30
0.0
 11
840.9912525894702
 21
204.0431309614062
 31
0.0
  0
LINE
  5
50B
330
1F
100
AcDbEntity
  8
0
100
AcDbLine
 10
840.9912525894702
 20
204.0431309614062
 30
0.0
 11
815.991252649511
 21
204.0448636026662
 31
0.0
  0
LINE
  5
50C
330
1F
100
AcDbEntity
  8
0
100
AcDbLine
 10
815.991252649511
 20
204.0448636026662
 30
0.0
 11
815.994717932031
 21
254.0448634825844
 31
0.0
  0
LINE
  5
50D
330
1F
100
AcDbEntity
  8
0
100
AcDbLine
 10
815.994717932031
 20
254.0448634825844
 30
0.0
 11
790.9947179920719
 21
254.0465961238445
 31
0.0
  0
LINE
  5
50E
330
1F
100
AcDbEntity
  8
0
100
AcDbLine
 10
790.9947179920719
 20
254.0465961238445
 30
0.0
 11
790.992985350812
 21
229.0465961838852
 31
0.0
  0
LINE
  5
50F
330
1F
100
AcDbEntity
  8
0
100
AcDbLine
 10
790.992985350812
 20
229.0465961838852
 30
0.0
 11
765.9929854108527
 21
229.0483288251452
 31
0.0
  0
LINE
  5
510
330
1F
100
AcDbEntity
  8
0
100
AcDbLine
 10
765.9929854108527
 20
229.0483288251452
 30
0.0
 11
765.9912527695929
 21
204.0483288851862
 31
0.0
  0
LINE
  5
511
330
1F
100
AcDbEntity
  8
0
100
AcDbLine
 10
765.9912527695929
 20
204.0483288851862
 30
0.0
 11
790.9912527095518
 21
204.0465962439262
 31
0.0
  0
LINE
  5
512
330
1F
100
AcDbEntity
  8
0
100
AcDbLine
 10
790.9912527095518
 20
204.0465962439262
 30
0.0
 11
790.9895200682919
 21
179.046596303967
 31
0.0
  0
LINE
  5
513
330
1F
100
AcDbEntity
  8
0
100
AcDbLine
 10
790.9895200682919
 20
179.046596303967
 30
0.0
 11
840.98951994821
 21
179.043131021447
 31
0.0
  0
LINE
  5
514
330
1F
100
AcDbEntity
  8
0
100
AcDbLine
 10
840.98951994821
 20
179.043131021447
 30
0.0
 11
840.98778730695
 21
154.043131081488
 31
0.0
  0
LINE
  5
515
330
1F
100
AcDbEntity
  8
0
100
AcDbLine
 10
840.98778730695
 20
154.043131081488
 30
0.0
 11
790.9877874270319
 21
154.0465963640077
 31
0.0
  0
LINE
  5
516
330
1F
100
AcDbEntity
  8
0
100
AcDbLine
 10
790.9877874270319
 20
154.0465963640077
 30
0.0
 11
790.9843221445119
 21
104.0465964840898
 31
0.0
  0
LINE
  5
517
330
1F
100
AcDbEntity
  8
0
100
AcDbLine
 10
790.9843221445119
 20
104.0465964840898
 30
0.0
 11
840.9843220244301
 21
104.0431312015697
 31
0.0
  0
LINE
  5
518
330
1F
100
AcDbEntity
  8
0
100
AcDbLine
 10
840.9843220244301
 20
104.0431312015697
 30
0.0
 11
840.9860546656901
 21
129.043131141529
 31
0.0
  0
LINE
  5
519
330
1F
100
AcDbEntity
  8
0
100
AcDbLine
 10
840.9860546656901
 20
129.043131141529
 30
0.0
 11
865.9860546056492
 21
129.0413985002687
 31
0.0
  0
LINE
  5
51A
330
1F
100
AcDbEntity
  8
0
100
AcDbLine
 10
865.9860546056492
 20
129.0413985002687
 30
0.0
 11
865.9843219643889
 21
104.0413985603096
 31
0.0
  0
LINE
  5
51B
330
1F
100
AcDbEntity
  8
0
100
AcDbLine
 10
865.9843219643889
 20
104.0413985603096
 30
0.0
 11
890.9843219043482
 21
104.0396659190497
 31
0.0
  0
LINE
  5
51C
330
1F
100
AcDbEntity
  8
0
100
AcDbLine
 10
890.9843219043482
 20
104.0396659190497
 30
0.0
 11
890.9825892630879
 21
79.03966597909061
 31
0.0
  0
LINE
  5
51D
330
1F
100
AcDbEntity
  8
0
100
AcDbLine
 10
890.9825892630879
 20
79.03966597909061
 30
0.0
 11
965.9825890829651
 21
79.03446805531075
 31
0.0
  0
LINE
  5
51E
330
1F
100
AcDbEntity
  8
0
100
AcDbLine
 10
965.9825890829651
 20
79.03446805531075
 30
0.0
 11
965.9843217242254
 21
104.0344679952696
 31
0.0
  0
LINE
  5
51F
330
1F
100
AcDbEntity
  8
0
100
AcDbLine
 10
965.9843217242254
 20
104.0344679952696
 30
0.0
 11
915.9843218443075
 21
104.0379332777896
 31
0.0
  0
LINE
  5
520
330
1F
100
AcDbEntity
  8
0
100
AcDbLine
 10
915.9843218443075
 20
104.0379332777896
 30
0.0
 11
915.9860544855673
 21
129.0379332177488
 31
0.0
  0
LINE
  5
521
330
1F
100
AcDbEntity
  8
0
100
AcDbLine
 10
915.9860544855673
 20
129.0379332177488
 30
0.0
 11
965.9860543654854
 21
129.0344679352288
 31
0.0
  0
LINE
  5
522
330
1F
100
AcDbEntity
  8
0
100
AcDbLine
 10
965.9860543654854
 20
129.0344679352288
 30
0.0
 11
965.9877870067457
 21
154.0344678751878
 31
0.0
  0
LINE
  5
523
330
1F
100
AcDbEntity
  8
0
100
AcDbLine
 10
965.9877870067457
 20
154.0344678751878
 30
0.0
 11
940.9877870667864
 21
154.0362005164477
 31
0.0
  0
LINE
  5
524
330
1F
100
AcDbEntity
  8
0
100
AcDbLine
 10
940.9877870667864
 20
154.0362005164477
 30
0.0
 11
940.9895197080464
 21
179.0362004564068
 31
0.0
  0
LINE
  5
525
330
1F
100
AcDbEntity
  8
0
100
AcDbLine
 10
940.9895197080464
 20
179.0362004564068
 30
0.0
 11
965.9895196480055
 21
179.034467815147
 31
0.0
  0
LINE
  5
526
330
1F
100
AcDbEntity
  8
0
100
AcDbLine
 10
965.9895196480055
 20
179.034467815147
 30
0.0
 11
965.9912522892655
 21
204.0344677551061
 31
0.0
  0
LINE
  5
527
330
1F
100
AcDbEntity
  8
0
100
AcDbLine
 10
965.9912522892655
 20
204.0344677551061
 30
0.0
 11
915.9912524093474
 21
204.037933037626
 31
0.0
  0
LINE
  5
528
330
1F
100
AcDbEntity
  8
0
100
AcDbLine
 10
915.9912524093474
 20
204.037933037626
 30
0.0
 11
915.9895197680871
 21
179.0379330976669
 31
0.0
  0
LINE
  5
529
330
1F
100
AcDbEntity
  8
0
100
AcDbLine
 10
915.9895197680871
 20
179.0379330976669
 30
0.0
 11
890.9895198281283
 21
179.039665738927
 31
0.0
  0
LINE
  5
52A
330
1F
100
AcDbEntity
  8
0
100
AcDbLine
 10
890.9895198281283
 20
179.039665738927
 30
0.0
 11
890.9912524693881
 21
204.0396656788862
 31
0.0
  0
LINE
  5
52B
330
1F
100
AcDbEntity
  8
0
100
AcDbLine
 10
890.9912524693881
 20
204.0396656788862
 30
0.0
 11
865.9912525294293
 21
204.0413983201461
 31
0.0
  0
LINE
  5
52C
330
1F
100
AcDbEntity
  8
0
100
AcDbLine
 10
865.9912525294293
 20
204.0413983201461
 30
0.0
 11
865.9964504532091
 21
279.0413981400235
 31
0.0
  0
LINE
  5
52D
330
1F
100
AcDbEntity
  8
0
100
AcDbLine
 10
865.9964504532091
 20
279.0413981400235
 30
0.0
 11
915.9964503331275
 21
279.0379328575032
 31
0.0
  0
LINE
  5
52E
330
1F
100
AcDbEntity
  8
0
100
AcDbLine
 10
915.9964503331275
 20
279.0379328575032
 30
0.0
 11
915.9947176918672
 21
254.0379329175441
 31
0.0
  0
LINE
  5
52F
330
1F
100
AcDbEntity
  8
0
100
AcDbLine
 10
915.9947176918672
 20
254.0379329175441
 30
0.0
 11
940.9947176318265
 21
254.0362002762841
 31
0.0
  0
LINE
  5
531
330
1F
100
AcDbEntity
  8
0
100
AcDbLine
 10
940.9947176318265
 20
254.0362002762841
 30
0.0
 11
940.9964502730863
 21
279.0362002162433
 31
0.0
  0
LINE
  5
533
330
1F
100
AcDbEntity
  8
0
100
AcDbLine
 10
766.3188628218465
 20
4.048305699630873
 30
0.0
 11
766.3240607456264
 21
79.04830551950817
 31
0.0
  0
LINE
  5
534
330
1F
100
AcDbEntity
  8
0
100
AcDbLine
 10
766.3240607456264
 20
79.04830551950817
 30
0.0
 11
791.3240606855854
 21
79.0465728782483
 31
0.0
  0
LINE
  5
535
330
1F
100
AcDbEntity
  8
0
100
AcDbLine
 10
791.3240606855854
 20
79.0465728782483
 30
0.0
 11
791.3188627618053
 21
4.046573058370995
 31
0.0
  0
LINE
  5
536
330
1F
100
AcDbEntity
  8
0
100
AcDbLine
 10
791.3188627618053
 20
4.046573058370995
 30
0.0
 11
766.3188628218465
 21
4.048305699630873
 31
0.0
  0
LINE
  5
538
330
1F
100
AcDbEntity
  8
0
100
AcDbLine
 10
866.3188625816829
 20
4.04137513459068
 30
0.0
 11
866.3205952229427
 21
29.04137507454993
 31
0.0
  0
LINE
  5
539
330
1F
100
AcDbEntity
  8
0
100
AcDbLine
 10
866.3205952229427
 20
29.04137507454993
 30
0.0
 11
891.3205951629015
 21
29.03964243328983
 31
0.0
  0
LINE
  5
53A
330
1F
100
AcDbEntity
  8
0
100
AcDbLine
 10
891.3205951629015
 20
29.03964243328983
 30
0.0
 11
891.3223278041618
 21
54.03964237324885
 31
0.0
  0
LINE
  5
53B
330
1F
100
AcDbEntity
  8
0
100
AcDbLine
 10
891.3223278041618
 20
54.03964237324885
 30
0.0
 11
916.3223277441206
 21
54.03790973198886
 31
0.0
  0
LINE
  5
53C
330
1F
100
AcDbEntity
  8
0
100
AcDbLine
 10
916.3223277441206
 20
54.03790973198886
 30
0.0
 11
916.3205951028608
 21
29.03790979202984
 31
0.0
  0
LINE
  5
53D
330
1F
100
AcDbEntity
  8
0
100
AcDbLine
 10
916.3205951028608
 20
29.03790979202984
 30
0.0
 11
941.3205950428201
 21
29.03617715076973
 31
0.0
  0
LINE
  5
53E
330
1F
100
AcDbEntity
  8
0
100
AcDbLine
 10
941.3205950428201
 20
29.03617715076973
 30
0.0
 11
941.3223276840799
 21
54.03617709072875
 31
0.0
  0
LINE
  5
53F
330
1F
100
AcDbEntity
  8
0
100
AcDbLine
 10
941.3223276840799
 20
54.03617709072875
 30
0.0
 11
966.3223276240392
 21
54.03444444946888
 31
0.0
  0
LINE
  5
540
330
1F
100
AcDbEntity
  8
0
100
AcDbLine
 10
966.3223276240392
 20
54.03444444946888
 30
0.0
 11
966.3205949827789
 21
29.03444450950985
 31
0.0
  0
LINE
  5
541
330
1F
100
AcDbEntity
  8
0
100
AcDbLine
 10
966.3205949827789
 20
29.03444450950985
 30
0.0
 11
941.3210414964996
 21
29.18386166599442
 31
0.0
  0
LINE
  5
542
330
1F
100
AcDbEntity
  8
0
100
AcDbLine
 10
941.3210414964996
 20
29.18386166599442
 30
0.0
 11
941.3193088552393
 21
4.183861726035274
 31
0.0
  0
LINE
  5
543
330
1F
100
AcDbEntity
  8
0
100
AcDbLine
 10
941.3193088552393
 20
4.183861726035274
 30
0.0
 11
916.3193089152805
 21
4.185594367295266
 31
0.0
  0
LINE
  5
544
330
1F
100
AcDbEntity
  8
0
100
AcDbLine
 10
916.3193089152805
 20
4.185594367295266
 30
0.0
 11
916.3210415565403
 21
29.18559430725441
 31
0.0
  0
LINE
  5
545
330
1F
100
AcDbEntity
  8
0
100
AcDbLine
 10
916.3210415565403
 20
29.18559430725441
 30
0.0
 11
891.3214675694272
 21
29.03964752637376
 31
0.0
  0
LINE
  5
546
330
1F
100
AcDbEntity
  8
0
100
AcDbLine
 10
891.3214675694272
 20
29.03964752637376
 30
0.0
 11
891.3197349281672
 21
4.039647586414616
 31
0.0
  0
LINE
  5
547
330
1F
100
AcDbEntity
  8
0
100
AcDbLine
 10
891.3197349281672
 20
4.039647586414616
 30
0.0
 11
866.3197349878513
 21
4.041375074307779
 31
0.0
  0
ENDSEC
  0
SECTION
  2
OBJECTS
  0
DICTIONARY
  5
C
330
0
100
AcDbDictionary
281
     1
  3
ACAD_ASSOCNETWORK
350
44F
  3
ACAD_CIP_PREVIOUS_PRODUCT_INFO
350
216
  3
ACAD_COLOR
350
6B
  3
ACAD_DETAILVIEWSTYLE
350
21B
  3
ACAD_GROUP
350
D
  3
ACAD_LAYOUT
350
1A
  3
ACAD_MATERIAL
350
6A
  3
ACAD_MLEADERSTYLE
350
12D
  3
ACAD_MLINESTYLE
350
17
  3
ACAD_PLOTSETTINGS
350
19
  3
ACAD_PLOTSTYLENAME
350
E
  3
ACAD_SCALELIST
350
10C
  3
ACAD_SECTIONVIEWSTYLE
350
219
  3
ACAD_TABLESTYLE
350
7E
  3
ACAD_VISUALSTYLE
350
EF
  3
ACDB_RECOMPOSE_DATA
350
567
  3
AcDbVariableDictionary
350
5E
  0
DICTIONARY
  5
1FF
330
2
100
AcDbDictionary
280
     1
281
     1
  3
ACAD_LAYERSTATES
360
200
  0
DICTIONARY
  5
13C
330
10
100
AcDbDictionary
280
     1
281
     1
  0
DICTIONARY
  5
1CE
330
1F
100
AcDbDictionary
280
     1
281
     1
  3
ACAD_ASSOCNETWORK
360
44D
  0
DICTIONARY
  5
44F
102
{ACAD_REACTORS
330
C
102
}
330
C
100
AcDbDictionary
281
     1
  3
ACAD_ASSOCNETWORK
350
450
  0
XRECORD
  5
216
102
{ACAD_REACTORS
330
C
102
}
330
C
100
AcDbXrecord
280
     1
300
ACD
300
2018
300
ACD_F_S
  0
DICTIONARY
  5
6B
102
{ACAD_REACTORS
330
C
102
}
330
C
100
AcDbDictionary
281
     1
  0
DICTIONARY
  5
21B
102
{ACAD_REACTORS
330
C
102
}
330
C
100
AcDbDictionary
281
     1
  3
Metric50
350
21C
  0
DICTIONARY
  5
D
102
{ACAD_REACTORS
330
C
102
}
330
C
100
AcDbDictionary
281
     1
  0
DICTIONARY
  5
1A
102
{ACAD_REACTORS
330
C
102
}
330
C
100
AcDbDictionary
281
     1
  3
Model
350
22
  3
布局1
350
D3
  3
布局2
350
D7
  0
DICTIONARY
  5
6A
102
{ACAD_REACTORS
330
C
102
}
330
C
100
AcDbDictionary
281
     1
  3
ByBlock
350
ED
  3
ByLayer
350
EC
  3
Global
350
EE
  0
DICTIONARY
  5
12D
102
{ACAD_REACTORS
330
C
102
}
330
C
100
AcDbDictionary
281
     1
  3
Annotative
350
13B
  3
Standard
350
12E
  0
DICTIONARY
  5
17
102
{ACAD_REACTORS
330
C
102
}
330
C
100
AcDbDictionary
281
     1
  3
Standard
350
18
  0
DICTIONARY
  5
19
102
{ACAD_REACTORS
330
C
102
}
330
C
100
AcDbDictionary
281
     1
  0
ACDBDICTIONARYWDFLT
  5
E
102
{ACAD_REACTORS
330
C
102
}
330
C
100
AcDbDictionary
281
     1
  3
Normal
350
F
100
AcDbDictionaryWithDefault
340
F
  0
DICTIONARY
  5
10C
102
{ACAD_REACTORS
330
C
102
}
330
C
100
AcDbDictionary
281
     1
  3
A0
350
10D
  3
A1
350
1BE
  3
A2
350
1BF
  3
A3
350
1C0
  3
A4
350
1C1
  3
A5
350
1C2
  3
A6
350
1C3
  3
A7
350
1C4
  3
A8
350
1C5
  3
A9
350
1C6
  3
B0
350
1C7
  3
B1
350
1C8
  3
B2
350
1C9
  3
B3
350
1CA
  3
B4
350
1CB
  3
B5
350
1CC
  3
B6
350
1CD
  0
DICTIONARY
  5
219
102
{ACAD_REACTORS
330
C
102
}
330
C
100
AcDbDictionary
281
     1
  3
Metric50
350
21A
  0
DICTIONARY
  5
7E
102
{ACAD_REACTORS
330
C
102
}
330
C
100
AcDbDictionary
281
     1
  3
Standard
350
7F
  0
DICTIONARY
  5
EF
102
{ACAD_REACTORS
330
C
102
}
330
C
100
AcDbDictionary
281
     1
  3
2dWireframe
350
F5
  3
Basic
350
F4
  3
Brighten
350
FB
  3
ColorChange
350
FF
  3
Conceptual
350
F8
  3
Dim
350
FA
  3
EdgeColorOff
350
1E6
  3
Facepattern
350
FE
  3
Flat
350
F0
  3
FlatWithEdges
350
F1
  3
Gouraud
350
F2
  3
GouraudWithEdges
350
F3
  3
Hidden
350
F7
  3
JitterOff
350
1E4
  3
Linepattern
350
FD
  3
OverhangOff
350
1E5
  3
Realistic
350
F9
  3
Shaded
350
1F3
  3
Shaded with edges
350
1F2
  3
Shades of Gray
350
1EF
  3
Sketchy
350
1F0
  3
Thicken
350
FC
  3
Wireframe
350
F6
  3
X-Ray
350
1F1
  0
XRECORD
  5
567
102
{ACAD_REACTORS
330
C
102
}
330
C
100
AcDbXrecord
280
     1
 90
        1
330
7F
330
451
  0
DICTIONARY
  5
5E
102
{ACAD_REACTORS
330
C
102
}
330
C
100
AcDbDictionary
281
     1
  3
CANNOSCALE
350
146
  3
CENTEREXE
350
259
  3
CENTERLTYPEFILE
350
25A
  3
CMLEADERSTYLE
350
145
  3
CTABLESTYLE
350
84
  3
CVIEWDETAILSTYLE
350
227
  3
CVIEWSECTIONSTYLE
350
228
  3
DIMASSOC
350
5F
  3
HIDETEXT
350
63
  3
LAYEREVAL
350
1AE
  3
LAYERNOTIFY
350
1AF
  0
DICTIONARY
  5
200
102
{ACAD_REACTORS
330
1FF
102
}
330
1FF
100
AcDbDictionary
281
     1
  0
DICTIONARY
  5
44D
102
{ACAD_REACTORS
330
1CE
102
}
330
1CE
100
AcDbDictionary
281
     1
  3
ACAD_ASSOCNETWORK
350
44E
  0
ACDBASSOCNETWORK
  5
450
102
{ACAD_REACTORS
330
44F
102
}
330
44F
100
AcDbAssocAction
 90
        2
 90
        0
330
0
360
0
 90
        0
 90
        0
 90
        0
 90
        0
 90
        0
 90
        0
 90
        0
100
AcDbAssocNetwork
 90
        0
 90
        1
 90
        1
330
44E
 90
        0
  0
ACDBDETAILVIEWSTYLE
  5
21C
102
{ACAD_REACTORS
330
21B
102
}
330
21B
100
AcDbModelDocViewStyle
 70
     0
  3
Metric50
290
     0
300
Metric50
 90
        0
100
AcDbDetailViewStyle
 70
     0
 71
     0
 90
        3
 71
     1
340
11
 62
   256
 40
5.0
340
0
 62
   256
 40
5.0
300

 40
0.0
280
     1
 71
     2
340
16
 90
       25
 62
   256
 71
     3
340
11
 62
   256
 40
5.0
 90
        0
 40
15.0
 90
        1
300
%<\AcVar ViewDetailId>% (%<\AcVar ViewScale \f "%sn">%)
 71
     4
340
16
 90
       25
 62
   256
340
16
 90
       25
 62
   256
280
     0
  0
LAYOUT
  5
22
102
{ACAD_XDICTIONARY
360
205
102
}
102
{ACAD_REACTORS
330
1A
102
}
330
1A
100
AcDbPlotSettings
  1

  2
none_device
  4
ISO_A4_(210.00_x_297.00_MM)
  6

 40
7.5
 41
20.0
 42
7.5
 43
20.0
 44
210.0
 45
297.0
 46
11.54999923706054
 47
-13.65000009536743
 48
0.0
 49
0.0
140
0.0
141
0.0
142
1.0
143
8.704084754739808
 70
 11952
 72
     1
 73
     0
 74
     0
  7

 75
     0
147
0.1148885871608098
 76
     0
 77
     2
 78
   300
148
0.0
149
0.0
100
AcDbLayout
  1
Model
 70
     1
 71
     0
 10
0.0
 20
0.0
 11
12.0
 21
9.0
 12
0.0
 22
0.0
 32
0.0
 14
0.0
 24
0.0
 34
0.0
 15
0.0
 25
0.0
 35
0.0
146
0.0
 13
0.0
 23
0.0
 33
0.0
 16
1.0
 26
0.0
 36
0.0
 17
0.0
 27
1.0
 37
0.0
 76
     0
330
1F
331
EA
1001
ACAD_PSEXT
1000
None
1000
None
1000
Not applicable
1000
The layout will not be plotted unless a new plotter configuration name is selected.
1070
     0
  0
LAYOUT
  5
D3
102
{ACAD_REACTORS
330
1A
102
}
330
1A
100
AcDbPlotSettings
  1

  2
C:\Documents and Settings\basas\Application Data\Autodesk\AutoCAD 2005\R16.1\enu\plotters\Default Windows System Printer.pc3
  4

  6

 40
0.0
 41
0.0
 42
0.0
 43
0.0
 44
0.0
 45
0.0
 46
0.0
 47
0.0
 48
0.0
 49
0.0
140
0.0
141
0.0
142
1.0
143
1.0
 70
   688
 72
     0
 73
     0
 74
     5
  7

 75
    16
147
1.0
 76
     0
 77
     2
 78
   300
148
0.0
149
0.0
100
AcDbLayout
  1
布局1
 70
     1
 71
     1
 10
0.0
 20
0.0
 11
12.0
 21
9.0
 12
0.0
 22
0.0
 32
0.0
 14
0.0
 24
0.0
 34
0.0
 15
0.0
 25
0.0
 35
0.0
146
0.0
 13
0.0
 23
0.0
 33
0.0
 16
1.0
 26
0.0
 36
0.0
 17
0.0
 27
1.0
 37
0.0
 76
     0
330
D2
  0
LAYOUT
  5
D7
102
{ACAD_REACTORS
330
1A
102
}
330
1A
100
AcDbPlotSettings
  1

  2
C:\Documents and Settings\basas\Application Data\Autodesk\AutoCAD 2005\R16.1\enu\plotters\Default Windows System Printer.pc3
  4

  6

 40
0.0
 41
0.0
 42
0.0
 43
0.0
 44
0.0
 45
0.0
 46
0.0
 47
0.0
 48
0.0
 49
0.0
140
0.0
141
0.0
142
1.0
143
1.0
 70
   688
 72
     0
 73
     0
 74
     5
  7

 75
    16
147
1.0
 76
     0
 77
     2
 78
   300
148
0.0
149
0.0
100
AcDbLayout
  1
布局2
 70
     1
 71
     2
 10
0.0
 20
0.0
 11
12.0
 21
9.0
 12
0.0
 22
0.0
 32
0.0
 14
0.0
 24
0.0
 34
0.0
 15
0.0
 25
0.0
 35
0.0
146
0.0
 13
0.0
 23
0.0
 33
0.0
 16
1.0
 26
0.0
 36
0.0
 17
0.0
 27
1.0
 37
0.0
 76
     0
330
D6
  0
MATERIAL
  5
ED
102
{ACAD_XDICTIONARY
360
1F9
102
}
102
{ACAD_REACTORS
330
6A
102
}
330
6A
100
AcDbMaterial
  1
ByBlock
 94
       63
  0
MATERIAL
  5
EC
102
{ACAD_XDICTIONARY
360
1F7
102
}
102
{ACAD_REACTORS
330
6A
102
}
330
6A
100
AcDbMaterial
  1
ByLayer
 94
       63
  0
MATERIAL
  5
EE
102
{ACAD_XDICTIONARY
360
173
102
}
102
{ACAD_REACTORS
330
6A
102
}
330
6A
100
AcDbMaterial
  1
Global
 43
0.0007999999797903
 43
0.0
 43
0.0
 43
0.0
 43
0.0
 43
0.0007999999797903
 43
0.0
 43
0.0
 43
0.0
 43
0.0
 43
1.0
 43
0.0
 43
0.0
 43
0.0
 43
0.0
 43
1.0
 49
0.0007999999797903
 49
0.0
 49
0.0
 49
0.0
 49
0.0
 49
0.0007999999797903
 49
0.0
 49
0.0
 49
0.0
 49
0.0
 49
1.0
 49
0.0
 49
0.0
 49
0.0
 49
0.0
 49
1.0
142
0.0007999999797903
142
0.0
142
0.0
142
0.0
142
0.0
142
0.0007999999797903
142
0.0
142
0.0
142
0.0
142
0.0
142
1.0
142
0.0
142
0.0
142
0.0
142
0.0
142
1.0
144
0.0007999999797903
144
0.0
144
0.0
144
0.0
144
0.0
144
0.0007999999797903
144
0.0
144
0.0
144
0.0
144
0.0
144
1.0
144
0.0
144
0.0
144
0.0
144
0.0
144
1.0
 94
       63
1001
ACAD
1070
    -1
1070
     3
1070
     0
1000

1071
        0
1070
     0
  0
MLEADERSTYLE
  5
13B
102
{ACAD_REACTORS
330
12D
102
}
330
12D
100
AcDbMLeaderStyle
179
     2
170
     2
171
     1
172
     0
 90
        2
 40
0.0
 41
0.0
173
     1
 91
-1056964608
340
14
 92
       -2
290
     1
 42
2.0
291
     1
 43
8.0
  3
Standard
 44
4.0
300

342
11
174
     1
178
     1
175
     1
176
     0
 93
-1056964608
 45
4.0
292
     0
297
     0
 46
4.0
 94
-1056964608
 47
1.0
 49
1.0
140
1.0
293
     1
141
0.0
294
     1
177
     0
142
1.0
295
     0
296
     1
143
3.75
271
     0
272
     9
273
     9
298
     0
  0
MLEADERSTYLE
  5
12E
102
{ACAD_REACTORS
330
12D
102
}
330
12D
100
AcDbMLeaderStyle
179
     2
170
     2
171
     1
172
     0
 90
        2
 40
0.0
 41
0.0
173
     1
 91
-1056964608
340
14
 92
       -2
290
     1
 42
2.0
291
     1
 43
8.0
  3
Standard
 44
4.0
300

342
11
174
     1
178
     1
175
     1
176
     0
 93
-1056964608
 45
4.0
292
     0
297
     0
 46
4.0
 94
-1056964608
 47
1.0
 49
1.0
140
1.0
293
     1
141
0.0
294
     1
177
     0
142
1.0
295
     0
296
     0
143
3.75
271
     0
272
     9
273
     9
298
     0
  0
MLINESTYLE
  5
18
102
{ACAD_REACTORS
330
17
102
}
330
17
100
AcDbMlineStyle
  2
STANDARD
 70
     0
  3

 62
   256
 51
90.0
 52
90.0
 71
     2
 49
0.5
 62
   256
  6
BYLAYER
 49
-0.5
 62
   256
  6
BYLAYER
  0
ACDBPLACEHOLDER
  5
F
102
{ACAD_REACTORS
330
E
102
}
330
E
  0
SCALE
  5
10D
102
{ACAD_REACTORS
330
10C
102
}
330
10C
100
AcDbScale
 70
     0
300
1:1
140
1.0
141
1.0
290
     1
  0
SCALE
  5
1BE
102
{ACAD_REACTORS
330
10C
102
}
330
10C
100
AcDbScale
 70
     0
300
1:2
140
1.0
141
2.0
290
     0
  0
SCALE
  5
1BF
102
{ACAD_REACTORS
330
10C
102
}
330
10C
100
AcDbScale
 70
     0
300
1:4
140
1.0
141
4.0
290
     0
  0
SCALE
  5
1C0
102
{ACAD_REACTORS
330
10C
102
}
330
10C
100
AcDbScale
 70
     0
300
1:5
140
1.0
141
5.0
290
     0
  0
SCALE
  5
1C1
102
{ACAD_REACTORS
330
10C
102
}
330
10C
100
AcDbScale
 70
     0
300
1:8
140
1.0
141
8.0
290
     0
  0
SCALE
  5
1C2
102
{ACAD_REACTORS
330
10C
102
}
330
10C
100
AcDbScale
 70
     0
300
1:10
140
1.0
141
10.0
290
     0
  0
SCALE
  5
1C3
102
{ACAD_REACTORS
330
10C
102
}
330
10C
100
AcDbScale
 70
     0
300
1:16
140
1.0
141
16.0
290
     0
  0
SCALE
  5
1C4
102
{ACAD_REACTORS
330
10C
102
}
330
10C
100
AcDbScale
 70
     0
300
1:20
140
1.0
141
20.0
290
     0
  0
SCALE
  5
1C5
102
{ACAD_REACTORS
330
10C
102
}
330
10C
100
AcDbScale
 70
     0
300
1:30
140
1.0
141
30.0
290
     0
  0
SCALE
  5
1C6
102
{ACAD_REACTORS
330
10C
102
}
330
10C
100
AcDbScale
 70
     0
300
1:40
140
1.0
141
40.0
290
     0
  0
SCALE
  5
1C7
102
{ACAD_REACTORS
330
10C
102
}
330
10C
100
AcDbScale
 70
     0
300
1:50
140
1.0
141
50.0
290
     0
  0
SCALE
  5
1C8
102
{ACAD_REACTORS
330
10C
102
}
330
10C
100
AcDbScale
 70
     0
300
1:100
140
1.0
141
100.0
290
     0
  0
SCALE
  5
1C9
102
{ACAD_REACTORS
330
10C
102
}
330
10C
100
AcDbScale
 70
     0
300
2:1
140
2.0
141
1.0
290
     0
  0
SCALE
  5
1CA
102
{ACAD_REACTORS
330
10C
102
}
330
10C
100
AcDbScale
 70
     0
300
4:1
140
4.0
141
1.0
290
     0
  0
SCALE
  5
1CB
102
{ACAD_REACTORS
330
10C
102
}
330
10C
100
AcDbScale
 70
     0
300
8:1
140
8.0
141
1.0
290
     0
  0
SCALE
  5
1CC
102
{ACAD_REACTORS
330
10C
102
}
330
10C
100
AcDbScale
 70
     0
300
10:1
140
10.0
141
1.0
290
     0
  0
SCALE
  5
1CD
102
{ACAD_REACTORS
330
10C
102
}
330
10C
100
AcDbScale
 70
     0
300
100:1
140
100.0
141
1.0
290
     0
  0
ACDBSECTIONVIEWSTYLE
  5
21A
102
{ACAD_REACTORS
330
219
102
}
330
219
100
AcDbModelDocViewStyle
 70
     0
  3
Metric50
290
     0
300
Metric50
 90
        0
100
AcDbSectionViewStyle
 70
     0
 71
     0
 90
      102
 71
     1
340
11
 62
   256
 40
5.0
340
0
340
0
 62
   256
 40
5.0
300
I, O, Q, S, X, Z
 40
10.0
 90
        0
 40
2.5
 90
        0
 71
     2
340
16
 90
       25
 62
   256
340
16
 90
       50
 62
   256
 40
5.0
 40
2.5
 40
5.0
 71
     3
340
11
 62
   256
 40
5.0
 90
        0
 40
15.0
 90
        1
300
%<\AcVar ViewSectionStartId>%-%<\AcVar ViewSectionEndId>% (%<\AcVar ViewScale \f "%sn">%)
 71
     4
 62
   256
 62
   257
300
ANSI31
 40
1.0
 90
        0
290
     0
290
     0
 90
        6
 40
0.0
 40
1.570796326794896
 40
0.2617993877991494
 40
1.308996938995747
 40
-0.2617993877991494
 40
1.832595714594046
  0
TABLESTYLE
  5
7F
102
{ACAD_XDICTIONARY
360
162
102
}
102
{ACAD_REACTORS
330
7E
102
}
330
7E
100
AcDbTableStyle
280
     0
  3
Standard
 70
     0
 71
     0
 40
1.5
 41
1.5
280
     0
281
     0
  7
Standard
140
4.5
170
     2
 62
     0
 63
     7
283
     0
 90
      512
 91
        0
  1

274
    -2
284
     1
 64
     0
275
    -2
285
     1
 65
     0
276
    -2
286
     1
 66
     0
277
    -2
287
     1
 67
     0
278
    -2
288
     1
 68
     0
279
    -2
289
     1
 69
     0
  7
Standard
140
6.0
170
     5
 62
     0
 63
     7
283
     0
 90
      512
 91
        0
  1

274
    -2
284
     1
 64
     0
275
    -2
285
     1
 65
     0
276
    -2
286
     1
 66
     0
277
    -2
287
     1
 67
     0
278
    -2
288
     1
 68
     0
279
    -2
289
     1
 69
     0
  7
Standard
140
4.5
170
     5
 62
     0
 63
     7
283
     0
 90
      512
 91
        0
  1

274
    -2
284
     1
 64
     0
275
    -2
285
     1
 65
     0
276
    -2
286
     1
 66
     0
277
    -2
287
     1
 67
     0
278
    -2
288
     1
 68
     0
279
    -2
289
     1
 69
     0
  0
VISUALSTYLE
  5
F5
102
{ACAD_REACTORS
330
EF
102
}
330
EF
100
AcDbVisualStyle
  2
2dWireframe
 70
     4
177
     3
291
     0
 70
    58
 90
        0
176
     1
 90
        2
176
     1
 90
        1
176
     1
 90
        0
176
     1
 40
0.6
176
     1
 40
30.0
176
     1
 62
     7
420
 16777215
176
     1
 90
        1
176
     1
 90
        4
176
     1
 62
     7
176
     1
 62
   257
176
     1
 90
        1
176
     1
 90
        1
176
     1
 40
1.0
176
     1
 90
        0
176
     1
 62
   257
176
     1
 40
1.0
176
     1
 90
        1
176
     1
 90
        6
176
     1
 90
        2
176
     1
 62
     7
176
     1
 90
        5
176
     1
 90
        0
176
     1
 90
        0
176
     1
290
     0
176
     1
 90
        1
176
     1
 40
0.0
176
     1
 90
        0
176
     1
290
     1
176
     1
290
     1
176
     1
290
     0
176
     1
290
     0
176
     1
290
     0
176
     1
290
     0
176
     1
290
     0
176
     1
290
     0
176
     1
290
     0
176
     1
 90
       50
176
     1
 40
0.0
176
     1
 40
1.0
176
     1
 90
        0
176
     1
 62
    18
420
        0
176
     1
 90
       50
176
     1
 90
        3
176
     1
 62
     5
420
      255
176
     1
290
     0
176
     1
 90
       50
176
     1
 90
       50
176
     1
 90
       50
176
     1
290
     0
176
     1
 90
       50
176
     1
 62
   256
176
     0
 40
1.0
176
     0
 90
        2
176
     1
  1
strokes_ogs.tif
176
     1
290
     0
176
     1
 40
1.0
176
     1
 40
1.0
176
     1
  0
VISUALSTYLE
  5
F4
102
{ACAD_REACTORS
330
EF
102
}
330
EF
100
AcDbVisualStyle
  2
Basic
 70
     7
177
     3
291
     1
 70
    58
 90
        1
176
     1
 90
        0
176
     1
 90
        1
176
     1
 90
        0
176
     1
 40
0.6
176
     1
 40
30.0
176
     1
 62
     7
420
 16777215
176
     1
 90
        0
176
     1
 90
        4
176
     1
 62
     7
176
     1
 62
   257
176
     1
 90
        1
176
     1
 90
        1
176
     1
 40
1.0
176
     1
 90
        8
176
     1
 62
     7
176
     1
 40
1.0
176
     1
 90
        1
176
     1
 90
        6
176
     1
 90
        2
176
     1
 62
     7
176
     1
 90
        5
176
     1
 90
        0
176
     1
 90
        0
176
     1
290
     0
176
     1
 90
        1
176
     1
 40
0.0
176
     1
 90
        0
176
     1
290
     0
176
     1
290
     1
176
     1
290
     1
176
     1
290
     0
176
     1
290
     0
176
     1
290
     0
176
     1
290
     0
176
     1
290
     0
176
     1
290
     0
176
     1
 90
       50
176
     1
 40
0.0
176
     1
 40
1.0
176
     1
 90
        0
176
     1
 62
    18
420
        0
176
     1
 90
       50
176
     1
 90
        3
176
     1
 62
     5
420
      255
176
     1
290
     0
176
     1
 90
       50
176
     1
 90
       50
176
     1
 90
       50
176
     1
290
     0
176
     1
 90
       50
176
     1
 62
   256
176
     0
 40
1.0
176
     0
 90
        2
176
     1
  1
strokes_ogs.tif
176
     1
290
     0
176
     1
 40
1.0
176
     1
 40
1.0
176
     1
  0
VISUALSTYLE
  5
FB
102
{ACAD_REACTORS
330
EF
102
}
330
EF
100
AcDbVisualStyle
  2
Brighten
 70
    12
177
     3
291
     1
 70
    58
 90
        2
176
     1
 90
        2
176
     1
 90
        1
176
     1
 90
        0
176
     1
 40
0.6
176
     1
 40
30.0
176
     1
 62
     7
420
 16777215
176
     1
 90
        1
176
     1
 90
        4
176
     1
 62
     7
176
     1
 62
   257
176
     1
 90
        1
176
     1
 90
        1
176
     1
 40
1.0
176
     1
 90
        8
176
     1
 62
     7
176
     1
 40
1.0
176
     1
 90
        1
176
     1
 90
        6
176
     1
 90
        2
176
     1
 62
     7
176
     1
 90
        5
176
     1
 90
        0
176
     1
 90
        0
176
     1
290
     0
176
     1
 90
        1
176
     1
 40
50.0
176
     1
 90
        0
176
     1
290
     0
176
     1
290
     1
176
     1
290
     1
176
     1
290
     0
176
     1
290
     0
176
     1
290
     0
176
     1
290
     0
176
     1
290
     0
176
     1
290
     0
176
     1
 90
       50
176
     1
 40
0.0
176
     1
 40
1.0
176
     1
 90
        0
176
     1
 62
    18
420
        0
176
     1
 90
       50
176
     1
 90
        3
176
     1
 62
     5
420
      255
176
     1
290
     0
176
     1
 90
       50
176
     1
 90
       50
176
     1
 90
       50
176
     1
290
     0
176
     1
 90
       50
176
     1
 62
   256
176
     0
 40
1.0
176
     0
 90
        2
176
     1
  1
strokes_ogs.tif
176
     1
290
     0
176
     1
 40
1.0
176
     1
 40
1.0
176
     1
  0
VISUALSTYLE
  5
FF
102
{ACAD_REACTORS
330
EF
102
}
330
EF
100
AcDbVisualStyle
  2
ColorChange
 70
    16
177
     3
291
     1
 70
    58
 90
        2
176
     1
 90
        2
176
     1
 90
        3
176
     1
 90
        0
176
     1
 40
0.6
176
     1
 40
30.0
176
     1
 62
     8
420
  8421504
176
     1
 90
        1
176
     1
 90
        4
176
     1
 62
     7
176
     1
 62
   257
176
     1
 90
        1
176
     1
 90
        1
176
     1
 40
1.0
176
     1
 90
        8
176
     1
 62
     8
420
  8421504
176
     1
 40
1.0
176
     1
 90
        1
176
     1
 90
        6
176
     1
 90
        2
176
     1
 62
     7
176
     1
 90
        5
176
     1
 90
        0
176
     1
 90
        0
176
     1
290
     0
176
     1
 90
        1
176
     1
 40
0.0
176
     1
 90
        0
176
     1
290
     0
176
     1
290
     1
176
     1
290
     1
176
     1
290
     0
176
     1
290
     0
176
     1
290
     0
176
     1
290
     0
176
     1
290
     0
176
     1
290
     0
176
     1
 90
       50
176
     1
 40
0.0
176
     1
 40
1.0
176
     1
 90
        0
176
     1
 62
    18
420
        0
176
     1
 90
       50
176
     1
 90
        3
176
     1
 62
     5
420
      255
176
     1
290
     0
176
     1
 90
       50
176
     1
 90
       50
176
     1
 90
       50
176
     1
290
     0
176
     1
 90
       50
176
     1
 62
   256
176
     0
 40
1.0
176
     0
 90
        2
176
     1
  1
strokes_ogs.tif
176
     1
290
     0
176
     1
 40
1.0
176
     1
 40
1.0
176
     1
  0
VISUALSTYLE
  5
F8
102
{ACAD_REACTORS
330
EF
102
}
330
EF
100
AcDbVisualStyle
  2
Conceptual
 70
     9
177
     3
291
     0
 70
    58
 90
        3
176
     1
 90
        2
176
     1
 90
        1
176
     1
 90
        0
176
     1
 40
0.6
176
     1
 40
30.0
176
     1
 62
     7
420
 16777215
176
     1
 90
        2
176
     1
 90
        2
176
     1
 62
     7
176
     1
 62
   257
176
     1
 90
        1
176
     1
 90
        1
176
     1
 40
40.0
176
     1
 90
        8
176
     1
 62
     7
176
     1
 40
1.0
176
     1
 90
        1
176
     1
 90
        6
176
     1
 90
        2
176
     1
 62
     7
176
     1
 90
        3
176
     1
 90
        0
176
     1
 90
        0
176
     1
290
     0
176
     1
 90
        1
176
     1
 40
0.0
176
     1
 90
        0
176
     1
290
     0
176
     1
290
     1
176
     1
290
     1
176
     1
290
     0
176
     1
290
     0
176
     1
290
     0
176
     1
290
     0
176
     1
290
     0
176
     1
290
     0
176
     1
 90
       50
176
     1
 40
0.0
176
     1
 40
1.0
176
     1
 90
        0
176
     1
 62
    18
420
        0
176
     1
 90
       50
176
     1
 90
        3
176
     1
 62
     5
420
      255
176
     1
290
     0
176
     1
 90
       50
176
     1
 90
       50
176
     1
 90
       50
176
     1
290
     0
176
     1
 90
       50
176
     1
 62
   256
176
     0
 40
1.0
176
     0
 90
        2
176
     1
  1
strokes_ogs.tif
176
     1
290
     0
176
     1
 40
1.0
176
     1
 40
1.0
176
     1
  0
VISUALSTYLE
  5
FA
102
{ACAD_REACTORS
330
EF
102
}
330
EF
100
AcDbVisualStyle
  2
Dim
 70
    11
177
     3
291
     1
 70
    58
 90
        2
176
     1
 90
        2
176
     1
 90
        1
176
     1
 90
        0
176
     1
 40
0.6
176
     1
 40
30.0
176
     1
 62
     7
420
 16777215
176
     1
 90
        1
176
     1
 90
        4
176
     1
 62
     7
176
     1
 62
   257
176
     1
 90
        1
176
     1
 90
        1
176
     1
 40
1.0
176
     1
 90
        8
176
     1
 62
     7
176
     1
 40
1.0
176
     1
 90
        1
176
     1
 90
        6
176
     1
 90
        2
176
     1
 62
     7
176
     1
 90
        5
176
     1
 90
        0
176
     1
 90
        0
176
     1
290
     0
176
     1
 90
        1
176
     1
 40
-50.0
176
     1
 90
        0
176
     1
290
     0
176
     1
290
     1
176
     1
290
     1
176
     1
290
     0
176
     1
290
     0
176
     1
290
     0
176
     1
290
     0
176
     1
290
     0
176
     1
290
     0
176
     1
 90
       50
176
     1
 40
0.0
176
     1
 40
1.0
176
     1
 90
        0
176
     1
 62
    18
420
        0
176
     1
 90
       50
176
     1
 90
        3
176
     1
 62
     5
420
      255
176
     1
290
     0
176
     1
 90
       50
176
     1
 90
       50
176
     1
 90
       50
176
     1
290
     0
176
     1
 90
       50
176
     1
 62
   256
176
     0
 40
1.0
176
     0
 90
        2
176
     1
  1
strokes_ogs.tif
176
     1
290
     0
176
     1
 40
1.0
176
     1
 40
1.0
176
     1
  0
VISUALSTYLE
  5
1E6
102
{ACAD_REACTORS
330
EF
102
}
330
EF
100
AcDbVisualStyle
  2
EdgeColorOff
 70
    22
177
     3
291
     1
 70
    58
 90
        2
176
     0
 90
        2
176
     0
 90
        0
176
     0
 90
        0
176
     0
 40
0.6
176
     0
 40
30.0
176
     0
 62
     7
420
 16777215
176
     0
 90
        1
176
     0
 90
        4
176
     0
 62
     7
176
     0
 62
   257
176
     0
 90
        1
176
     0
 90
        1
176
     0
 40
1.0
176
     0
 90
        8
176
     2
 62
     7
176
     0
 40
1.0
176
     0
 90
        1
176
     0
 90
        6
176
     0
 90
        2
176
     0
 62
     7
176
     0
 90
        5
176
     0
 90
        0
176
     0
 90
        0
176
     0
290
     0
176
     0
 90
        1
176
     0
 40
0.0
176
     0
 90
        0
176
     0
290
     0
176
     1
290
     1
176
     1
290
     1
176
     1
290
     0
176
     1
290
     0
176
     1
290
     0
176
     1
290
     0
176
     1
290
     0
176
     1
290
     0
176
     1
 90
       50
176
     1
 40
0.0
176
     1
 40
1.0
176
     1
 90
        0
176
     1
 62
    18
420
        0
176
     1
 90
       50
176
     1
 90
        3
176
     1
 62
     5
420
      255
176
     1
290
     0
176
     1
 90
       50
176
     1
 90
       50
176
     1
 90
       50
176
     1
290
     0
176
     1
 90
       50
176
     1
 62
   256
176
     0
 40
1.0
176
     0
 90
        2
176
     1
  1
strokes_ogs.tif
176
     1
290
     0
176
     1
 40
1.0
176
     1
 40
1.0
176
     1
  0
VISUALSTYLE
  5
FE
102
{ACAD_REACTORS
330
EF
102
}
330
EF
100
AcDbVisualStyle
  2
Facepattern
 70
    15
177
     3
291
     1
 70
    58
 90
        2
176
     1
 90
        2
176
     1
 90
        1
176
     1
 90
        0
176
     1
 40
0.6
176
     1
 40
30.0
176
     1
 62
     7
420
 16777215
176
     1
 90
        1
176
     1
 90
        4
176
     1
 62
     7
176
     1
 62
   257
176
     1
 90
        1
176
     1
 90
        1
176
     1
 40
1.0
176
     1
 90
        8
176
     1
 62
     7
176
     1
 40
1.0
176
     1
 90
        1
176
     1
 90
        6
176
     1
 90
        2
176
     1
 62
     7
176
     1
 90
        5
176
     1
 90
        0
176
     1
 90
        0
176
     1
290
     0
176
     1
 90
        1
176
     1
 40
0.0
176
     1
 90
        0
176
     1
290
     0
176
     1
290
     1
176
     1
290
     1
176
     1
290
     0
176
     1
290
     0
176
     1
290
     0
176
     1
290
     0
176
     1
290
     0
176
     1
290
     0
176
     1
 90
       50
176
     1
 40
0.0
176
     1
 40
1.0
176
     1
 90
        0
176
     1
 62
    18
420
        0
176
     1
 90
       50
176
     1
 90
        3
176
     1
 62
     5
420
      255
176
     1
290
     0
176
     1
 90
       50
176
     1
 90
       50
176
     1
 90
       50
176
     1
290
     0
176
     1
 90
       50
176
     1
 62
   256
176
     0
 40
1.0
176
     0
 90
        2
176
     1
  1
strokes_ogs.tif
176
     1
290
     0
176
     1
 40
1.0
176
     1
 40
1.0
176
     1
  0
VISUALSTYLE
  5
F0
102
{ACAD_REACTORS
330
EF
102
}
330
EF
100
AcDbVisualStyle
  2
Flat
 70
     0
177
     3
291
     1
 70
    58
 90
        2
176
     1
 90
        1
176
     1
 90
        1
176
     1
 90
        2
176
     1
 40
0.6
176
     1
 40
30.0
176
     1
 62
     7
420
 16777215
176
     1
 90
        0
176
     1
 90
        0
176
     1
 62
     7
176
     1
 62
   257
176
     1
 90
        1
176
     1
 90
        1
176
     1
 40
1.0
176
     1
 90
        8
176
     1
 62
     7
176
     1
 40
1.0
176
     1
 90
        1
176
     1
 90
        6
176
     1
 90
        2
176
     1
 62
     7
176
     1
 90
        5
176
     1
 90
        0
176
     1
 90
        0
176
     1
290
     0
176
     1
 90
       13
176
     1
 40
0.0
176
     1
 90
        0
176
     1
290
     0
176
     1
290
     1
176
     1
290
     1
176
     1
290
     0
176
     1
290
     0
176
     1
290
     0
176
     1
290
     0
176
     1
290
     0
176
     1
290
     0
176
     1
 90
       50
176
     1
 40
0.0
176
     1
 40
1.0
176
     1
 90
        0
176
     1
 62
    18
420
        0
176
     1
 90
       50
176
     1
 90
        3
176
     1
 62
     5
420
      255
176
     1
290
     0
176
     1
 90
       50
176
     1
 90
       50
176
     1
 90
       50
176
     1
290
     0
176
     1
 90
       50
176
     1
 62
   256
176
     0
 40
1.0
176
     0
 90
        2
176
     1
  1
strokes_ogs.tif
176
     1
290
     0
176
     1
 40
1.0
176
     1
 40
1.0
176
     1
  0
VISUALSTYLE
  5
F1
102
{ACAD_REACTORS
330
EF
102
}
330
EF
100
AcDbVisualStyle
  2
FlatWithEdges
 70
     1
177
     3
291
     1
 70
    58
 90
        2
176
     1
 90
        1
176
     1
 90
        1
176
     1
 90
        2
176
     1
 40
0.6
176
     1
 40
30.0
176
     1
 62
     7
420
 16777215
176
     1
 90
        1
176
     1
 90
        0
176
     1
 62
     7
176
     1
 62
   257
176
     1
 90
        1
176
     1
 90
        1
176
     1
 40
1.0
176
     1
 90
        0
176
     1
 62
   257
176
     1
 40
1.0
176
     1
 90
        1
176
     1
 90
        6
176
     1
 90
        2
176
     1
 62
     7
176
     1
 90
        5
176
     1
 90
        0
176
     1
 90
        0
176
     1
290
     0
176
     1
 90
       13
176
     1
 40
0.0
176
     1
 90
        0
176
     1
290
     0
176
     1
290
     1
176
     1
290
     1
176
     1
290
     0
176
     1
290
     0
176
     1
290
     0
176
     1
290
     0
176
     1
290
     0
176
     1
290
     0
176
     1
 90
       50
176
     1
 40
0.0
176
     1
 40
1.0
176
     1
 90
        0
176
     1
 62
    18
420
        0
176
     1
 90
       50
176
     1
 90
        3
176
     1
 62
     5
420
      255
176
     1
290
     0
176
     1
 90
       50
176
     1
 90
       50
176
     1
 90
       50
176
     1
290
     0
176
     1
 90
       50
176
     1
 62
   256
176
     0
 40
1.0
176
     0
 90
        2
176
     1
  1
strokes_ogs.tif
176
     1
290
     0
176
     1
 40
1.0
176
     1
 40
1.0
176
     1
  0
VISUALSTYLE
  5
F2
102
{ACAD_REACTORS
330
EF
102
}
330
EF
100
AcDbVisualStyle
  2
Gouraud
 70
     2
177
     3
291
     1
 70
    58
 90
        2
176
     1
 90
        2
176
     1
 90
        1
176
     1
 90
        2
176
     1
 40
0.6
176
     1
 40
30.0
176
     1
 62
     7
420
 16777215
176
     1
 90
        0
176
     1
 90
        0
176
     1
 62
     7
176
     1
 62
   257
176
     1
 90
        1
176
     1
 90
        1
176
     1
 40
1.0
176
     1
 90
        0
176
     1
 62
     7
176
     1
 40
1.0
176
     1
 90
        1
176
     1
 90
        6
176
     1
 90
        2
176
     1
 62
     7
176
     1
 90
        5
176
     1
 90
        0
176
     1
 90
        0
176
     1
290
     0
176
     1
 90
       13
176
     1
 40
0.0
176
     1
 90
        0
176
     1
290
     0
176
     1
290
     1
176
     1
290
     1
176
     1
290
     0
176
     1
290
     0
176
     1
290
     0
176
     1
290
     0
176
     1
290
     0
176
     1
290
     0
176
     1
 90
       50
176
     1
 40
0.0
176
     1
 40
1.0
176
     1
 90
        0
176
     1
 62
    18
420
        0
176
     1
 90
       50
176
     1
 90
        3
176
     1
 62
     5
420
      255
176
     1
290
     0
176
     1
 90
       50
176
     1
 90
       50
176
     1
 90
       50
176
     1
290
     0
176
     1
 90
       50
176
     1
 62
   256
176
     0
 40
1.0
176
     0
 90
        2
176
     1
  1
strokes_ogs.tif
176
     1
290
     0
176
     1
 40
1.0
176
     1
 40
1.0
176
     1
  0
VISUALSTYLE
  5
F3
102
{ACAD_REACTORS
330
EF
102
}
330
EF
100
AcDbVisualStyle
  2
GouraudWithEdges
 70
     3
177
     3
291
     1
 70
    58
 90
        2
176
     1
 90
        2
176
     1
 90
        1
176
     1
 90
        2
176
     1
 40
0.6
176
     1
 40
30.0
176
     1
 62
     7
420
 16777215
176
     1
 90
        1
176
     1
 90
        0
176
     1
 62
     7
176
     1
 62
   257
176
     1
 90
        1
176
     1
 90
        1
176
     1
 40
1.0
176
     1
 90
        0
176
     1
 62
   257
176
     1
 40
1.0
176
     1
 90
        1
176
     1
 90
        6
176
     1
 90
        2
176
     1
 62
     7
176
     1
 90
        5
176
     1
 90
        0
176
     1
 90
        0
176
     1
290
     0
176
     1
 90
       13
176
     1
 40
0.0
176
     1
 90
        0
176
     1
290
     0
176
     1
290
     1
176
     1
290
     1
176
     1
290
     0
176
     1
290
     0
176
     1
290
     0
176
     1
290
     0
176
     1
290
     0
176
     1
290
     0
176
     1
 90
       50
176
     1
 40
0.0
176
     1
 40
1.0
176
     1
 90
        0
176
     1
 62
    18
420
        0
176
     1
 90
       50
176
     1
 90
        3
176
     1
 62
     5
420
      255
176
     1
290
     0
176
     1
 90
       50
176
     1
 90
       50
176
     1
 90
       50
176
     1
290
     0
176
     1
 90
       50
176
     1
 62
   256
176
     0
 40
1.0
176
     0
 90
        2
176
     1
  1
strokes_ogs.tif
176
     1
290
     0
176
     1
 40
1.0
176
     1
 40
1.0
176
     1
  0
VISUALSTYLE
  5
F7
102
{ACAD_REACTORS
330
EF
102
}
330
EF
100
AcDbVisualStyle
  2
Hidden
 70
     6
177
     3
291
     0
 70
    58
 90
        1
176
     1
 90
        2
176
     1
 90
        2
176
     1
 90
        0
176
     1
 40
0.6
176
     1
 40
30.0
176
     1
 62
     7
420
 16777215
176
     1
 90
        2
176
     1
 90
        2
176
     1
 62
     7
176
     1
 62
   257
176
     1
 90
        2
176
     1
 90
        1
176
     1
 40
40.0
176
     1
 90
        0
176
     1
 62
   257
176
     1
 40
1.0
176
     1
 90
        1
176
     1
 90
        6
176
     1
 90
        2
176
     1
 62
     7
176
     1
 90
        3
176
     1
 90
        0
176
     1
 90
        0
176
     1
290
     0
176
     1
 90
        1
176
     1
 40
0.0
176
     1
 90
        0
176
     1
290
     0
176
     1
290
     1
176
     1
290
     1
176
     1
290
     0
176
     1
290
     0
176
     1
290
     0
176
     1
290
     0
176
     1
290
     0
176
     1
290
     0
176
     1
 90
       50
176
     1
 40
0.0
176
     1
 40
1.0
176
     1
 90
        0
176
     1
 62
    18
420
        0
176
     1
 90
       50
176
     1
 90
        3
176
     1
 62
     5
420
      255
176
     1
290
     0
176
     1
 90
       50
176
     1
 90
       50
176
     1
 90
       50
176
     1
290
     0
176
     1
 90
       50
176
     1
 62
   256
176
     0
 40
1.0
176
     0
 90
        2
176
     1
  1
strokes_ogs.tif
176
     1
290
     0
176
     1
 40
1.0
176
     1
 40
1.0
176
     1
  0
VISUALSTYLE
  5
1E4
102
{ACAD_REACTORS
330
EF
102
}
330
EF
100
AcDbVisualStyle
  2
JitterOff
 70
    20
177
     3
291
     1
 70
    58
 90
        2
176
     0
 90
        2
176
     0
 90
        0
176
     0
 90
        0
176
     0
 40
0.6
176
     0
 40
30.0
176
     0
 62
     7
420
 16777215
176
     0
 90
        1
176
     0
 90
        4
176
     0
 62
     7
176
     0
 62
   257
176
     0
 90
        1
176
     0
 90
        1
176
     0
 40
1.0
176
     0
 90
       10
176
     2
 62
     7
176
     0
 40
1.0
176
     0
 90
        1
176
     0
 90
        6
176
     0
 90
        2
176
     0
 62
     7
176
     0
 90
        5
176
     0
 90
        0
176
     0
 90
        0
176
     0
290
     0
176
     0
 90
        1
176
     0
 40
0.0
176
     0
 90
        0
176
     0
290
     0
176
     1
290
     1
176
     1
290
     1
176
     1
290
     0
176
     1
290
     0
176
     1
290
     0
176
     1
290
     0
176
     1
290
     0
176
     1
290
     0
176
     1
 90
       50
176
     1
 40
0.0
176
     1
 40
1.0
176
     1
 90
        0
176
     1
 62
    18
420
        0
176
     1
 90
       50
176
     1
 90
        3
176
     1
 62
     5
420
      255
176
     1
290
     0
176
     1
 90
       50
176
     1
 90
       50
176
     1
 90
       50
176
     1
290
     0
176
     1
 90
       50
176
     1
 62
   256
176
     0
 40
1.0
176
     0
 90
        2
176
     1
  1
strokes_ogs.tif
176
     1
290
     0
176
     1
 40
1.0
176
     1
 40
1.0
176
     1
  0
VISUALSTYLE
  5
FD
102
{ACAD_REACTORS
330
EF
102
}
330
EF
100
AcDbVisualStyle
  2
Linepattern
 70
    14
177
     3
291
     1
 70
    58
 90
        2
176
     1
 90
        2
176
     1
 90
        1
176
     1
 90
        0
176
     1
 40
0.6
176
     1
 40
30.0
176
     1
 62
     7
420
 16777215
176
     1
 90
        1
176
     1
 90
        4
176
     1
 62
     7
176
     1
 62
   257
176
     1
 90
        7
176
     1
 90
        7
176
     1
 40
1.0
176
     1
 90
        8
176
     1
 62
     7
176
     1
 40
1.0
176
     1
 90
        1
176
     1
 90
        6
176
     1
 90
        2
176
     1
 62
     7
176
     1
 90
        5
176
     1
 90
        0
176
     1
 90
        0
176
     1
290
     0
176
     1
 90
        1
176
     1
 40
0.0
176
     1
 90
        0
176
     1
290
     0
176
     1
290
     1
176
     1
290
     1
176
     1
290
     0
176
     1
290
     0
176
     1
290
     0
176
     1
290
     0
176
     1
290
     0
176
     1
290
     0
176
     1
 90
       50
176
     1
 40
0.0
176
     1
 40
1.0
176
     1
 90
        0
176
     1
 62
    18
420
        0
176
     1
 90
       50
176
     1
 90
        3
176
     1
 62
     5
420
      255
176
     1
290
     0
176
     1
 90
       50
176
     1
 90
       50
176
     1
 90
       50
176
     1
290
     0
176
     1
 90
       50
176
     1
 62
   256
176
     0
 40
1.0
176
     0
 90
        2
176
     1
  1
strokes_ogs.tif
176
     1
290
     0
176
     1
 40
1.0
176
     1
 40
1.0
176
     1
  0
VISUALSTYLE
  5
1E5
102
{ACAD_REACTORS
330
EF
102
}
330
EF
100
AcDbVisualStyle
  2
OverhangOff
 70
    21
177
     3
291
     1
 70
    58
 90
        2
176
     0
 90
        2
176
     0
 90
        0
176
     0
 90
        0
176
     0
 40
0.6
176
     0
 40
30.0
176
     0
 62
     7
420
 16777215
176
     0
 90
        1
176
     0
 90
        4
176
     0
 62
     7
176
     0
 62
   257
176
     0
 90
        1
176
     0
 90
        1
176
     0
 40
1.0
176
     0
 90
        9
176
     2
 62
     7
176
     0
 40
1.0
176
     0
 90
        1
176
     0
 90
        6
176
     0
 90
        2
176
     0
 62
     7
176
     0
 90
        5
176
     0
 90
        0
176
     0
 90
        0
176
     0
290
     0
176
     0
 90
        1
176
     0
 40
0.0
176
     0
 90
        0
176
     0
290
     0
176
     1
290
     1
176
     1
290
     1
176
     1
290
     0
176
     1
290
     0
176
     1
290
     0
176
     1
290
     0
176
     1
290
     0
176
     1
290
     0
176
     1
 90
       50
176
     1
 40
0.0
176
     1
 40
1.0
176
     1
 90
        0
176
     1
 62
    18
420
        0
176
     1
 90
       50
176
     1
 90
        3
176
     1
 62
     5
420
      255
176
     1
290
     0
176
     1
 90
       50
176
     1
 90
       50
176
     1
 90
       50
176
     1
290
     0
176
     1
 90
       50
176
     1
 62
   256
176
     0
 40
1.0
176
     0
 90
        2
176
     1
  1
strokes_ogs.tif
176
     1
290
     0
176
     1
 40
1.0
176
     1
 40
1.0
176
     1
  0
VISUALSTYLE
  5
F9
102
{ACAD_REACTORS
330
EF
102
}
330
EF
100
AcDbVisualStyle
  2
Realistic
 70
     8
177
     3
291
     0
 70
    58
 90
        2
176
     1
 90
        3
176
     1
 90
        0
176
     1
 90
        2
176
     1
 40
0.6
176
     1
 40
30.0
176
     1
 62
     7
420
 16777215
176
     1
 90
        0
176
     1
 90
        0
176
     1
 62
     7
176
     1
 62
   257
176
     1
 90
        1
176
     1
 90
        1
176
     1
 40
1.0
176
     1
 90
        8
176
     1
 62
   257
176
     1
 40
1.0
176
     1
 90
        1
176
     1
 90
        6
176
     1
 90
        2
176
     1
 62
     7
176
     1
 90
        3
176
     1
 90
        0
176
     1
 90
        0
176
     1
290
     0
176
     1
 90
       13
176
     1
 40
0.0
176
     1
 90
        0
176
     1
290
     0
176
     1
290
     1
176
     1
290
     1
176
     1
290
     0
176
     1
290
     0
176
     1
290
     0
176
     1
290
     0
176
     1
290
     0
176
     1
290
     0
176
     1
 90
       50
176
     1
 40
0.0
176
     1
 40
1.0
176
     1
 90
        0
176
     1
 62
    18
420
        0
176
     1
 90
       50
176
     1
 90
        3
176
     1
 62
     5
420
      255
176
     1
290
     0
176
     1
 90
       50
176
     1
 90
       50
176
     1
 90
       50
176
     1
290
     0
176
     1
 90
       50
176
     1
 62
   256
176
     0
 40
1.0
176
     0
 90
        2
176
     1
  1
strokes_ogs.tif
176
     1
290
     0
176
     1
 40
1.0
176
     1
 40
1.0
176
     1
  0
VISUALSTYLE
  5
1F3
102
{ACAD_REACTORS
330
EF
102
}
330
EF
100
AcDbVisualStyle
  2
Shaded
 70
    27
177
     3
291
     0
 70
    58
 90
        2
176
     1
 90
        2
176
     1
 90
        1
176
     1
 90
        2
176
     1
 40
0.6
176
     1
 40
30.0
176
     1
 62
     7
420
 16777215
176
     1
 90
        0
176
     1
 90
        4
176
     1
 62
     7
176
     1
 62
   257
176
     1
 90
        1
176
     1
 90
        1
176
     1
 40
1.0
176
     1
 90
        8
176
     1
 62
   257
176
     1
 40
1.0
176
     1
 90
        1
176
     1
 90
        6
176
     1
 90
        2
176
     1
 62
     8
420
  7895160
176
     1
 90
        3
176
     1
 90
        0
176
     1
 90
        0
176
     1
290
     0
176
     1
 90
        5
176
     1
 40
0.0
176
     1
 90
        0
176
     1
290
     0
176
     1
290
     1
176
     1
290
     1
176
     1
290
     0
176
     1
290
     0
176
     1
290
     0
176
     1
290
     0
176
     1
290
     0
176
     1
290
     0
176
     1
 90
       50
176
     1
 40
0.0
176
     1
 40
1.0
176
     1
 90
        0
176
     1
 62
    18
420
        0
176
     1
 90
       50
176
     1
 90
        3
176
     1
 62
     5
420
      255
176
     1
290
     0
176
     1
 90
       50
176
     1
 90
       50
176
     1
 90
       50
176
     1
290
     0
176
     1
 90
       50
176
     1
 62
   256
176
     0
 40
1.0
176
     0
 90
        2
176
     1
  1
strokes_ogs.tif
176
     1
290
     0
176
     1
 40
1.0
176
     1
 40
1.0
176
     1
  0
VISUALSTYLE
  5
1F2
102
{ACAD_REACTORS
330
EF
102
}
330
EF
100
AcDbVisualStyle
  2
Shaded with edges
 70
    26
177
     3
291
     0
 70
    58
 90
        2
176
     1
 90
        2
176
     1
 90
        1
176
     1
 90
        2
176
     1
 40
0.6
176
     1
 40
30.0
176
     1
 62
     7
420
 16777215
176
     1
 90
        1
176
     1
 90
        2
176
     1
 62
     7
176
     1
 62
   257
176
     1
 90
        2
176
     1
 90
        1
176
     1
 40
1.0
176
     1
 90
        8
176
     1
 62
   257
176
     1
 40
1.0
176
     1
 90
        1
176
     1
 90
        6
176
     1
 90
        2
176
     1
 62
     7
176
     1
 90
        3
176
     1
 90
        0
176
     1
 90
        0
176
     1
290
     0
176
     1
 90
        5
176
     1
 40
0.0
176
     1
 90
        0
176
     1
290
     0
176
     1
290
     1
176
     1
290
     1
176
     1
290
     0
176
     1
290
     0
176
     1
290
     0
176
     1
290
     0
176
     1
290
     0
176
     1
290
     0
176
     1
 90
       50
176
     1
 40
0.0
176
     1
 40
1.0
176
     1
 90
        0
176
     1
 62
    18
420
        0
176
     1
 90
       50
176
     1
 90
        3
176
     1
 62
     5
420
      255
176
     1
290
     0
176
     1
 90
       50
176
     1
 90
       50
176
     1
 90
       50
176
     1
290
     0
176
     1
 90
       50
176
     1
 62
   256
176
     0
 40
1.0
176
     0
 90
        2
176
     1
  1
strokes_ogs.tif
176
     1
290
     0
176
     1
 40
1.0
176
     1
 40
1.0
176
     1
  0
VISUALSTYLE
  5
1EF
102
{ACAD_REACTORS
330
EF
102
}
330
EF
100
AcDbVisualStyle
  2
Shades of Gray
 70
    23
177
     3
291
     0
 70
    58
 90
        2
176
     1
 90
        2
176
     1
 90
        3
176
     1
 90
        0
176
     1
 40
0.6
176
     1
 40
30.0
176
     1
 62
     7
420
 16777215
176
     1
 90
        2
176
     1
 90
        2
176
     1
 62
     7
176
     1
 62
     7
176
     1
 90
        1
176
     1
 90
        1
176
     1
 40
40.0
176
     1
 90
        8
176
     1
 62
     7
176
     1
 40
1.0
176
     1
 90
        1
176
     1
 90
        6
176
     1
 90
        2
176
     1
 62
     7
176
     1
 90
        3
176
     1
 90
        0
176
     1
 90
        0
176
     1
290
     0
176
     1
 90
        1
176
     1
 40
0.0
176
     1
 90
        0
176
     1
290
     0
176
     1
290
     1
176
     1
290
     1
176
     1
290
     0
176
     1
290
     0
176
     1
290
     0
176
     1
290
     0
176
     1
290
     0
176
     1
290
     0
176
     1
 90
       50
176
     1
 40
0.0
176
     1
 40
1.0
176
     1
 90
        0
176
     1
 62
    18
420
        0
176
     1
 90
       50
176
     1
 90
        3
176
     1
 62
     5
420
      255
176
     1
290
     0
176
     1
 90
       50
176
     1
 90
       50
176
     1
 90
       50
176
     1
290
     0
176
     1
 90
       50
176
     1
 62
   256
176
     0
 40
1.0
176
     0
 90
        2
176
     1
  1
strokes_ogs.tif
176
     1
290
     0
176
     1
 40
1.0
176
     1
 40
1.0
176
     1
  0
VISUALSTYLE
  5
1F0
102
{ACAD_REACTORS
330
EF
102
}
330
EF
100
AcDbVisualStyle
  2
Sketchy
 70
    24
177
     3
291
     0
 70
    58
 90
        1
176
     1
 90
        2
176
     1
 90
        2
176
     1
 90
        0
176
     1
 40
0.6
176
     1
 40
30.0
176
     1
 62
     7
420
 16777215
176
     1
 90
        2
176
     1
 90
        2
176
     1
 62
     7
176
     1
 62
     7
176
     1
 90
        1
176
     1
 90
        1
176
     1
 40
40.0
176
     1
 90
       11
176
     1
 62
     7
176
     1
 40
1.0
176
     1
 90
        1
176
     1
 90
        6
176
     1
 90
        2
176
     1
 62
     7
176
     1
 90
        6
176
     1
 90
        0
176
     1
 90
        0
176
     1
290
     0
176
     1
 90
        1
176
     1
 40
0.0
176
     1
 90
        0
176
     1
290
     0
176
     1
290
     1
176
     1
290
     1
176
     1
290
     0
176
     1
290
     0
176
     1
290
     0
176
     1
290
     0
176
     1
290
     0
176
     1
290
     0
176
     1
 90
       50
176
     1
 40
0.0
176
     1
 40
1.0
176
     1
 90
        0
176
     1
 62
    18
420
        0
176
     1
 90
       50
176
     1
 90
        3
176
     1
 62
     5
420
      255
176
     1
290
     0
176
     1
 90
       50
176
     1
 90
       50
176
     1
 90
       50
176
     1
290
     0
176
     1
 90
       50
176
     1
 62
   256
176
     0
 40
1.0
176
     0
 90
        2
176
     1
  1
strokes_ogs.tif
176
     1
290
     0
176
     1
 40
1.0
176
     1
 40
1.0
176
     1
  0
VISUALSTYLE
  5
FC
102
{ACAD_REACTORS
330
EF
102
}
330
EF
100
AcDbVisualStyle
  2
Thicken
 70
    13
177
     3
291
     1
 70
    58
 90
        2
176
     1
 90
        2
176
     1
 90
        1
176
     1
 90
        0
176
     1
 40
0.6
176
     1
 40
30.0
176
     1
 62
     7
420
 16777215
176
     1
 90
        1
176
     1
 90
        4
176
     1
 62
     7
176
     1
 62
   257
176
     1
 90
        1
176
     1
 90
        1
176
     1
 40
1.0
176
     1
 90
       12
176
     1
 62
     7
176
     1
 40
1.0
176
     1
 90
        1
176
     1
 90
        6
176
     1
 90
        2
176
     1
 62
     7
176
     1
 90
        5
176
     1
 90
        0
176
     1
 90
        0
176
     1
290
     0
176
     1
 90
        1
176
     1
 40
0.0
176
     1
 90
        0
176
     1
290
     0
176
     1
290
     1
176
     1
290
     1
176
     1
290
     0
176
     1
290
     0
176
     1
290
     0
176
     1
290
     0
176
     1
290
     0
176
     1
290
     0
176
     1
 90
       50
176
     1
 40
0.0
176
     1
 40
1.0
176
     1
 90
        0
176
     1
 62
    18
420
        0
176
     1
 90
       50
176
     1
 90
        3
176
     1
 62
     5
420
      255
176
     1
290
     0
176
     1
 90
       50
176
     1
 90
       50
176
     1
 90
       50
176
     1
290
     0
176
     1
 90
       50
176
     1
 62
   256
176
     0
 40
1.0
176
     0
 90
        2
176
     1
  1
strokes_ogs.tif
176
     1
290
     0
176
     1
 40
1.0
176
     1
 40
1.0
176
     1
  0
VISUALSTYLE
  5
F6
102
{ACAD_REACTORS
330
EF
102
}
330
EF
100
AcDbVisualStyle
  2
Wireframe
 70
     5
177
     3
291
     0
 70
    58
 90
        0
176
     1
 90
        2
176
     1
 90
        0
176
     1
 90
        0
176
     1
 40
0.6
176
     1
 40
30.0
176
     1
 62
     7
420
 16777215
176
     1
 90
        1
176
     1
 90
        4
176
     1
 62
     7
176
     1
 62
   257
176
     1
 90
        1
176
     1
 90
        1
176
     1
 40
1.0
176
     1
 90
        0
176
     1
 62
   257
176
     1
 40
1.0
176
     1
 90
        1
176
     1
 90
        6
176
     1
 90
        2
176
     1
 62
     7
176
     1
 90
        3
176
     1
 90
        0
176
     1
 90
        0
176
     1
290
     0
176
     1
 90
        1
176
     1
 40
0.0
176
     1
 90
        0
176
     1
290
     0
176
     1
290
     1
176
     1
290
     1
176
     1
290
     0
176
     1
290
     0
176
     1
290
     0
176
     1
290
     0
176
     1
290
     0
176
     1
290
     0
176
     1
 90
       50
176
     1
 40
0.0
176
     1
 40
1.0
176
     1
 90
        0
176
     1
 62
    18
420
        0
176
     1
 90
       50
176
     1
 90
        3
176
     1
 62
     5
420
      255
176
     1
290
     0
176
     1
 90
       50
176
     1
 90
       50
176
     1
 90
       50
176
     1
290
     0
176
     1
 90
       50
176
     1
 62
   256
176
     0
 40
1.0
176
     0
 90
        2
176
     1
  1
strokes_ogs.tif
176
     1
290
     0
176
     1
 40
1.0
176
     1
 40
1.0
176
     1
  0
VISUALSTYLE
  5
1F1
102
{ACAD_REACTORS
330
EF
102
}
330
EF
100
AcDbVisualStyle
  2
X-Ray
 70
    25
177
     3
291
     0
 70
    58
 90
        2
176
     1
 90
        2
176
     1
 90
        1
176
     1
 90
        1
176
     1
 40
0.5
176
     1
 40
30.0
176
     1
 62
     7
420
 16777215
176
     1
 90
        1
176
     1
 90
        0
176
     1
 62
     7
176
     1
 62
   257
176
     1
 90
        1
176
     1
 90
        1
176
     1
 40
1.0
176
     1
 90
        8
176
     1
 62
     7
176
     1
 40
1.0
176
     1
 90
        1
176
     1
 90
        6
176
     1
 90
        2
176
     1
 62
     7
176
     1
 90
        3
176
     1
 90
        0
176
     1
 90
        0
176
     1
290
     0
176
     1
 90
       13
176
     1
 40
0.0
176
     1
 90
        0
176
     1
290
     0
176
     1
290
     1
176
     1
290
     1
176
     1
290
     0
176
     1
290
     0
176
     1
290
     0
176
     1
290
     0
176
     1
290
     0
176
     1
290
     0
176
     1
 90
       50
176
     1
 40
0.0
176
     1
 40
1.0
176
     1
 90
        0
176
     1
 62
    18
420
        0
176
     1
 90
       50
176
     1
 90
        3
176
     1
 62
     5
420
      255
176
     1
290
     0
176
     1
 90
       50
176
     1
 90
       50
176
     1
 90
       50
176
     1
290
     0
176
     1
 90
       50
176
     1
 62
   256
176
     0
 40
1.0
176
     0
 90
        2
176
     1
  1
strokes_ogs.tif
176
     1
290
     0
176
     1
 40
1.0
176
     1
 40
1.0
176
     1
  0
DICTIONARYVAR
  5
146
102
{ACAD_REACTORS
330
5E
102
}
330
5E
100
DictionaryVariables
280
     0
  1
1:1
  0
DICTIONARYVAR
  5
259
102
{ACAD_REACTORS
330
5E
102
}
330
5E
100
DictionaryVariables
280
     0
  1
3.500000
  0
DICTIONARYVAR
  5
25A
102
{ACAD_REACTORS
330
5E
102
}
330
5E
100
DictionaryVariables
280
     0
  1
acadiso.lin
  0
DICTIONARYVAR
  5
145
102
{ACAD_REACTORS
330
5E
102
}
330
5E
100
DictionaryVariables
280
     0
  1
STANDARD
  0
DICTIONARYVAR
  5
84
102
{ACAD_REACTORS
330
5E
102
}
330
5E
100
DictionaryVariables
280
     0
  1
STANDARD
  0
DICTIONARYVAR
  5
227
102
{ACAD_REACTORS
330
5E
102
}
330
5E
100
DictionaryVariables
280
     0
  1
Metric50
  0
DICTIONARYVAR
  5
228
102
{ACAD_REACTORS
330
5E
102
}
330
5E
100
DictionaryVariables
280
     0
  1
Metric50
  0
DICTIONARYVAR
  5
5F
102
{ACAD_REACTORS
330
5E
102
}
330
5E
100
DictionaryVariables
280
     0
  1
2
  0
DICTIONARYVAR
  5
63
102
{ACAD_REACTORS
330
5E
102
}
330
5E
100
DictionaryVariables
280
     0
  1
1
  0
DICTIONARYVAR
  5
1AE
102
{ACAD_REACTORS
330
5E
102
}
330
5E
100
DictionaryVariables
280
     0
  1
0
  0
DICTIONARYVAR
  5
1AF
102
{ACAD_REACTORS
330
5E
102
}
330
5E
100
DictionaryVariables
280
     0
  1
0
  0
ACDBASSOCNETWORK
  5
44E
102
{ACAD_REACTORS
330
44D
102
}
330
44D
100
AcDbAssocAction
 90
        2
 90
        0
330
450
360
0
 90
        1
 90
        0
 90
        0
 90
        0
 90
        0
 90
        0
 90
        0
100
AcDbAssocNetwork
 90
        0
 90
        1
 90
        1
360
451
 90
        0
  0
DICTIONARY
  5
205
330
22
100
AcDbDictionary
280
     1
281
     1
  0
DICTIONARY
  5
1F9
330
ED
100
AcDbDictionary
280
     1
281
     1
  3
FBXASSET
360
1FA
  0
DICTIONARY
  5
1F7
330
EC
100
AcDbDictionary
280
     1
281
     1
  3
FBXASSET
360
1F8
  0
DICTIONARY
  5
173
330
EE
100
AcDbDictionary
280
     1
281
     1
  3
BUMPTILE
360
175
  3
DIFFUSETILE
360
174
  3
FBXASSET
360
1FB
  3
OPACITYTILE
360
176
  3
REFLECTIONTILE
360
177
  0
DICTIONARY
  5
162
330
7F
100
AcDbDictionary
280
     1
281
     1
  3
ACAD_ROUNDTRIP_2008_TABLESTYLE_CELLSTYLEMAP
360
566
  0
ACDBASSOC2DCONSTRAINTGROUP
  5
451
330
44E
100
AcDbAssocAction
 90
        2
 90
        0
330
44E
360
0
 90
        1
 90
      167
 90
        0
 90
        0
 90
        0
 90
        0
 90
        0
 90
        2
 70
     0
 10
0.0
 20
0.0
 30
0.0
 10
1.0
 20
0.0
 30
0.0
 10
0.0
 20
1.0
 30
0.0
360
0
 90
      165
360
4C9
360
454
360
45C
360
458
360
45D
360
455
360
459
360
45A
360
456
360
45E
360
452
360
4CB
360
457
360
453
360
45B
360
45F
360
4A6
360
4D2
360
460
360
464
360
468
360
46C
360
4D9
360
4E0
360
461
360
465
360
469
360
46D
360
462
360
466
360
46A
360
46E
360
4DB
360
4E2
360
463
360
467
360
46B
360
46F
360
4AE
360
470
360
474
360
478
360
47C
360
486
360
4E9
360
4A9
360
4B1
360
48B
360
4F0
360
471
360
4F8
360
475
360
479
360
47D
360
4B4
360
4A8
360
472
360
47A
360
47E
360
4EB
360
480
360
484
360
4F2
360
473
360
477
360
47B
360
47F
360
4AF
360
4B7
360
488
360
48C
360
4F6
360
481
360
485
360
4EE
360
489
360
48D
360
4ED
360
482
360
48A
360
48E
360
48F
360
487
360
483
360
490
360
491
360
492
360
493
360
494
360
495
360
497
360
498
360
499
360
49A
360
49B
360
49C
360
49D
360
49E
360
49F
360
4A0
360
4D3
360
4A1
360
4A2
360
4A3
360
4A4
360
4CF
360
4A5
360
4A7
360
4AA
360
4AB
360
4AC
360
4AD
360
4B0
360
4B2
360
4B3
360
4B5
360
4B6
360
4B8
360
4B9
360
4BA
360
4BB
360
4BC
360
4BD
360
4BE
360
4BF
360
4C0
360
4C1
360
4C2
360
4C3
360
4C4
360
4C5
360
4C6
360
4C7
360
4C8
360
4CA
360
4CC
360
4CD
360
4CE
360
4D0
360
4D1
360
4D4
360
4D5
360
4D6
360
4D7
360
4D8
360
4DA
360
4DC
360
4DD
360
4DE
360
4DF
360
4E1
360
4E3
360
4E4
360
4E5
360
4E6
360
4E7
360
4E8
360
4EA
360
4EC
360
4EF
360
4F1
360
4F3
360
4F4
360
4F5
360
4F7
 90
     1178
 90
        0
 90
        0
290
     0
 90
     1159
  1
AcConstrainedBoundedLine
 90
        1
  1
AcConstrainedImplicitPoint
 90
        2
  1
AcPointCurveConstraint
 90
        3
  1
AcConstrainedImplicitPoint
 90
        4
  1
AcPointCurveConstraint
 90
        5
  1
AcConstrainedBoundedLine
 90
        6
  1
AcConstrainedImplicitPoint
 90
        7
  1
AcPointCurveConstraint
 90
        8
  1
AcConstrainedImplicitPoint
 90
        9
  1
AcPointCurveConstraint
 90
       10
  1
AcConstrainedBoundedLine
 90
       11
  1
AcConstrainedImplicitPoint
 90
       12
  1
AcPointCurveConstraint
 90
       13
  1
AcConstrainedImplicitPoint
 90
       14
  1
AcPointCurveConstraint
 90
       15
  1
AcConstrainedBoundedLine
 90
       16
  1
AcConstrainedImplicitPoint
 90
       17
  1
AcPointCurveConstraint
 90
       18
  1
AcConstrainedImplicitPoint
 90
       19
  1
AcPointCurveConstraint
 90
       20
  1
AcConstrainedBoundedLine
 90
       21
  1
AcConstrainedImplicitPoint
 90
       22
  1
AcPointCurveConstraint
 90
       23
  1
AcConstrainedImplicitPoint
 90
       24
  1
AcPointCurveConstraint
 90
       25
  1
AcConstrainedBoundedLine
 90
       26
  1
AcConstrainedImplicitPoint
 90
       27
  1
AcPointCurveConstraint
 90
       28
  1
AcConstrainedImplicitPoint
 90
       29
  1
AcPointCurveConstraint
 90
       30
  1
AcConstrainedBoundedLine
 90
       31
  1
AcConstrainedImplicitPoint
 90
       32
  1
AcPointCurveConstraint
 90
       33
  1
AcConstrainedImplicitPoint
 90
       34
  1
AcPointCurveConstraint
 90
       35
  1
AcConstrainedBoundedLine
 90
       36
  1
AcConstrainedImplicitPoint
 90
       37
  1
AcPointCurveConstraint
 90
       38
  1
AcConstrainedImplicitPoint
 90
       39
  1
AcPointCurveConstraint
 90
       40
  1
AcConstrainedBoundedLine
 90
       41
  1
AcConstrainedImplicitPoint
 90
       42
  1
AcPointCurveConstraint
 90
       43
  1
AcConstrainedImplicitPoint
 90
       44
  1
AcPointCurveConstraint
 90
       45
  1
AcConstrainedBoundedLine
 90
       46
  1
AcConstrainedImplicitPoint
 90
       47
  1
AcPointCurveConstraint
 90
       48
  1
AcConstrainedImplicitPoint
 90
       49
  1
AcPointCurveConstraint
 90
       50
  1
AcConstrainedBoundedLine
 90
       51
  1
AcConstrainedImplicitPoint
 90
       52
  1
AcPointCurveConstraint
 90
       53
  1
AcConstrainedImplicitPoint
 90
       54
  1
AcPointCurveConstraint
 90
       55
  1
AcConstrainedBoundedLine
 90
       56
  1
AcConstrainedImplicitPoint
 90
       57
  1
AcPointCurveConstraint
 90
       58
  1
AcConstrainedImplicitPoint
 90
       59
  1
AcPointCurveConstraint
 90
       60
  1
AcConstrainedBoundedLine
 90
       61
  1
AcConstrainedImplicitPoint
 90
       62
  1
AcPointCurveConstraint
 90
       63
  1
AcConstrainedImplicitPoint
 90
       64
  1
AcPointCurveConstraint
 90
       65
  1
AcConstrainedBoundedLine
 90
       66
  1
AcConstrainedImplicitPoint
 90
       67
  1
AcPointCurveConstraint
 90
       68
  1
AcConstrainedImplicitPoint
 90
       69
  1
AcPointCurveConstraint
 90
       70
  1
AcConstrainedBoundedLine
 90
       71
  1
AcConstrainedImplicitPoint
 90
       72
  1
AcPointCurveConstraint
 90
       73
  1
AcConstrainedImplicitPoint
 90
       74
  1
AcPointCurveConstraint
 90
       75
  1
AcConstrainedBoundedLine
 90
       76
  1
AcConstrainedImplicitPoint
 90
       77
  1
AcPointCurveConstraint
 90
       78
  1
AcConstrainedImplicitPoint
 90
       79
  1
AcPointCurveConstraint
 90
       80
  1
AcConstrainedBoundedLine
 90
       81
  1
AcConstrainedImplicitPoint
 90
       82
  1
AcPointCurveConstraint
 90
       83
  1
AcConstrainedImplicitPoint
 90
       84
  1
AcPointCurveConstraint
 90
       85
  1
AcConstrainedBoundedLine
 90
       86
  1
AcConstrainedImplicitPoint
 90
       87
  1
AcPointCurveConstraint
 90
       88
  1
AcConstrainedImplicitPoint
 90
       89
  1
AcPointCurveConstraint
 90
       90
  1
AcConstrainedBoundedLine
 90
       91
  1
AcConstrainedImplicitPoint
 90
       92
  1
AcPointCurveConstraint
 90
       93
  1
AcConstrainedImplicitPoint
 90
       94
  1
AcPointCurveConstraint
 90
       95
  1
AcConstrainedBoundedLine
 90
       96
  1
AcConstrainedImplicitPoint
 90
       97
  1
AcPointCurveConstraint
 90
       98
  1
AcConstrainedImplicitPoint
 90
       99
  1
AcPointCurveConstraint
 90
      100
  1
AcConstrainedBoundedLine
 90
      101
  1
AcConstrainedImplicitPoint
 90
      102
  1
AcPointCurveConstraint
 90
      103
  1
AcConstrainedImplicitPoint
 90
      104
  1
AcPointCurveConstraint
 90
      105
  1
AcConstrainedBoundedLine
 90
      106
  1
AcConstrainedImplicitPoint
 90
      107
  1
AcPointCurveConstraint
 90
      108
  1
AcConstrainedImplicitPoint
 90
      109
  1
AcPointCurveConstraint
 90
      110
  1
AcConstrainedBoundedLine
 90
      111
  1
AcConstrainedImplicitPoint
 90
      112
  1
AcPointCurveConstraint
 90
      113
  1
AcConstrainedImplicitPoint
 90
      114
  1
AcPointCurveConstraint
 90
      115
  1
AcConstrainedBoundedLine
 90
      116
  1
AcConstrainedImplicitPoint
 90
      117
  1
AcPointCurveConstraint
 90
      118
  1
AcConstrainedImplicitPoint
 90
      119
  1
AcPointCurveConstraint
 90
      120
  1
AcConstrainedBoundedLine
 90
      121
  1
AcConstrainedImplicitPoint
 90
      122
  1
AcPointCurveConstraint
 90
      123
  1
AcConstrainedImplicitPoint
 90
      124
  1
AcPointCurveConstraint
 90
      125
  1
AcConstrainedBoundedLine
 90
      126
  1
AcConstrainedImplicitPoint
 90
      127
  1
AcPointCurveConstraint
 90
      128
  1
AcConstrainedImplicitPoint
 90
      129
  1
AcPointCurveConstraint
 90
      130
  1
AcConstrainedBoundedLine
 90
      131
  1
AcConstrainedImplicitPoint
 90
      132
  1
AcPointCurveConstraint
 90
      133
  1
AcConstrainedImplicitPoint
 90
      134
  1
AcPointCurveConstraint
 90
      135
  1
AcConstrainedBoundedLine
 90
      136
  1
AcConstrainedImplicitPoint
 90
      137
  1
AcPointCurveConstraint
 90
      138
  1
AcConstrainedImplicitPoint
 90
      139
  1
AcPointCurveConstraint
 90
      140
  1
AcConstrainedBoundedLine
 90
      141
  1
AcConstrainedImplicitPoint
 90
      142
  1
AcPointCurveConstraint
 90
      143
  1
AcConstrainedImplicitPoint
 90
      144
  1
AcPointCurveConstraint
 90
      145
  1
AcConstrainedBoundedLine
 90
      146
  1
AcConstrainedImplicitPoint
 90
      147
  1
AcPointCurveConstraint
 90
      148
  1
AcConstrainedImplicitPoint
 90
      149
  1
AcPointCurveConstraint
 90
      150
  1
AcConstrainedBoundedLine
 90
      151
  1
AcConstrainedImplicitPoint
 90
      152
  1
AcPointCurveConstraint
 90
      153
  1
AcConstrainedImplicitPoint
 90
      154
  1
AcPointCurveConstraint
 90
      155
  1
AcConstrainedBoundedLine
 90
      156
  1
AcConstrainedImplicitPoint
 90
      157
  1
AcPointCurveConstraint
 90
      158
  1
AcConstrainedImplicitPoint
 90
      159
  1
AcPointCurveConstraint
 90
      160
  1
AcConstrainedBoundedLine
 90
      161
  1
AcConstrainedImplicitPoint
 90
      162
  1
AcPointCurveConstraint
 90
      163
  1
AcConstrainedImplicitPoint
 90
      164
  1
AcPointCurveConstraint
 90
      165
  1
AcConstrainedBoundedLine
 90
      166
  1
AcConstrainedImplicitPoint
 90
      167
  1
AcPointCurveConstraint
 90
      168
  1
AcConstrainedImplicitPoint
 90
      169
  1
AcPointCurveConstraint
 90
      170
  1
AcConstrainedBoundedLine
 90
      171
  1
AcConstrainedImplicitPoint
 90
      172
  1
AcPointCurveConstraint
 90
      173
  1
AcConstrainedImplicitPoint
 90
      174
  1
AcPointCurveConstraint
 90
      175
  1
AcConstrainedBoundedLine
 90
      176
  1
AcConstrainedImplicitPoint
 90
      177
  1
AcPointCurveConstraint
 90
      178
  1
AcConstrainedImplicitPoint
 90
      179
  1
AcPointCurveConstraint
 90
      180
  1
AcConstrainedBoundedLine
 90
      186
  1
AcConstrainedImplicitPoint
 90
      187
  1
AcPointCurveConstraint
 90
      188
  1
AcConstrainedImplicitPoint
 90
      189
  1
AcPointCurveConstraint
 90
      190
  1
AcConstrainedBoundedLine
 90
      191
  1
AcConstrainedImplicitPoint
 90
      192
  1
AcPointCurveConstraint
 90
      193
  1
AcConstrainedImplicitPoint
 90
      194
  1
AcPointCurveConstraint
 90
      195
  1
AcConstrainedBoundedLine
 90
      196
  1
AcConstrainedImplicitPoint
 90
      197
  1
AcPointCurveConstraint
 90
      198
  1
AcConstrainedImplicitPoint
 90
      199
  1
AcPointCurveConstraint
 90
      200
  1
AcConstrainedBoundedLine
 90
      201
  1
AcConstrainedImplicitPoint
 90
      202
  1
AcPointCurveConstraint
 90
      203
  1
AcConstrainedImplicitPoint
 90
      204
  1
AcPointCurveConstraint
 90
      205
  1
AcConstrainedBoundedLine
 90
      206
  1
AcConstrainedImplicitPoint
 90
      207
  1
AcPointCurveConstraint
 90
      208
  1
AcConstrainedImplicitPoint
 90
      209
  1
AcPointCurveConstraint
 90
      210
  1
AcConstrainedBoundedLine
 90
      211
  1
AcConstrainedImplicitPoint
 90
      212
  1
AcPointCurveConstraint
 90
      213
  1
AcConstrainedImplicitPoint
 90
      214
  1
AcPointCurveConstraint
 90
      215
  1
AcConstrainedBoundedLine
 90
      216
  1
AcConstrainedImplicitPoint
 90
      217
  1
AcPointCurveConstraint
 90
      218
  1
AcConstrainedImplicitPoint
 90
      219
  1
AcPointCurveConstraint
 90
      220
  1
AcConstrainedBoundedLine
 90
      221
  1
AcConstrainedImplicitPoint
 90
      222
  1
AcPointCurveConstraint
 90
      223
  1
AcConstrainedImplicitPoint
 90
      224
  1
AcPointCurveConstraint
 90
      225
  1
AcConstrainedBoundedLine
 90
      226
  1
AcConstrainedImplicitPoint
 90
      227
  1
AcPointCurveConstraint
 90
      228
  1
AcConstrainedImplicitPoint
 90
      229
  1
AcPointCurveConstraint
 90
      230
  1
AcConstrainedBoundedLine
 90
      231
  1
AcConstrainedImplicitPoint
 90
      232
  1
AcPointCurveConstraint
 90
      233
  1
AcConstrainedImplicitPoint
 90
      234
  1
AcPointCurveConstraint
 90
      235
  1
AcConstrainedBoundedLine
 90
      236
  1
AcConstrainedImplicitPoint
 90
      237
  1
AcPointCurveConstraint
 90
      238
  1
AcConstrainedImplicitPoint
 90
      239
  1
AcPointCurveConstraint
 90
      240
  1
AcConstrainedBoundedLine
 90
      241
  1
AcConstrainedImplicitPoint
 90
      242
  1
AcPointCurveConstraint
 90
      243
  1
AcConstrainedImplicitPoint
 90
      244
  1
AcPointCurveConstraint
 90
      245
  1
AcConstrainedBoundedLine
 90
      246
  1
AcConstrainedImplicitPoint
 90
      247
  1
AcPointCurveConstraint
 90
      248
  1
AcConstrainedImplicitPoint
 90
      249
  1
AcPointCurveConstraint
 90
      250
  1
AcConstrainedBoundedLine
 90
      251
  1
AcConstrainedImplicitPoint
 90
      252
  1
AcPointCurveConstraint
 90
      253
  1
AcConstrainedImplicitPoint
 90
      254
  1
AcPointCurveConstraint
 90
      255
  1
AcConstrainedBoundedLine
 90
      256
  1
AcConstrainedImplicitPoint
 90
      257
  1
AcPointCurveConstraint
 90
      258
  1
AcConstrainedImplicitPoint
 90
      259
  1
AcPointCurveConstraint
 90
      260
  1
AcConstrainedBoundedLine
 90
      261
  1
AcConstrainedImplicitPoint
 90
      262
  1
AcPointCurveConstraint
 90
      263
  1
AcConstrainedImplicitPoint
 90
      264
  1
AcPointCurveConstraint
 90
      265
  1
AcConstrainedBoundedLine
 90
      266
  1
AcConstrainedImplicitPoint
 90
      267
  1
AcPointCurveConstraint
 90
      268
  1
AcConstrainedImplicitPoint
 90
      269
  1
AcPointCurveConstraint
 90
      270
  1
AcConstrainedBoundedLine
 90
      271
  1
AcConstrainedImplicitPoint
 90
      272
  1
AcPointCurveConstraint
 90
      273
  1
AcConstrainedImplicitPoint
 90
      274
  1
AcPointCurveConstraint
 90
      275
  1
AcConstrainedBoundedLine
 90
      276
  1
AcConstrainedImplicitPoint
 90
      277
  1
AcPointCurveConstraint
 90
      278
  1
AcConstrainedImplicitPoint
 90
      279
  1
AcPointCurveConstraint
 90
      280
  1
AcConstrainedBoundedLine
 90
      281
  1
AcConstrainedImplicitPoint
 90
      282
  1
AcPointCurveConstraint
 90
      283
  1
AcConstrainedImplicitPoint
 90
      284
  1
AcPointCurveConstraint
 90
      285
  1
AcConstrainedBoundedLine
 90
      286
  1
AcConstrainedImplicitPoint
 90
      287
  1
AcPointCurveConstraint
 90
      288
  1
AcConstrainedImplicitPoint
 90
      289
  1
AcPointCurveConstraint
 90
      290
  1
AcConstrainedBoundedLine
 90
      291
  1
AcConstrainedImplicitPoint
 90
      292
  1
AcPointCurveConstraint
 90
      293
  1
AcConstrainedImplicitPoint
 90
      294
  1
AcPointCurveConstraint
 90
      295
  1
AcConstrainedBoundedLine
 90
      296
  1
AcConstrainedImplicitPoint
 90
      297
  1
AcPointCurveConstraint
 90
      298
  1
AcConstrainedImplicitPoint
 90
      299
  1
AcPointCurveConstraint
 90
      300
  1
AcConstrainedBoundedLine
 90
      301
  1
AcConstrainedImplicitPoint
 90
      302
  1
AcPointCurveConstraint
 90
      303
  1
AcConstrainedImplicitPoint
 90
      304
  1
AcPointCurveConstraint
 90
      305
  1
AcConstrainedBoundedLine
 90
      306
  1
AcConstrainedImplicitPoint
 90
      307
  1
AcPointCurveConstraint
 90
      308
  1
AcConstrainedImplicitPoint
 90
      309
  1
AcPointCurveConstraint
 90
      310
  1
AcConstrainedBoundedLine
 90
      311
  1
AcConstrainedImplicitPoint
 90
      312
  1
AcPointCurveConstraint
 90
      313
  1
AcConstrainedImplicitPoint
 90
      314
  1
AcPointCurveConstraint
 90
      315
  1
AcConstrainedBoundedLine
 90
      316
  1
AcConstrainedImplicitPoint
 90
      317
  1
AcPointCurveConstraint
 90
      318
  1
AcConstrainedImplicitPoint
 90
      319
  1
AcPointCurveConstraint
 90
      320
  1
AcConstrainedBoundedLine
 90
      321
  1
AcConstrainedImplicitPoint
 90
      322
  1
AcPointCurveConstraint
 90
      323
  1
AcConstrainedImplicitPoint
 90
      324
  1
AcPointCurveConstraint
 90
      325
  1
AcConstrainedBoundedLine
 90
      326
  1
AcConstrainedImplicitPoint
 90
      327
  1
AcPointCurveConstraint
 90
      328
  1
AcConstrainedImplicitPoint
 90
      329
  1
AcPointCurveConstraint
 90
      330
  1
AcConstrainedBoundedLine
 90
      331
  1
AcConstrainedImplicitPoint
 90
      332
  1
AcPointCurveConstraint
 90
      333
  1
AcConstrainedImplicitPoint
 90
      334
  1
AcPointCurveConstraint
 90
      335
  1
AcConstrainedBoundedLine
 90
      336
  1
AcConstrainedImplicitPoint
 90
      337
  1
AcPointCurveConstraint
 90
      338
  1
AcConstrainedImplicitPoint
 90
      339
  1
AcPointCurveConstraint
 90
      340
  1
AcConstrainedBoundedLine
 90
      346
  1
AcConstrainedImplicitPoint
 90
      347
  1
AcPointCurveConstraint
 90
      348
  1
AcConstrainedImplicitPoint
 90
      349
  1
AcPointCurveConstraint
 90
      350
  1
AcConstrainedBoundedLine
 90
      351
  1
AcConstrainedImplicitPoint
 90
      352
  1
AcPointCurveConstraint
 90
      353
  1
AcConstrainedImplicitPoint
 90
      354
  1
AcPointCurveConstraint
 90
      355
  1
AcConstrainedBoundedLine
 90
      356
  1
AcConstrainedImplicitPoint
 90
      357
  1
AcPointCurveConstraint
 90
      358
  1
AcConstrainedImplicitPoint
 90
      359
  1
AcPointCurveConstraint
 90
      360
  1
AcConstrainedBoundedLine
 90
      361
  1
AcConstrainedImplicitPoint
 90
      362
  1
AcPointCurveConstraint
 90
      363
  1
AcConstrainedImplicitPoint
 90
      364
  1
AcPointCurveConstraint
 90
      365
  1
AcConstrainedBoundedLine
 90
      366
  1
AcConstrainedImplicitPoint
 90
      367
  1
AcPointCurveConstraint
 90
      368
  1
AcConstrainedImplicitPoint
 90
      369
  1
AcPointCurveConstraint
 90
      370
  1
AcConstrainedBoundedLine
 90
      371
  1
AcConstrainedImplicitPoint
 90
      372
  1
AcPointCurveConstraint
 90
      373
  1
AcConstrainedImplicitPoint
 90
      374
  1
AcPointCurveConstraint
 90
      375
  1
AcConstrainedBoundedLine
 90
      376
  1
AcConstrainedImplicitPoint
 90
      377
  1
AcPointCurveConstraint
 90
      378
  1
AcConstrainedImplicitPoint
 90
      379
  1
AcPointCurveConstraint
 90
      380
  1
AcConstrainedBoundedLine
 90
      381
  1
AcConstrainedImplicitPoint
 90
      382
  1
AcPointCurveConstraint
 90
      383
  1
AcConstrainedImplicitPoint
 90
      384
  1
AcPointCurveConstraint
 90
      385
  1
AcConstrainedBoundedLine
 90
      386
  1
AcConstrainedImplicitPoint
 90
      387
  1
AcPointCurveConstraint
 90
      388
  1
AcConstrainedImplicitPoint
 90
      389
  1
AcPointCurveConstraint
 90
      390
  1
AcConstrainedBoundedLine
 90
      391
  1
AcConstrainedImplicitPoint
 90
      392
  1
AcPointCurveConstraint
 90
      393
  1
AcConstrainedImplicitPoint
 90
      394
  1
AcPointCurveConstraint
 90
      395
  1
AcConstrainedBoundedLine
 90
      396
  1
AcConstrainedImplicitPoint
 90
      397
  1
AcPointCurveConstraint
 90
      398
  1
AcConstrainedImplicitPoint
 90
      399
  1
AcPointCurveConstraint
 90
      400
  1
AcConstrainedBoundedLine
 90
      401
  1
AcConstrainedImplicitPoint
 90
      402
  1
AcPointCurveConstraint
 90
      403
  1
AcConstrainedImplicitPoint
 90
      404
  1
AcPointCurveConstraint
 90
      405
  1
AcConstrainedBoundedLine
 90
      406
  1
AcConstrainedImplicitPoint
 90
      407
  1
AcPointCurveConstraint
 90
      408
  1
AcConstrainedImplicitPoint
 90
      409
  1
AcPointCurveConstraint
 90
      410
  1
AcConstrainedBoundedLine
 90
      411
  1
AcConstrainedImplicitPoint
 90
      412
  1
AcPointCurveConstraint
 90
      413
  1
AcConstrainedImplicitPoint
 90
      414
  1
AcPointCurveConstraint
 90
      415
  1
AcConstrainedBoundedLine
 90
      416
  1
AcConstrainedImplicitPoint
 90
      417
  1
AcPointCurveConstraint
 90
      418
  1
AcConstrainedImplicitPoint
 90
      419
  1
AcPointCurveConstraint
 90
      420
  1
AcConstrainedBoundedLine
 90
      421
  1
AcConstrainedImplicitPoint
 90
      422
  1
AcPointCurveConstraint
 90
      423
  1
AcConstrainedImplicitPoint
 90
      424
  1
AcPointCurveConstraint
 90
      425
  1
AcConstrainedBoundedLine
 90
      426
  1
AcConstrainedImplicitPoint
 90
      427
  1
AcPointCurveConstraint
 90
      428
  1
AcConstrainedImplicitPoint
 90
      429
  1
AcPointCurveConstraint
 90
      430
  1
AcConstrainedBoundedLine
 90
      431
  1
AcConstrainedImplicitPoint
 90
      432
  1
AcPointCurveConstraint
 90
      433
  1
AcConstrainedImplicitPoint
 90
      434
  1
AcPointCurveConstraint
 90
      435
  1
AcConstrainedBoundedLine
 90
      436
  1
AcConstrainedImplicitPoint
 90
      437
  1
AcPointCurveConstraint
 90
      438
  1
AcConstrainedImplicitPoint
 90
      439
  1
AcPointCurveConstraint
 90
      440
  1
AcConstrainedBoundedLine
 90
      441
  1
AcConstrainedImplicitPoint
 90
      442
  1
AcPointCurveConstraint
 90
      443
  1
AcConstrainedImplicitPoint
 90
      444
  1
AcPointCurveConstraint
 90
      445
  1
AcConstrainedBoundedLine
 90
      446
  1
AcConstrainedImplicitPoint
 90
      447
  1
AcPointCurveConstraint
 90
      448
  1
AcConstrainedImplicitPoint
 90
      449
  1
AcPointCurveConstraint
 90
      450
  1
AcConstrainedBoundedLine
 90
      451
  1
AcConstrainedImplicitPoint
 90
      452
  1
AcPointCurveConstraint
 90
      453
  1
AcConstrainedImplicitPoint
 90
      454
  1
AcPointCurveConstraint
 90
      455
  1
AcConstrainedBoundedLine
 90
      456
  1
AcConstrainedImplicitPoint
 90
      457
  1
AcPointCurveConstraint
 90
      458
  1
AcConstrainedImplicitPoint
 90
      459
  1
AcPointCurveConstraint
 90
      460
  1
AcConstrainedBoundedLine
 90
      461
  1
AcConstrainedImplicitPoint
 90
      462
  1
AcPointCurveConstraint
 90
      463
  1
AcConstrainedImplicitPoint
 90
      464
  1
AcPointCurveConstraint
 90
      465
  1
AcConstrainedBoundedLine
 90
      466
  1
AcConstrainedImplicitPoint
 90
      467
  1
AcPointCurveConstraint
 90
      468
  1
AcConstrainedImplicitPoint
 90
      469
  1
AcPointCurveConstraint
 90
      470
  1
AcConstrainedBoundedLine
 90
      471
  1
AcConstrainedImplicitPoint
 90
      472
  1
AcPointCurveConstraint
 90
      473
  1
AcConstrainedImplicitPoint
 90
      474
  1
AcPointCurveConstraint
 90
      475
  1
AcConstrainedBoundedLine
 90
      476
  1
AcConstrainedImplicitPoint
 90
      477
  1
AcPointCurveConstraint
 90
      478
  1
AcConstrainedImplicitPoint
 90
      479
  1
AcPointCurveConstraint
 90
      480
  1
AcConstrainedBoundedLine
 90
      481
  1
AcConstrainedImplicitPoint
 90
      482
  1
AcPointCurveConstraint
 90
      483
  1
AcConstrainedImplicitPoint
 90
      484
  1
AcPointCurveConstraint
 90
      485
  1
AcConstrainedBoundedLine
 90
      486
  1
AcConstrainedImplicitPoint
 90
      487
  1
AcPointCurveConstraint
 90
      488
  1
AcConstrainedImplicitPoint
 90
      489
  1
AcPointCurveConstraint
 90
      490
  1
AcConstrainedBoundedLine
 90
      491
  1
AcConstrainedImplicitPoint
 90
      492
  1
AcPointCurveConstraint
 90
      493
  1
AcConstrainedImplicitPoint
 90
      494
  1
AcPointCurveConstraint
 90
      495
  1
AcConstrainedBoundedLine
 90
      496
  1
AcConstrainedImplicitPoint
 90
      497
  1
AcPointCurveConstraint
 90
      498
  1
AcConstrainedImplicitPoint
 90
      499
  1
AcPointCurveConstraint
 90
      500
  1
AcConstrainedBoundedLine
 90
      501
  1
AcConstrainedImplicitPoint
 90
      502
  1
AcPointCurveConstraint
 90
      503
  1
AcConstrainedImplicitPoint
 90
      504
  1
AcPointCurveConstraint
 90
      505
  1
AcConstrainedBoundedLine
 90
      506
  1
AcConstrainedImplicitPoint
 90
      507
  1
AcPointCurveConstraint
 90
      508
  1
AcConstrainedImplicitPoint
 90
      509
  1
AcPointCurveConstraint
 90
      510
  1
AcConstrainedBoundedLine
 90
      511
  1
AcConstrainedImplicitPoint
 90
      512
  1
AcPointCurveConstraint
 90
      513
  1
AcConstrainedImplicitPoint
 90
      514
  1
AcPointCurveConstraint
 90
      515
  1
AcConstrainedBoundedLine
 90
      516
  1
AcConstrainedImplicitPoint
 90
      517
  1
AcPointCurveConstraint
 90
      518
  1
AcConstrainedImplicitPoint
 90
      519
  1
AcPointCurveConstraint
 90
      520
  1
AcConstrainedBoundedLine
 90
      521
  1
AcConstrainedImplicitPoint
 90
      522
  1
AcPointCurveConstraint
 90
      523
  1
AcConstrainedImplicitPoint
 90
      524
  1
AcPointCurveConstraint
 90
      525
  1
AcConstrainedBoundedLine
 90
      526
  1
AcConstrainedImplicitPoint
 90
      527
  1
AcPointCurveConstraint
 90
      528
  1
AcConstrainedImplicitPoint
 90
      529
  1
AcPointCurveConstraint
 90
      530
  1
AcConstrainedBoundedLine
 90
      531
  1
AcConstrainedImplicitPoint
 90
      532
  1
AcPointCurveConstraint
 90
      533
  1
AcConstrainedImplicitPoint
 90
      534
  1
AcPointCurveConstraint
 90
      535
  1
AcConstrainedBoundedLine
 90
      536
  1
AcConstrainedImplicitPoint
 90
      537
  1
AcPointCurveConstraint
 90
      538
  1
AcConstrainedImplicitPoint
 90
      539
  1
AcPointCurveConstraint
 90
      540
  1
AcConstrainedBoundedLine
 90
      541
  1
AcConstrainedImplicitPoint
 90
      542
  1
AcPointCurveConstraint
 90
      543
  1
AcConstrainedImplicitPoint
 90
      544
  1
AcPointCurveConstraint
 90
      545
  1
AcConstrainedBoundedLine
 90
      546
  1
AcConstrainedImplicitPoint
 90
      547
  1
AcPointCurveConstraint
 90
      548
  1
AcConstrainedImplicitPoint
 90
      549
  1
AcPointCurveConstraint
 90
      550
  1
AcConstrainedBoundedLine
 90
      551
  1
AcConstrainedImplicitPoint
 90
      552
  1
AcPointCurveConstraint
 90
      553
  1
AcConstrainedImplicitPoint
 90
      554
  1
AcPointCurveConstraint
 90
      555
  1
AcConstrainedBoundedLine
 90
      556
  1
AcConstrainedImplicitPoint
 90
      557
  1
AcPointCurveConstraint
 90
      558
  1
AcConstrainedImplicitPoint
 90
      559
  1
AcPointCurveConstraint
 90
      560
  1
AcConstrainedBoundedLine
 90
      561
  1
AcConstrainedImplicitPoint
 90
      562
  1
AcPointCurveConstraint
 90
      563
  1
AcConstrainedImplicitPoint
 90
      564
  1
AcPointCurveConstraint
 90
      565
  1
AcConstrainedBoundedLine
 90
      566
  1
AcConstrainedImplicitPoint
 90
      567
  1
AcPointCurveConstraint
 90
      568
  1
AcConstrainedImplicitPoint
 90
      569
  1
AcPointCurveConstraint
 90
      570
  1
AcConstrainedBoundedLine
 90
      571
  1
AcConstrainedImplicitPoint
 90
      572
  1
AcPointCurveConstraint
 90
      573
  1
AcConstrainedImplicitPoint
 90
      574
  1
AcPointCurveConstraint
 90
      575
  1
AcConstrainedBoundedLine
 90
      576
  1
AcConstrainedImplicitPoint
 90
      577
  1
AcPointCurveConstraint
 90
      578
  1
AcConstrainedImplicitPoint
 90
      579
  1
AcPointCurveConstraint
 90
      580
  1
AcConstrainedBoundedLine
 90
      581
  1
AcConstrainedImplicitPoint
 90
      582
  1
AcPointCurveConstraint
 90
      583
  1
AcConstrainedImplicitPoint
 90
      584
  1
AcPointCurveConstraint
 90
      585
  1
AcConstrainedBoundedLine
 90
      586
  1
AcConstrainedImplicitPoint
 90
      587
  1
AcPointCurveConstraint
 90
      588
  1
AcConstrainedImplicitPoint
 90
      589
  1
AcPointCurveConstraint
 90
      590
  1
AcConstrainedBoundedLine
 90
      591
  1
AcConstrainedImplicitPoint
 90
      592
  1
AcPointCurveConstraint
 90
      593
  1
AcConstrainedImplicitPoint
 90
      594
  1
AcPointCurveConstraint
 90
      595
  1
AcConstrainedBoundedLine
 90
      596
  1
AcConstrainedImplicitPoint
 90
      597
  1
AcPointCurveConstraint
 90
      598
  1
AcConstrainedImplicitPoint
 90
      599
  1
AcPointCurveConstraint
 90
      600
  1
AcConstrainedBoundedLine
 90
      601
  1
AcConstrainedImplicitPoint
 90
      602
  1
AcPointCurveConstraint
 90
      603
  1
AcConstrainedImplicitPoint
 90
      604
  1
AcPointCurveConstraint
 90
      605
  1
AcConstrainedBoundedLine
 90
      606
  1
AcConstrainedImplicitPoint
 90
      607
  1
AcPointCurveConstraint
 90
      608
  1
AcConstrainedImplicitPoint
 90
      609
  1
AcPointCurveConstraint
 90
      610
  1
AcConstrainedBoundedLine
 90
      611
  1
AcConstrainedImplicitPoint
 90
      612
  1
AcPointCurveConstraint
 90
      613
  1
AcConstrainedImplicitPoint
 90
      614
  1
AcPointCurveConstraint
 90
      615
  1
AcConstrainedBoundedLine
 90
      616
  1
AcConstrainedImplicitPoint
 90
      617
  1
AcPointCurveConstraint
 90
      618
  1
AcConstrainedImplicitPoint
 90
      619
  1
AcPointCurveConstraint
 90
      620
  1
AcConstrainedBoundedLine
 90
      621
  1
AcConstrainedImplicitPoint
 90
      622
  1
AcPointCurveConstraint
 90
      623
  1
AcConstrainedImplicitPoint
 90
      624
  1
AcPointCurveConstraint
 90
      625
  1
AcConstrainedBoundedLine
 90
      626
  1
AcConstrainedImplicitPoint
 90
      627
  1
AcPointCurveConstraint
 90
      628
  1
AcConstrainedImplicitPoint
 90
      629
  1
AcPointCurveConstraint
 90
      630
  1
AcConstrainedBoundedLine
 90
      631
  1
AcConstrainedImplicitPoint
 90
      632
  1
AcPointCurveConstraint
 90
      633
  1
AcConstrainedImplicitPoint
 90
      634
  1
AcPointCurveConstraint
 90
      635
  1
AcConstrainedBoundedLine
 90
      636
  1
AcConstrainedImplicitPoint
 90
      637
  1
AcPointCurveConstraint
 90
      638
  1
AcConstrainedImplicitPoint
 90
      639
  1
AcPointCurveConstraint
 90
      640
  1
AcConstrainedBoundedLine
 90
      641
  1
AcConstrainedImplicitPoint
 90
      642
  1
AcPointCurveConstraint
 90
      643
  1
AcConstrainedImplicitPoint
 90
      644
  1
AcPointCurveConstraint
 90
      645
  1
AcConstrainedBoundedLine
 90
      646
  1
AcConstrainedImplicitPoint
 90
      647
  1
AcPointCurveConstraint
 90
      648
  1
AcConstrainedImplicitPoint
 90
      649
  1
AcPointCurveConstraint
 90
      650
  1
AcConstrainedBoundedLine
 90
      651
  1
AcConstrainedImplicitPoint
 90
      652
  1
AcPointCurveConstraint
 90
      653
  1
AcConstrainedImplicitPoint
 90
      654
  1
AcPointCurveConstraint
 90
      655
  1
AcConstrainedBoundedLine
 90
      656
  1
AcConstrainedImplicitPoint
 90
      657
  1
AcPointCurveConstraint
 90
      658
  1
AcConstrainedImplicitPoint
 90
      659
  1
AcPointCurveConstraint
 90
      660
  1
AcConstrainedBoundedLine
 90
      661
  1
AcConstrainedImplicitPoint
 90
      662
  1
AcPointCurveConstraint
 90
      663
  1
AcConstrainedImplicitPoint
 90
      664
  1
AcPointCurveConstraint
 90
      665
  1
AcConstrainedBoundedLine
 90
      666
  1
AcConstrainedImplicitPoint
 90
      667
  1
AcPointCurveConstraint
 90
      668
  1
AcConstrainedImplicitPoint
 90
      669
  1
AcPointCurveConstraint
 90
      670
  1
AcConstrainedBoundedLine
 90
      671
  1
AcConstrainedImplicitPoint
 90
      672
  1
AcPointCurveConstraint
 90
      673
  1
AcConstrainedImplicitPoint
 90
      674
  1
AcPointCurveConstraint
 90
      675
  1
AcConstrainedBoundedLine
 90
      676
  1
AcConstrainedImplicitPoint
 90
      677
  1
AcPointCurveConstraint
 90
      678
  1
AcConstrainedImplicitPoint
 90
      679
  1
AcPointCurveConstraint
 90
      680
  1
AcConstrainedBoundedLine
 90
      681
  1
AcConstrainedImplicitPoint
 90
      682
  1
AcPointCurveConstraint
 90
      683
  1
AcConstrainedImplicitPoint
 90
      684
  1
AcPointCurveConstraint
 90
      685
  1
AcConstrainedBoundedLine
 90
      686
  1
AcConstrainedImplicitPoint
 90
      687
  1
AcPointCurveConstraint
 90
      688
  1
AcConstrainedImplicitPoint
 90
      689
  1
AcPointCurveConstraint
 90
      690
  1
AcConstrainedBoundedLine
 90
      691
  1
AcConstrainedImplicitPoint
 90
      692
  1
AcPointCurveConstraint
 90
      693
  1
AcConstrainedImplicitPoint
 90
      694
  1
AcPointCurveConstraint
 90
      695
  1
AcConstrainedBoundedLine
 90
      696
  1
AcConstrainedImplicitPoint
 90
      697
  1
AcPointCurveConstraint
 90
      698
  1
AcConstrainedImplicitPoint
 90
      699
  1
AcPointCurveConstraint
 90
      700
  1
AcConstrainedBoundedLine
 90
      701
  1
AcConstrainedImplicitPoint
 90
      702
  1
AcPointCurveConstraint
 90
      703
  1
AcConstrainedImplicitPoint
 90
      704
  1
AcPointCurveConstraint
 90
      705
  1
AcConstrainedBoundedLine
 90
      706
  1
AcConstrainedImplicitPoint
 90
      707
  1
AcPointCurveConstraint
 90
      708
  1
AcConstrainedImplicitPoint
 90
      709
  1
AcPointCurveConstraint
 90
      710
  1
AcConstrainedBoundedLine
 90
      711
  1
AcConstrainedImplicitPoint
 90
      712
  1
AcPointCurveConstraint
 90
      713
  1
AcConstrainedImplicitPoint
 90
      714
  1
AcPointCurveConstraint
 90
      715
  1
AcConstrainedBoundedLine
 90
      716
  1
AcConstrainedImplicitPoint
 90
      717
  1
AcPointCurveConstraint
 90
      718
  1
AcConstrainedImplicitPoint
 90
      719
  1
AcPointCurveConstraint
 90
      720
  1
AcConstrainedBoundedLine
 90
      721
  1
AcConstrainedImplicitPoint
 90
      722
  1
AcPointCurveConstraint
 90
      723
  1
AcConstrainedImplicitPoint
 90
      724
  1
AcPointCurveConstraint
 90
      725
  1
AcConstrainedBoundedLine
 90
      726
  1
AcConstrainedImplicitPoint
 90
      727
  1
AcPointCurveConstraint
 90
      728
  1
AcConstrainedImplicitPoint
 90
      729
  1
AcPointCurveConstraint
 90
      730
  1
AcConstrainedBoundedLine
 90
      731
  1
AcConstrainedImplicitPoint
 90
      732
  1
AcPointCurveConstraint
 90
      733
  1
AcConstrainedImplicitPoint
 90
      734
  1
AcPointCurveConstraint
 90
      735
  1
AcConstrainedBoundedLine
 90
      736
  1
AcConstrainedImplicitPoint
 90
      737
  1
AcPointCurveConstraint
 90
      738
  1
AcConstrainedImplicitPoint
 90
      739
  1
AcPointCurveConstraint
 90
      740
  1
AcConstrainedBoundedLine
 90
      741
  1
AcConstrainedImplicitPoint
 90
      742
  1
AcPointCurveConstraint
 90
      743
  1
AcConstrainedImplicitPoint
 90
      744
  1
AcPointCurveConstraint
 90
      745
  1
AcConstrainedBoundedLine
 90
      746
  1
AcConstrainedImplicitPoint
 90
      747
  1
AcPointCurveConstraint
 90
      748
  1
AcConstrainedImplicitPoint
 90
      749
  1
AcPointCurveConstraint
 90
      750
  1
AcConstrainedBoundedLine
 90
      751
  1
AcConstrainedImplicitPoint
 90
      752
  1
AcPointCurveConstraint
 90
      753
  1
AcConstrainedImplicitPoint
 90
      754
  1
AcPointCurveConstraint
 90
      755
  1
AcConstrainedBoundedLine
 90
      756
  1
AcConstrainedImplicitPoint
 90
      757
  1
AcPointCurveConstraint
 90
      758
  1
AcConstrainedImplicitPoint
 90
      759
  1
AcPointCurveConstraint
 90
      760
  1
AcConstrainedBoundedLine
 90
      761
  1
AcConstrainedImplicitPoint
 90
      762
  1
AcPointCurveConstraint
 90
      763
  1
AcConstrainedImplicitPoint
 90
      764
  1
AcPointCurveConstraint
 90
      765
  1
AcConstrainedBoundedLine
 90
      766
  1
AcConstrainedImplicitPoint
 90
      767
  1
AcPointCurveConstraint
 90
      768
  1
AcConstrainedImplicitPoint
 90
      769
  1
AcPointCurveConstraint
 90
      770
  1
AcConstrainedBoundedLine
 90
      771
  1
AcConstrainedImplicitPoint
 90
      772
  1
AcPointCurveConstraint
 90
      773
  1
AcConstrainedImplicitPoint
 90
      774
  1
AcPointCurveConstraint
 90
      775
  1
AcConstrainedBoundedLine
 90
      776
  1
AcConstrainedImplicitPoint
 90
      777
  1
AcPointCurveConstraint
 90
      778
  1
AcConstrainedImplicitPoint
 90
      779
  1
AcPointCurveConstraint
 90
      780
  1
AcConstrainedBoundedLine
 90
      781
  1
AcConstrainedImplicitPoint
 90
      782
  1
AcPointCurveConstraint
 90
      783
  1
AcConstrainedImplicitPoint
 90
      784
  1
AcPointCurveConstraint
 90
      785
  1
AcConstrainedBoundedLine
 90
      786
  1
AcConstrainedImplicitPoint
 90
      787
  1
AcPointCurveConstraint
 90
      788
  1
AcConstrainedImplicitPoint
 90
      789
  1
AcPointCurveConstraint
 90
      790
  1
AcConstrainedBoundedLine
 90
      791
  1
AcConstrainedImplicitPoint
 90
      792
  1
AcPointCurveConstraint
 90
      793
  1
AcConstrainedImplicitPoint
 90
      794
  1
AcPointCurveConstraint
 90
      795
  1
AcConstrainedBoundedLine
 90
      796
  1
AcConstrainedImplicitPoint
 90
      797
  1
AcPointCurveConstraint
 90
      798
  1
AcConstrainedImplicitPoint
 90
      799
  1
AcPointCurveConstraint
 90
      800
  1
AcConstrainedBoundedLine
 90
      801
  1
AcConstrainedImplicitPoint
 90
      802
  1
AcPointCurveConstraint
 90
      803
  1
AcConstrainedImplicitPoint
 90
      804
  1
AcPointCurveConstraint
 90
      805
  1
AcConstrainedBoundedLine
 90
      806
  1
AcConstrainedImplicitPoint
 90
      807
  1
AcPointCurveConstraint
 90
      808
  1
AcConstrainedImplicitPoint
 90
      809
  1
AcPointCurveConstraint
 90
      810
  1
AcConstrainedBoundedLine
 90
      811
  1
AcConstrainedImplicitPoint
 90
      812
  1
AcPointCurveConstraint
 90
      813
  1
AcConstrainedImplicitPoint
 90
      814
  1
AcPointCurveConstraint
 90
      815
  1
AcConstrainedBoundedLine
 90
      816
  1
AcConstrainedImplicitPoint
 90
      817
  1
AcPointCurveConstraint
 90
      818
  1
AcConstrainedImplicitPoint
 90
      819
  1
AcPointCurveConstraint
 90
      820
  1
AcConstrainedBoundedLine
 90
      821
  1
AcConstrainedImplicitPoint
 90
      822
  1
AcPointCurveConstraint
 90
      823
  1
AcConstrainedImplicitPoint
 90
      824
  1
AcPointCurveConstraint
 90
      825
  1
AcConstrainedBoundedLine
 90
      826
  1
AcConstrainedImplicitPoint
 90
      827
  1
AcPointCurveConstraint
 90
      828
  1
AcConstrainedImplicitPoint
 90
      829
  1
AcPointCurveConstraint
 90
      830
  1
AcConstrainedBoundedLine
 90
      831
  1
AcConstrainedImplicitPoint
 90
      832
  1
AcPointCurveConstraint
 90
      833
  1
AcConstrainedImplicitPoint
 90
      834
  1
AcPointCurveConstraint
 90
      835
  1
AcPointCoincidenceConstraint
 90
      836
  1
AcPointCoincidenceConstraint
 90
      837
  1
AcPointCoincidenceConstraint
 90
      838
  1
AcPointCoincidenceConstraint
 90
      839
  1
AcPointCoincidenceConstraint
 90
      840
  1
AcPointCoincidenceConstraint
 90
      841
  1
AcPointCoincidenceConstraint
 90
      842
  1
AcPointCoincidenceConstraint
 90
      843
  1
AcPointCoincidenceConstraint
 90
      844
  1
AcPointCoincidenceConstraint
 90
      845
  1
AcPointCoincidenceConstraint
 90
      846
  1
AcColinearConstraint
 90
      847
  1
AcColinearConstraint
 90
      848
  1
AcPointCoincidenceConstraint
 90
      849
  1
AcPointCoincidenceConstraint
 90
      850
  1
AcPointCoincidenceConstraint
 90
      851
  1
AcPointCoincidenceConstraint
 90
      852
  1
AcPointCoincidenceConstraint
 90
      853
  1
AcPointCoincidenceConstraint
 90
      854
  1
AcColinearConstraint
 90
      855
  1
AcColinearConstraint
 90
      856
  1
AcColinearConstraint
 90
      857
  1
AcPointCoincidenceConstraint
 90
      858
  1
AcPointCoincidenceConstraint
 90
      859
  1
AcPointCoincidenceConstraint
 90
      860
  1
AcPointCoincidenceConstraint
 90
      861
  1
AcPointCoincidenceConstraint
 90
      862
  1
AcPointCoincidenceConstraint
 90
      863
  1
AcPointCoincidenceConstraint
 90
      864
  1
AcColinearConstraint
 90
      865
  1
AcPointCoincidenceConstraint
 90
      866
  1
AcPointCoincidenceConstraint
 90
      867
  1
AcPointCoincidenceConstraint
 90
      868
  1
AcPointCoincidenceConstraint
 90
      869
  1
AcColinearConstraint
 90
      870
  1
AcPointCoincidenceConstraint
 90
      871
  1
AcPointCoincidenceConstraint
 90
      872
  1
AcPointCoincidenceConstraint
 90
      873
  1
AcColinearConstraint
 90
      874
  1
AcPointCoincidenceConstraint
 90
      875
  1
AcColinearConstraint
 90
      876
  1
AcPointCoincidenceConstraint
 90
      877
  1
AcColinearConstraint
 90
      878
  1
AcColinearConstraint
 90
      879
  1
AcColinearConstraint
 90
      880
  1
AcPointCoincidenceConstraint
 90
      881
  1
AcPointCoincidenceConstraint
 90
      882
  1
AcPointCoincidenceConstraint
 90
      883
  1
AcPointCoincidenceConstraint
 90
      884
  1
AcPointCoincidenceConstraint
 90
      885
  1
AcPointCoincidenceConstraint
 90
      887
  1
AcPointCoincidenceConstraint
 90
      888
  1
AcPointCoincidenceConstraint
 90
      889
  1
AcPointCoincidenceConstraint
 90
      890
  1
AcPointCoincidenceConstraint
 90
      891
  1
AcPointCoincidenceConstraint
 90
      892
  1
AcPointCoincidenceConstraint
 90
      893
  1
AcPointCoincidenceConstraint
 90
      894
  1
AcColinearConstraint
 90
      895
  1
AcPointCoincidenceConstraint
 90
      896
  1
AcPointCoincidenceConstraint
 90
      897
  1
AcColinearConstraint
 90
      898
  1
AcPointCoincidenceConstraint
 90
      899
  1
AcPointCoincidenceConstraint
 90
      900
  1
AcPointCoincidenceConstraint
 90
      901
  1
AcPointCoincidenceConstraint
 90
      902
  1
AcPointCoincidenceConstraint
 90
      903
  1
AcPointCoincidenceConstraint
 90
      904
  1
AcColinearConstraint
 90
      905
  1
AcPointCoincidenceConstraint
 90
      906
  1
AcPointCoincidenceConstraint
 90
      907
  1
AcColinearConstraint
 90
      908
  1
AcColinearConstraint
 90
      909
  1
AcPointCoincidenceConstraint
 90
      910
  1
AcPointCoincidenceConstraint
 90
      911
  1
AcPointCoincidenceConstraint
 90
      912
  1
AcColinearConstraint
 90
      913
  1
AcPointCoincidenceConstraint
 90
      914
  1
AcPointCoincidenceConstraint
 90
      915
  1
AcPointCoincidenceConstraint
 90
      916
  1
AcPointCoincidenceConstraint
 90
      917
  1
AcPointCoincidenceConstraint
 90
      918
  1
AcPointCoincidenceConstraint
 90
      919
  1
AcColinearConstraint
 90
      920
  1
AcPointCoincidenceConstraint
 90
      921
  1
AcPointCoincidenceConstraint
 90
      922
  1
AcPointCoincidenceConstraint
 90
      925
  1
AcPointCoincidenceConstraint
 90
      926
  1
AcPointCoincidenceConstraint
 90
      927
  1
AcPointCoincidenceConstraint
 90
      928
  1
AcPointCoincidenceConstraint
 90
      929
  1
AcPointCoincidenceConstraint
 90
      930
  1
AcPointCoincidenceConstraint
 90
      931
  1
AcPointCoincidenceConstraint
 90
      932
  1
AcPointCoincidenceConstraint
 90
      933
  1
AcPointCoincidenceConstraint
 90
      934
  1
AcPointCoincidenceConstraint
 90
      935
  1
AcColinearConstraint
 90
      936
  1
AcColinearConstraint
 90
      937
  1
AcPointCoincidenceConstraint
 90
      938
  1
AcPointCoincidenceConstraint
 90
      939
  1
AcPointCoincidenceConstraint
 90
      940
  1
AcPointCoincidenceConstraint
 90
      941
  1
AcPointCoincidenceConstraint
 90
      942
  1
AcColinearConstraint
 90
      943
  1
AcPointCoincidenceConstraint
 90
      944
  1
AcPointCoincidenceConstraint
 90
      945
  1
AcPointCoincidenceConstraint
 90
      946
  1
AcPointCoincidenceConstraint
 90
      947
  1
AcPointCoincidenceConstraint
 90
      948
  1
AcPointCoincidenceConstraint
 90
      949
  1
AcPointCoincidenceConstraint
 90
      950
  1
AcPointCoincidenceConstraint
 90
      951
  1
AcPointCoincidenceConstraint
 90
      952
  1
AcPointCoincidenceConstraint
 90
      953
  1
AcPointCoincidenceConstraint
 90
      954
  1
AcPointCoincidenceConstraint
 90
      955
  1
AcPointCoincidenceConstraint
 90
      956
  1
AcPointCoincidenceConstraint
 90
      957
  1
AcPointCoincidenceConstraint
 90
      958
  1
AcPointCoincidenceConstraint
 90
      959
  1
AcPointCoincidenceConstraint
 90
      960
  1
AcColinearConstraint
 90
      961
  1
AcColinearConstraint
 90
      962
  1
AcPointCoincidenceConstraint
 90
      963
  1
AcPointCoincidenceConstraint
 90
      964
  1
AcPointCoincidenceConstraint
 90
      965
  1
AcPointCoincidenceConstraint
 90
      966
  1
AcPointCoincidenceConstraint
 90
      967
  1
AcPointCoincidenceConstraint
 90
      968
  1
AcPointCoincidenceConstraint
 90
      969
  1
AcPointCoincidenceConstraint
 90
      970
  1
AcPointCoincidenceConstraint
 90
      971
  1
AcPointCoincidenceConstraint
 90
      972
  1
AcPointCoincidenceConstraint
 90
      973
  1
AcColinearConstraint
 90
      974
  1
AcColinearConstraint
 90
      975
  1
AcColinearConstraint
 90
      976
  1
AcColinearConstraint
 90
      977
  1
AcPointCoincidenceConstraint
 90
      978
  1
AcColinearConstraint
 90
      979
  1
AcColinearConstraint
 90
      980
  1
AcColinearConstraint
 90
      981
  1
AcPointCoincidenceConstraint
 90
      982
  1
AcPointCoincidenceConstraint
 90
      983
  1
AcColinearConstraint
 90
      984
  1
AcColinearConstraint
 90
      985
  1
AcColinearConstraint
 90
      986
  1
AcPointCoincidenceConstraint
 90
      987
  1
AcPointCoincidenceConstraint
 90
      988
  1
AcPointCoincidenceConstraint
 90
      989
  1
AcPointCoincidenceConstraint
 90
      990
  1
AcPointCoincidenceConstraint
 90
      991
  1
AcPointCoincidenceConstraint
 90
      992
  1
AcPointCoincidenceConstraint
 90
      993
  1
AcColinearConstraint
 90
      994
  1
AcColinearConstraint
 90
      995
  1
AcColinearConstraint
 90
      996
  1
AcColinearConstraint
 90
      997
  1
AcColinearConstraint
 90
      998
  1
AcColinearConstraint
 90
      999
  1
AcPointCoincidenceConstraint
 90
     1000
  1
AcPointCoincidenceConstraint
 90
     1001
  1
AcColinearConstraint
 90
     1002
  1
AcColinearConstraint
 90
     1003
  1
AcColinearConstraint
 90
     1004
  1
AcColinearConstraint
 90
     1005
  1
AcColinearConstraint
 90
     1006
  1
AcPointCoincidenceConstraint
 90
     1007
  1
AcColinearConstraint
 90
     1008
  1
AcColinearConstraint
 90
     1009
  1
AcColinearConstraint
 90
     1010
  1
AcPointCoincidenceConstraint
 90
     1011
  1
AcPointCoincidenceConstraint
 90
     1012
  1
AcColinearConstraint
 90
     1013
  1
AcColinearConstraint
 90
     1014
  1
AcPointCoincidenceConstraint
 90
     1015
  1
AcPointCoincidenceConstraint
 90
     1016
  1
AcPointCoincidenceConstraint
 90
     1017
  1
AcPointCoincidenceConstraint
 90
     1018
  1
AcColinearConstraint
 90
     1019
  1
AcColinearConstraint
 90
     1020
  1
AcPointCoincidenceConstraint
 90
     1021
  1
AcPointCoincidenceConstraint
 90
     1022
  1
AcColinearConstraint
 90
     1023
  1
AcPointCoincidenceConstraint
 90
     1024
  1
AcPointCoincidenceConstraint
 90
     1025
  1
AcPointCoincidenceConstraint
 90
     1026
  1
AcColinearConstraint
 90
     1027
  1
AcColinearConstraint
 90
     1028
  1
AcColinearConstraint
 90
     1029
  1
AcColinearConstraint
 90
     1030
  1
AcColinearConstraint
 90
     1031
  1
AcColinearConstraint
 90
     1032
  1
AcPointCoincidenceConstraint
 90
     1033
  1
AcPointCoincidenceConstraint
 90
     1034
  1
AcColinearConstraint
 90
     1035
  1
AcColinearConstraint
 90
     1036
  1
AcColinearConstraint
 90
     1037
  1
AcPointCoincidenceConstraint
 90
     1038
  1
AcPointCoincidenceConstraint
 90
     1039
  1
AcColinearConstraint
 90
     1040
  1
AcColinearConstraint
 90
     1041
  1
AcColinearConstraint
 90
     1042
  1
AcColinearConstraint
 90
     1043
  1
AcPointCoincidenceConstraint
 90
     1044
  1
AcPointCoincidenceConstraint
 90
     1045
  1
AcColinearConstraint
 90
     1046
  1
AcColinearConstraint
 90
     1047
  1
AcColinearConstraint
 90
     1048
  1
AcColinearConstraint
 90
     1049
  1
AcColinearConstraint
 90
     1050
  1
AcPointCoincidenceConstraint
 90
     1051
  1
AcPointCoincidenceConstraint
 90
     1052
  1
AcColinearConstraint
 90
     1053
  1
AcColinearConstraint
 90
     1054
  1
AcColinearConstraint
 90
     1055
  1
AcColinearConstraint
 90
     1056
  1
AcColinearConstraint
 90
     1057
  1
AcPointCoincidenceConstraint
 90
     1058
  1
AcColinearConstraint
 90
     1059
  1
AcColinearConstraint
 90
     1060
  1
AcPointCoincidenceConstraint
 90
     1061
  1
AcColinearConstraint
 90
     1062
  1
AcColinearConstraint
 90
     1063
  1
AcColinearConstraint
 90
     1064
  1
AcColinearConstraint
 90
     1065
  1
AcColinearConstraint
 90
     1066
  1
AcColinearConstraint
 90
     1067
  1
AcPointCoincidenceConstraint
 90
     1068
  1
AcColinearConstraint
 90
     1069
  1
AcColinearConstraint
 90
     1070
  1
AcColinearConstraint
 90
     1071
  1
AcPointCoincidenceConstraint
 90
     1072
  1
AcPointCoincidenceConstraint
 90
     1073
  1
AcPointCoincidenceConstraint
 90
     1074
  1
AcColinearConstraint
 90
     1075
  1
AcColinearConstraint
 90
     1076
  1
AcPointCoincidenceConstraint
 90
     1077
  1
AcPointCoincidenceConstraint
 90
     1078
  1
AcColinearConstraint
 90
     1080
  1
AcPointCoincidenceConstraint
 90
     1081
  1
AcPointCoincidenceConstraint
 90
     1082
  1
AcColinearConstraint
 90
     1083
  1
AcColinearConstraint
 90
     1084
  1
AcPointCoincidenceConstraint
 90
     1085
  1
AcPointCoincidenceConstraint
 90
     1086
  1
AcColinearConstraint
 90
     1087
  1
AcColinearConstraint
 90
     1088
  1
AcColinearConstraint
 90
     1089
  1
AcColinearConstraint
 90
     1090
  1
AcColinearConstraint
 90
     1091
  1
AcColinearConstraint
 90
     1092
  1
AcColinearConstraint
 90
     1093
  1
AcPointCoincidenceConstraint
 90
     1094
  1
AcColinearConstraint
 90
     1095
  1
AcPointCoincidenceConstraint
 90
     1096
  1
AcColinearConstraint
 90
     1097
  1
AcColinearConstraint
 90
     1098
  1
AcPointCoincidenceConstraint
 90
     1099
  1
AcPointCoincidenceConstraint
 90
     1100
  1
AcPointCoincidenceConstraint
 90
     1101
  1
AcPointCoincidenceConstraint
 90
     1102
  1
AcPointCoincidenceConstraint
 90
     1103
  1
AcPointCoincidenceConstraint
 90
     1104
  1
AcPointCoincidenceConstraint
 90
     1105
  1
AcPointCoincidenceConstraint
 90
     1106
  1
AcPointCoincidenceConstraint
 90
     1107
  1
AcPointCoincidenceConstraint
 90
     1108
  1
AcColinearConstraint
 90
     1109
  1
AcColinearConstraint
 90
     1110
  1
AcColinearConstraint
 90
     1111
  1
AcColinearConstraint
 90
     1112
  1
AcColinearConstraint
 90
     1113
  1
AcColinearConstraint
 90
     1114
  1
AcColinearConstraint
 90
     1115
  1
AcColinearConstraint
 90
     1116
  1
AcPointCoincidenceConstraint
 90
     1117
  1
AcPointCoincidenceConstraint
 90
     1118
  1
AcPointCoincidenceConstraint
 90
     1119
  1
AcPointCoincidenceConstraint
 90
     1120
  1
AcParallelConstraint
 90
     1122
  1
AcParallelConstraint
 90
     1123
  1
AcParallelConstraint
 90
     1124
  1
AcParallelConstraint
 90
     1125
  1
AcParallelConstraint
 90
     1126
  1
AcParallelConstraint
 90
     1127
  1
AcParallelConstraint
 90
     1128
  1
AcParallelConstraint
 90
     1129
  1
AcParallelConstraint
 90
     1130
  1
AcParallelConstraint
 90
     1131
  1
AcParallelConstraint
 90
     1132
  1
AcParallelConstraint
 90
     1133
  1
AcParallelConstraint
 90
     1134
  1
AcParallelConstraint
 90
     1135
  1
AcParallelConstraint
 90
     1136
  1
AcParallelConstraint
 90
     1137
  1
AcParallelConstraint
 90
     1138
  1
AcParallelConstraint
 90
     1139
  1
AcParallelConstraint
 90
     1140
  1
AcParallelConstraint
 90
     1141
  1
AcParallelConstraint
 90
     1142
  1
AcParallelConstraint
 90
     1143
  1
AcParallelConstraint
 90
     1144
  1
AcParallelConstraint
 90
     1145
  1
AcParallelConstraint
 90
     1146
  1
AcParallelConstraint
 90
     1147
  1
AcParallelConstraint
 90
     1148
  1
AcParallelConstraint
 90
     1149
  1
AcParallelConstraint
 90
     1150
  1
AcParallelConstraint
 90
     1151
  1
AcParallelConstraint
 90
     1152
  1
AcParallelConstraint
 90
     1153
  1
AcParallelConstraint
 90
     1154
  1
AcParallelConstraint
 90
     1155
  1
AcParallelConstraint
 90
     1156
  1
AcParallelConstraint
 90
     1157
  1
AcParallelConstraint
 90
     1158
  1
AcParallelConstraint
 90
     1159
  1
AcParallelConstraint
 90
     1160
  1
AcParallelConstraint
 90
     1161
  1
AcParallelConstraint
 90
     1162
  1
AcParallelConstraint
 90
     1163
  1
AcParallelConstraint
 90
     1164
  1
AcParallelConstraint
 90
     1165
  1
AcParallelConstraint
 90
     1166
  1
AcParallelConstraint
 90
     1167
  1
AcParallelConstraint
 90
     1168
  1
AcParallelConstraint
 90
     1169
  1
AcParallelConstraint
 90
     1170
  1
AcParallelConstraint
 90
     1171
  1
AcParallelConstraint
 90
     1172
  1
AcParallelConstraint
 90
     1173
  1
AcParallelConstraint
 90
     1174
 90
        1
 90
        4
 90
        3
 90
        5
 90
      847
 90
      848
 70
     1
330
452
 90
        0
 10
740.9912528296338
 20
204.0500615264461
 30
0.0
 10
0.0000693056504133
 20
0.9999999975983655
 30
0.0
290
     0
 10
740.9912528296338
 20
204.0500615264461
 30
0.0
 11
740.9929854708937
 21
229.0500614664052
 31
0.0
 90
        2
 90
        2
 90
        3
 90
      836
 70
     1
330
0
 90
        0
280
     0
 90
       -1
 90
        1
 90
        3
 90
        2
 90
        2
 90
        1
 70
     0
 90
        0
290
     1
290
     1
 90
        4
 90
        1
 90
        5
 70
     1
330
0
 90
        0
280
     1
 90
       -1
 90
        1
 90
        5
 90
        2
 90
        4
 90
        1
 70
     0
 90
        0
290
     1
290
     1
 90
        6
 90
        7
 90
        8
 90
       10
 90
     1002
 90
     1003
 90
     1004
 90
     1005
 90
     1006
 70
     1
330
453
 90
        0
 10
715.9912528896748
 20
204.0517941677068
 30
0.0
 10
0.9999999975983655
 20
-0.0000693056504133
 30
0.0
290
     0
 10
715.9912528896748
 20
204.0517941677068
 30
0.0
 11
740.9912528296338
 21
204.0500615264461
 31
0.0
 90
        7
 90
        2
 90
        8
 90
      837
 70
     1
330
0
 90
        0
280
     0
 90
       -1
 90
        6
 90
        8
 90
        2
 90
        7
 90
        6
 70
     0
 90
        0
290
     1
290
     1
 90
        9
 90
        2
 90
       10
 90
      836
 70
     1
330
0
 90
        0
280
     1
 90
       -1
 90
        6
 90
       10
 90
        2
 90
        9
 90
        6
 70
     0
 90
        0
290
     1
290
     1
 90
       11
 90
        5
 90
       13
 90
       15
 90
      855
 90
      856
 90
      857
 70
     1
330
454
 90
        0
 10
715.9895214643097
 20
179.0693381871355
 30
0.0
 10
0.0000693056504133
 20
0.9999999975983655
 30
0.0
290
     0
 10
715.9895214643097
 20
179.0693381871355
 30
0.0
 11
715.9912528896748
 21
204.0517941677068
 31
0.0
 90
       12
 90
        2
 90
       13
 90
      838
 70
     1
330
0
 90
        0
280
     0
 90
       -1
 90
       11
 90
       13
 90
        2
 90
       12
 90
       11
 70
     0
 90
        0
290
     1
290
     1
 90
       14
 90
        2
 90
       15
 90
      837
 70
     1
330
0
 90
        0
280
     1
 90
       -1
 90
       11
 90
       15
 90
        2
 90
       14
 90
       11
 70
     0
 90
        0
290
     1
290
     1
 90
       16
 90
        6
 90
       18
 90
       20
 90
      974
 90
      975
 90
      976
 90
      977
 70
     1
330
455
 90
        0
 10
691.3309927066848
 20
179.0710471625019
 30
0.0
 10
0.9999999975983655
 20
-0.0000693056504133
 30
0.0
290
     0
 10
691.3309927066848
 20
179.0710471625019
 30
0.0
 11
715.9895214643097
 21
179.0693381871355
 31
0.0
 90
       17
 90
        2
 90
       18
 90
      839
 70
     1
330
0
 90
        0
280
     0
 90
       -1
 90
       16
 90
       18
 90
        2
 90
       17
 90
       16
 70
     0
 90
        0
290
     1
290
     1
 90
       19
 90
        2
 90
       20
 90
      838
 70
     1
330
0
 90
        0
280
     1
 90
       -1
 90
       16
 90
       20
 90
        2
 90
       19
 90
       16
 70
     0
 90
        0
290
     1
290
     1
 90
       21
 90
        4
 90
       23
 90
       25
 90
     1075
 90
     1076
 70
     1
330
456
 90
        0
 10
691.3292588495285
 20
154.0535032631653
 30
0.0
 10
0.0000693056504133
 20
0.9999999975983655
 30
0.0
290
     0
 10
691.3292588495285
 20
154.0535032631653
 30
0.0
 11
691.3309927066848
 21
179.0710471625019
 31
0.0
 90
       22
 90
        2
 90
       23
 90
      840
 70
     1
330
0
 90
        0
280
     0
 90
       -1
 90
       21
 90
       23
 90
        2
 90
       22
 90
       21
 70
     0
 90
        0
290
     1
290
     1
 90
       24
 90
        2
 90
       25
 90
      839
 70
     1
330
0
 90
        0
280
     1
 90
       -1
 90
       21
 90
       25
 90
        2
 90
       24
 90
       21
 70
     0
 90
        0
290
     1
290
     1
 90
       26
 90
        6
 90
       28
 90
       30
 90
     1040
 90
     1041
 90
     1042
 90
     1043
 70
     1
330
457
 90
        0
 10
715.9877876071547
 20
154.0517942877703
 30
0.0
 10
-0.9999999975983655
 20
0.0000693056504133
 30
0.0
290
     0
 10
715.9877876071544
 20
154.0517942877703
 30
0.0
 11
691.3292588495285
 21
154.0535032631653
 31
0.0
 90
       27
 90
        2
 90
       28
 90
      841
 70
     1
330
0
 90
        0
280
     0
 90
       -1
 90
       26
 90
       28
 90
        2
 90
       27
 90
       26
 70
     0
 90
        0
290
     1
290
     1
 90
       29
 90
        2
 90
       30
 90
      840
 70
     1
330
0
 90
        0
280
     1
 90
       -1
 90
       26
 90
       30
 90
        2
 90
       29
 90
       26
 70
     0
 90
        0
290
     1
290
     1
 90
       31
 90
        3
 90
       33
 90
       35
 90
      855
 70
     1
330
458
 90
        0
 10
715.9860549658945
 20
129.0517943478286
 30
0.0
 10
0.0000693056504133
 20
0.9999999975983655
 30
0.0
290
     0
 10
715.9860549658945
 20
129.0517943478286
 30
0.0
 11
715.9877876071544
 21
154.0517942877703
 31
0.0
 90
       32
 90
        2
 90
       33
 90
      842
 70
     1
330
0
 90
        0
280
     0
 90
       -1
 90
       31
 90
       33
 90
        2
 90
       32
 90
       31
 70
     0
 90
        0
290
     1
290
     1
 90
       34
 90
        2
 90
       35
 90
      841
 70
     1
330
0
 90
        0
280
     1
 90
       -1
 90
       31
 90
       35
 90
        2
 90
       34
 90
       31
 70
     0
 90
        0
290
     1
290
     1
 90
       36
 90
        8
 90
       38
 90
       40
 90
      994
 90
      995
 90
      996
 90
      997
 90
      998
 90
      999
 70
     1
330
459
 90
        0
 10
740.9860549058537
 20
129.0500617065544
 30
0.0
 10
-0.9999999975983655
 20
0.0000693056504133
 30
0.0
290
     0
 10
740.9860549058542
 20
129.0500617065544
 30
0.0
 11
715.9860549658945
 21
129.0517943478286
 31
0.0
 90
       37
 90
        2
 90
       38
 90
      843
 70
     1
330
0
 90
        0
280
     0
 90
       -1
 90
       36
 90
       38
 90
        2
 90
       37
 90
       36
 70
     0
 90
        0
290
     1
290
     1
 90
       39
 90
        2
 90
       40
 90
      842
 70
     1
330
0
 90
        0
280
     1
 90
       -1
 90
       36
 90
       40
 90
        2
 90
       39
 90
       36
 70
     0
 90
        0
290
     1
290
     1
 90
       41
 90
        3
 90
       43
 90
       45
 90
      847
 70
     1
330
45A
 90
        0
 10
740.9877875471141
 20
154.0500616465279
 30
0.0
 10
-0.0000693056504133
 20
-0.9999999975983655
 30
0.0
290
     0
 10
740.987787547114
 20
154.0500616465096
 30
0.0
 11
740.9860549058542
 21
129.0500617065544
 31
0.0
 90
       42
 90
        2
 90
       43
 90
      844
 70
     1
330
0
 90
        0
280
     0
 90
       -1
 90
       41
 90
       43
 90
        2
 90
       42
 90
       41
 70
     0
 90
        0
290
     1
290
     1
 90
       44
 90
        2
 90
       45
 90
      843
 70
     1
330
0
 90
        0
280
     1
 90
       -1
 90
       41
 90
       45
 90
        2
 90
       44
 90
       41
 70
     0
 90
        0
290
     1
290
     1
 90
       46
 90
        3
 90
       48
 90
       50
 90
     1040
 70
     1
330
45B
 90
        0
 10
765.6469739097069
 20
154.0483526255557
 30
0.0
 10
-0.9999999975983655
 20
0.0000693056504133
 30
0.0
290
     0
 10
765.6469739097067
 20
154.0483526255557
 30
0.0
 11
740.987787547114
 21
154.0500616465096
 31
0.0
 90
       47
 90
        2
 90
       48
 90
      845
 70
     1
330
0
 90
        0
280
     0
 90
       -1
 90
       46
 90
       48
 90
        2
 90
       47
 90
       46
 70
     0
 90
        0
290
     1
290
     1
 90
       49
 90
        2
 90
       50
 90
      844
 70
     1
330
0
 90
        0
280
     1
 90
       -1
 90
       46
 90
       50
 90
        2
 90
       49
 90
       46
 70
     0
 90
        0
290
     1
290
     1
 90
       51
 90
       40
 90
       53
 90
       55
 90
     1122
 90
     1123
 90
     1124
 90
     1125
 90
     1126
 90
     1127
 90
     1128
 90
     1129
 90
     1130
 90
     1131
 90
     1132
 90
     1133
 90
     1134
 90
     1135
 90
     1136
 90
     1137
 90
     1138
 90
     1139
 90
     1140
 90
     1141
 90
     1142
 90
     1143
 90
     1144
 90
     1145
 90
     1146
 90
     1147
 90
     1148
 90
     1149
 90
     1150
 90
     1151
 90
     1152
 90
     1153
 90
     1154
 90
     1155
 90
     1156
 90
     1157
 90
     1158
 90
     1159
 70
     1
330
45C
 90
        0
 10
765.6435086271866
 20
104.0483527456563
 30
0.0
 10
0.0000693056504133
 20
0.9999999975983655
 30
0.0
290
     0
 10
765.6435086271867
 20
104.0483527456563
 30
0.0
 11
765.6469739097067
 21
154.0483526255557
 31
0.0
 90
       52
 90
        2
 90
       53
 90
      846
 70
     1
330
0
 90
        0
280
     0
 90
       -1
 90
       51
 90
       53
 90
        2
 90
       52
 90
       51
 70
     0
 90
        0
290
     1
290
     1
 90
       54
 90
        2
 90
       55
 90
      845
 70
     1
330
0
 90
        0
280
     1
 90
       -1
 90
       51
 90
       55
 90
        2
 90
       54
 90
       51
 70
     0
 90
        0
290
     1
290
     1
 90
       56
 90
        7
 90
       58
 90
       60
 90
     1046
 90
     1047
 90
     1048
 90
     1049
 90
     1050
 70
     1
330
45D
 90
        0
 10
740.9843222645934
 20
104.050061766591
 30
0.0
 10
0.9999999975983655
 20
-0.0000693056504275
 30
0.0
290
     0
 10
740.9843222645942
 20
104.050061766591
 30
0.0
 11
765.6435086271867
 21
104.0483527456563
 31
0.0
 90
       57
 90
        2
 90
       58
 90
      849
 70
     1
330
0
 90
        0
280
     0
 90
       -1
 90
       56
 90
       58
 90
        2
 90
       57
 90
       56
 70
     0
 90
        0
290
     1
290
     1
 90
       59
 90
        2
 90
       60
 90
      846
 70
     1
330
0
 90
        0
280
     1
 90
       -1
 90
       56
 90
       60
 90
        2
 90
       59
 90
       56
 70
     0
 90
        0
290
     1
290
     1
 90
       61
 90
        4
 90
       63
 90
       65
 90
      848
 90
     1122
 70
     1
330
45E
 90
        0
 10
740.9825896233344
 20
79.05006182665068
 30
0.0
 10
0.0000693056504133
 20
0.9999999975983655
 30
0.0
290
     0
 10
740.9825896233344
 20
79.05006182665068
 30
0.0
 11
740.9843222645942
 21
104.050061766591
 31
0.0
 90
       62
 90
        2
 90
       63
 90
      850
 70
     1
330
0
 90
        0
280
     0
 90
       -1
 90
       61
 90
       63
 90
        2
 90
       62
 90
       61
 70
     0
 90
        0
290
     1
290
     1
 90
       64
 90
        2
 90
       65
 90
      849
 70
     1
330
0
 90
        0
280
     1
 90
       -1
 90
       61
 90
       65
 90
        2
 90
       64
 90
       61
 70
     0
 90
        0
290
     1
290
     1
 90
       66
 90
        4
 90
       68
 90
       70
 90
      961
 90
      962
 70
     1
330
45F
 90
        0
 10
715.9825896833748
 20
79.05179446789458
 30
0.0
 10
0.9999999975983655
 20
-0.0000693056504275
 30
0.0
290
     0
 10
715.9825896833747
 20
79.05179446789464
 30
0.0
 11
740.9825896233344
 21
79.05006182665068
 31
0.0
 90
       67
 90
        2
 90
       68
 90
      851
 70
     1
330
0
 90
        0
280
     0
 90
       -1
 90
       66
 90
       68
 90
        2
 90
       67
 90
       66
 70
     0
 90
        0
290
     1
290
     1
 90
       69
 90
        2
 90
       70
 90
      850
 70
     1
330
0
 90
        0
280
     1
 90
       -1
 90
       66
 90
       70
 90
        2
 90
       69
 90
       66
 70
     0
 90
        0
290
     1
290
     1
 90
       71
 90
        3
 90
       73
 90
       75
 90
      856
 70
     1
330
460
 90
        0
 10
715.9843223246347
 20
104.0517944078698
 30
0.0
 10
-0.0000693056504133
 20
-0.9999999975983655
 30
0.0
290
     0
 10
715.9843223246348
 20
104.0517944078516
 30
0.0
 11
715.9825896833747
 21
79.05179446789464
 31
0.0
 90
       72
 90
        2
 90
       73
 90
      852
 70
     1
330
0
 90
        0
280
     0
 90
       -1
 90
       71
 90
       73
 90
        2
 90
       72
 90
       71
 70
     0
 90
        0
290
     1
290
     1
 90
       74
 90
        2
 90
       75
 90
      851
 70
     1
330
0
 90
        0
280
     1
 90
       -1
 90
       71
 90
       75
 90
        2
 90
       74
 90
       71
 70
     0
 90
        0
290
     1
290
     1
 90
       76
 90
        3
 90
       78
 90
       80
 90
     1046
 70
     1
330
461
 90
        0
 10
691.3257935670091
 20
104.0535033832299
 30
0.0
 10
0.9999999975983655
 20
-0.0000693056504275
 30
0.0
290
     0
 10
691.3257935670089
 20
104.0535033832299
 30
0.0
 11
715.9843223246348
 21
104.0517944078516
 31
0.0
 90
       77
 90
        2
 90
       78
 90
      853
 70
     1
330
0
 90
        0
280
     0
 90
       -1
 90
       76
 90
       78
 90
        2
 90
       77
 90
       76
 70
     0
 90
        0
290
     1
290
     1
 90
       79
 90
        2
 90
       80
 90
      852
 70
     1
330
0
 90
        0
280
     1
 90
       -1
 90
       76
 90
       80
 90
        2
 90
       79
 90
       76
 70
     0
 90
        0
290
     1
290
     1
 90
       81
 90
        3
 90
       83
 90
       85
 90
     1075
 70
     1
330
462
 90
        0
 10
691.322328284489
 20
54.05350350332913
 30
0.0
 10
0.0000693056504133
 20
0.9999999975983655
 30
0.0
290
     0
 10
691.322328284489
 20
54.05350350332901
 30
0.0
 11
691.3257935670089
 21
104.0535033832299
 31
0.0
 90
       82
 90
        2
 90
       83
 90
      854
 70
     1
330
0
 90
        0
280
     0
 90
       -1
 90
       81
 90
       83
 90
        2
 90
       82
 90
       81
 70
     0
 90
        0
290
     1
290
     1
 90
       84
 90
        2
 90
       85
 90
      853
 70
     1
330
0
 90
        0
280
     1
 90
       -1
 90
       81
 90
       85
 90
        2
 90
       84
 90
       81
 70
     0
 90
        0
290
     1
290
     1
 90
       86
 90
        7
 90
       88
 90
       90
 90
     1053
 90
     1054
 90
     1055
 90
     1056
 90
     1057
 70
     1
330
463
 90
        0
 10
715.9808570421144
 20
54.05179452793413
 30
0.0
 10
-0.9999999975983655
 20
0.0000693056504275
 30
0.0
290
     0
 10
715.9808570421146
 20
54.05179452793413
 30
0.0
 11
691.322328284489
 21
54.05350350332901
 31
0.0
 90
       87
 90
        2
 90
       88
 90
      858
 70
     1
330
0
 90
        0
280
     0
 90
       -1
 90
       86
 90
       88
 90
        2
 90
       87
 90
       86
 70
     0
 90
        0
290
     1
290
     1
 90
       89
 90
        2
 90
       90
 90
      854
 70
     1
330
0
 90
        0
280
     1
 90
       -1
 90
       86
 90
       90
 90
        2
 90
       89
 90
       86
 70
     0
 90
        0
290
     1
290
     1
 90
       91
 90
        4
 90
       93
 90
       95
 90
      857
 90
     1123
 70
     1
330
464
 90
        0
 10
715.9791244008547
 20
29.05179458799239
 30
0.0
 10
0.0000693056504133
 20
0.999999997598362
 30
0.0
290
     0
 10
715.9791244008547
 20
29.05179458799251
 30
0.0
 11
715.9808570421146
 21
54.05179452793413
 31
0.0
 90
       92
 90
        2
 90
       93
 90
      859
 70
     1
330
0
 90
        0
280
     0
 90
       -1
 90
       91
 90
       93
 90
        2
 90
       92
 90
       91
 70
     0
 90
        0
290
     1
290
     1
 90
       94
 90
        2
 90
       95
 90
      858
 70
     1
330
0
 90
        0
280
     1
 90
       -1
 90
       91
 90
       95
 90
        2
 90
       94
 90
       91
 70
     0
 90
        0
290
     1
290
     1
 90
       96
 90
        8
 90
       98
 90
      100
 90
     1062
 90
     1063
 90
     1064
 90
     1065
 90
     1066
 90
     1067
 70
     1
330
465
 90
        0
 10
691.3205956432292
 20
29.05350356335276
 30
0.0
 10
0.9999999975983655
 20
-0.0000693056504275
 30
0.0
290
     0
 10
691.3205956432293
 20
29.05350356335282
 30
0.0
 11
715.9791244008547
 21
29.05179458799251
 31
0.0
 90
       97
 90
        2
 90
       98
 90
     1077
 70
     1
330
0
 90
        0
280
     0
 90
       -1
 90
       96
 90
       98
 90
        2
 90
       97
 90
       96
 70
     0
 90
        0
290
     1
290
     1
 90
       99
 90
        2
 90
      100
 90
      859
 70
     1
330
0
 90
        0
280
     1
 90
       -1
 90
       96
 90
      100
 90
        2
 90
       99
 90
       96
 70
     0
 90
        0
290
     1
290
     1
 90
      101
 90
        4
 90
      103
 90
      105
 90
      908
 90
      909
 70
     1
330
466
 90
        0
 10
560.6365092488314
 20
3.062560646550991
 30
0.0
 10
-0.9999999975983655
 20
0.0000693056504266
 30
0.0
290
     0
 10
560.6365092488313
 20
3.062560646550991
 30
0.0
 11
535.6365093088722
 21
3.064293287811665
 31
0.0
 90
      102
 90
        2
 90
      103
 90
      860
 70
     1
330
0
 90
        0
280
     0
 90
       -1
 90
      101
 90
      103
 90
        2
 90
      102
 90
      101
 70
     0
 90
        0
290
     1
290
     1
 90
      104
 90
        2
 90
      105
 90
      885
 70
     1
330
0
 90
        0
280
     1
 90
       -1
 90
      101
 90
      105
 90
        2
 90
      104
 90
      101
 70
     0
 90
        0
290
     1
290
     1
 90
      106
 90
        3
 90
      108
 90
      110
 90
      876
 70
     1
330
467
 90
        0
 10
560.6382418900912
 20
28.06256058651292
 30
0.0
 10
-0.0000693056504133
 20
-0.999999997598362
 30
0.0
290
     0
 10
560.6382418900912
 20
28.06256058651297
 30
0.0
 11
560.6365092488313
 21
3.062560646550991
 31
0.0
 90
      107
 90
        4
 90
      108
 90
      881
 90
      882
 90
      883
 70
     1
330
0
 90
        0
280
     0
 90
       -1
 90
      106
 90
      108
 90
        2
 90
      107
 90
      106
 70
     0
 90
        0
290
     1
290
     1
 90
      109
 90
        2
 90
      110
 90
      860
 70
     1
330
0
 90
        0
280
     1
 90
       -1
 90
      106
 90
      110
 90
        2
 90
      109
 90
      106
 70
     0
 90
        0
290
     1
290
     1
 90
      111
 90
        5
 90
      113
 90
      115
 90
      878
 90
      879
 90
      880
 70
     1
330
468
 90
        0
 10
585.6382418300503
 20
28.06082794525156
 30
0.0
 10
-0.9999999975983655
 20
0.0000693056504275
 30
0.0
290
     0
 10
585.6382418300504
 20
28.06082794525151
 30
0.0
 11
560.6382418900912
 21
28.06256058651297
 31
0.0
 90
      112
 90
        4
 90
      113
 90
      871
 90
      872
 90
      873
 70
     1
330
0
 90
        0
280
     0
 90
       -1
 90
      111
 90
      113
 90
        2
 90
      112
 90
      111
 70
     0
 90
        0
290
     1
290
     1
 90
      114
 90
        2
 90
      115
 90
      881
 70
     1
330
0
 90
        0
280
     1
 90
       -1
 90
      111
 90
      115
 90
        2
 90
      114
 90
      111
 70
     0
 90
        0
290
     1
290
     1
 90
      116
 90
        3
 90
      118
 90
      120
 90
      870
 70
     1
330
469
 90
        0
 10
585.6365091887905
 20
3.060828005293501
 30
0.0
 10
0.0000693056504133
 20
0.9999999975983637
 30
0.0
290
     0
 10
585.6365091887905
 20
3.060828005290318
 30
0.0
 11
585.6382418300504
 21
28.06082794525151
 31
0.0
 90
      117
 90
        2
 90
      118
 90
      861
 70
     1
330
0
 90
        0
280
     0
 90
       -1
 90
      116
 90
      118
 90
        2
 90
      117
 90
      116
 70
     0
 90
        0
290
     1
290
     1
 90
      119
 90
        2
 90
      120
 90
      871
 70
     1
330
0
 90
        0
280
     1
 90
       -1
 90
      116
 90
      120
 90
        2
 90
      119
 90
      116
 70
     0
 90
        0
290
     1
290
     1
 90
      121
 90
        3
 90
      123
 90
      125
 90
      908
 70
     1
330
46A
 90
        0
 10
610.63650912875
 20
3.059095364029701
 30
0.0
 10
-0.9999999975983655
 20
0.0000693056504266
 30
0.0
290
     0
 10
610.6365091287496
 20
3.059095364029758
 30
0.0
 11
585.6365091887905
 21
3.060828005290318
 31
0.0
 90
      122
 90
        2
 90
      123
 90
      862
 70
     1
330
0
 90
        0
280
     0
 90
       -1
 90
      121
 90
      123
 90
        2
 90
      122
 90
      121
 70
     0
 90
        0
290
     1
290
     1
 90
      124
 90
        2
 90
      125
 90
      861
 70
     1
330
0
 90
        0
280
     1
 90
       -1
 90
      121
 90
      125
 90
        2
 90
      124
 90
      121
 70
     0
 90
        0
290
     1
290
     1
 90
      126
 90
        3
 90
      128
 90
      130
 90
      865
 70
     1
330
46B
 90
        0
 10
610.6382417700094
 20
28.05909530399316
 30
0.0
 10
-0.0000693056504133
 20
-0.999999997598362
 30
0.0
290
     0
 10
610.6382417700094
 20
28.05909530399095
 30
0.0
 11
610.6365091287496
 21
3.059095364029758
 31
0.0
 90
      127
 90
        4
 90
      128
 90
      867
 90
      868
 90
      869
 70
     1
330
0
 90
        0
280
     0
 90
       -1
 90
      126
 90
      128
 90
        2
 90
      127
 90
      126
 70
     0
 90
        0
290
     1
290
     1
 90
      129
 90
        2
 90
      130
 90
      862
 70
     1
330
0
 90
        0
280
     1
 90
       -1
 90
      126
 90
      130
 90
        2
 90
      129
 90
      126
 70
     0
 90
        0
290
     1
290
     1
 90
      131
 90
        3
 90
      133
 90
      135
 90
      878
 70
     1
330
46C
 90
        0
 10
635.6382417099683
 20
28.05736266273027
 30
0.0
 10
-0.9999999975983655
 20
0.0000693056504275
 30
0.0
290
     0
 10
635.6382417099686
 20
28.05736266273027
 30
0.0
 11
610.6382417700094
 21
28.05909530399095
 31
0.0
 90
      132
 90
        2
 90
      133
 90
      863
 70
     1
330
0
 90
        0
280
     0
 90
       -1
 90
      131
 90
      133
 90
        2
 90
      132
 90
      131
 70
     0
 90
        0
290
     1
290
     1
 90
      134
 90
        2
 90
      135
 90
      867
 70
     1
330
0
 90
        0
280
     1
 90
       -1
 90
      131
 90
      135
 90
        2
 90
      134
 90
      131
 70
     0
 90
        0
290
     1
290
     1
 90
      136
 90
        3
 90
      138
 90
      140
 90
     1080
 70
     1
330
46D
 90
        0
 10
635.6399743512296
 20
53.05736260269191
 30
0.0
 10
-0.0000693056504133
 20
-0.9999999975983655
 30
0.0
290
     0
 10
635.6399743512294
 20
53.05736260269191
 30
0.0
 11
635.6382417099686
 21
28.05736266273027
 31
0.0
 90
      137
 90
        2
 90
      138
 90
      864
 70
     1
330
0
 90
        0
280
     0
 90
       -1
 90
      136
 90
      138
 90
        2
 90
      137
 90
      136
 70
     0
 90
        0
290
     1
290
     1
 90
      139
 90
        2
 90
      140
 90
      863
 70
     1
330
0
 90
        0
280
     1
 90
       -1
 90
      136
 90
      140
 90
        2
 90
      139
 90
      136
 70
     0
 90
        0
290
     1
290
     1
 90
      141
 90
        3
 90
      143
 90
      145
 90
      874
 70
     1
330
46E
 90
        0
 10
610.6399744112693
 20
53.05909524395037
 30
0.0
 10
0.9999999975983655
 20
-0.0000693056504275
 30
0.0
290
     0
 10
610.6399744112693
 20
53.05909524395042
 30
0.0
 11
635.6399743512294
 21
53.05736260269191
 31
0.0
 90
      142
 90
        2
 90
      143
 90
      866
 70
     1
330
0
 90
        0
280
     0
 90
       -1
 90
      141
 90
      143
 90
        2
 90
      142
 90
      141
 70
     0
 90
        0
290
     1
290
     1
 90
      144
 90
        2
 90
      145
 90
      864
 70
     1
330
0
 90
        0
280
     1
 90
       -1
 90
      141
 90
      145
 90
        2
 90
      144
 90
      141
 70
     0
 90
        0
290
     1
290
     1
 90
      146
 90
        4
 90
      148
 90
      150
 90
      865
 90
     1124
 70
     1
330
46F
 90
        0
 10
610.6382417700094
 20
28.0590953039931
 30
0.0
 10
0.0000693056504133
 20
0.999999997598362
 30
0.0
290
     0
 10
610.6382417700094
 20
28.05909530399095
 30
0.0
 11
610.6399744112693
 21
53.05909524395042
 31
0.0
 90
      147
 90
        2
 90
      148
 90
      868
 70
     1
330
0
 90
        0
280
     0
 90
       -1
 90
      146
 90
      148
 90
        2
 90
      147
 90
      146
 70
     0
 90
        0
290
     1
290
     1
 90
      149
 90
        2
 90
      150
 90
      866
 70
     1
330
0
 90
        0
280
     1
 90
       -1
 90
      146
 90
      150
 90
        2
 90
      149
 90
      146
 70
     0
 90
        0
290
     1
290
     1
 90
      151
 90
        3
 90
      153
 90
      155
 90
      879
 70
     1
330
470
 90
        0
 10
585.6382418300504
 20
28.06082794525156
 30
0.0
 10
0.9999999975983655
 20
-0.0000693056504275
 30
0.0
290
     0
 10
585.6382418300504
 20
28.06082794525151
 30
0.0
 11
610.6382417700094
 21
28.05909530399095
 31
0.0
 90
      152
 90
        2
 90
      153
 90
      872
 70
     1
330
0
 90
        0
280
     0
 90
       -1
 90
      151
 90
      153
 90
        2
 90
      152
 90
      151
 70
     0
 90
        0
290
     1
290
     1
 90
      154
 90
        2
 90
      155
 90
      869
 70
     1
330
0
 90
        0
280
     1
 90
       -1
 90
      151
 90
      155
 90
        2
 90
      154
 90
      151
 70
     0
 90
        0
290
     1
290
     1
 90
      156
 90
        4
 90
      158
 90
      160
 90
      870
 90
     1125
 70
     1
330
471
 90
        0
 10
585.6399744713103
 20
53.06082788521189
 30
0.0
 10
-0.0000693056504133
 20
-0.9999999975983655
 30
0.0
290
     0
 10
585.6399744713103
 20
53.06082788521109
 30
0.0
 11
585.6382418300504
 21
28.06082794525151
 31
0.0
 90
      157
 90
        2
 90
      158
 90
      875
 70
     1
330
0
 90
        0
280
     0
 90
       -1
 90
      156
 90
      158
 90
        2
 90
      157
 90
      156
 70
     0
 90
        0
290
     1
290
     1
 90
      159
 90
        2
 90
      160
 90
      873
 70
     1
330
0
 90
        0
280
     1
 90
       -1
 90
      156
 90
      160
 90
        2
 90
      159
 90
      156
 70
     0
 90
        0
290
     1
290
     1
 90
      161
 90
       18
 90
      163
 90
      165
 90
      874
 90
     1160
 90
     1161
 90
     1162
 90
     1163
 90
     1164
 90
     1165
 90
     1166
 90
     1167
 90
     1168
 90
     1169
 90
     1170
 90
     1171
 90
     1172
 90
     1173
 90
     1174
 70
     1
330
472
 90
        0
 10
560.6399745313511
 20
53.06256052647171
 30
0.0
 10
0.9999999975983655
 20
-0.0000693056504275
 30
0.0
290
     0
 10
560.6399745313511
 20
53.06256052647177
 30
0.0
 11
585.6399744713103
 21
53.06082788521109
 31
0.0
 90
      162
 90
        2
 90
      163
 90
      877
 70
     1
330
0
 90
        0
280
     0
 90
       -1
 90
      161
 90
      163
 90
        2
 90
      162
 90
      161
 70
     0
 90
        0
290
     1
290
     1
 90
      164
 90
        2
 90
      165
 90
      875
 70
     1
330
0
 90
        0
280
     1
 90
       -1
 90
      161
 90
      165
 90
        2
 90
      164
 90
      161
 70
     0
 90
        0
290
     1
290
     1
 90
      166
 90
        4
 90
      168
 90
      170
 90
      876
 90
     1126
 70
     1
330
473
 90
        0
 10
560.6382418900912
 20
28.06256058651297
 30
0.0
 10
0.0000693056504133
 20
0.999999997598362
 30
0.0
290
     0
 10
560.6382418900912
 20
28.06256058651297
 30
0.0
 11
560.6399745313511
 21
53.06256052647177
 31
0.0
 90
      167
 90
        2
 90
      168
 90
      882
 70
     1
330
0
 90
        0
280
     0
 90
       -1
 90
      166
 90
      168
 90
        2
 90
      167
 90
      166
 70
     0
 90
        0
290
     1
290
     1
 90
      169
 90
        2
 90
      170
 90
      877
 70
     1
330
0
 90
        0
280
     1
 90
       -1
 90
      166
 90
      170
 90
        2
 90
      169
 90
      166
 70
     0
 90
        0
290
     1
290
     1
 90
      171
 90
        4
 90
      173
 90
      175
 90
      880
 90
     1160
 70
     1
330
474
 90
        0
 10
535.6382419501325
 20
28.06429322777285
 30
0.0
 10
0.9999999975983655
 20
-0.0000693056504275
 30
0.0
290
     0
 10
535.6382419501321
 20
28.06429322777285
 30
0.0
 11
560.6382418900912
 21
28.06256058651297
 31
0.0
 90
      172
 90
        2
 90
      173
 90
      884
 70
     1
330
0
 90
        0
280
     0
 90
       -1
 90
      171
 90
      173
 90
        2
 90
      172
 90
      171
 70
     0
 90
        0
290
     1
290
     1
 90
      174
 90
        2
 90
      175
 90
      883
 70
     1
330
0
 90
        0
280
     1
 90
       -1
 90
      171
 90
      175
 90
        2
 90
      174
 90
      171
 70
     0
 90
        0
290
     1
290
     1
 90
      176
 90
        3
 90
      178
 90
      180
 90
     1127
 70
     1
330
475
 90
        0
 10
535.6365093088722
 20
3.064293287813541
 30
0.0
 10
0.0000693056504133
 20
0.9999999975983637
 30
0.0
290
     0
 10
535.6365093088722
 20
3.064293287811665
 30
0.0
 11
535.6382419501321
 21
28.06429322777285
 31
0.0
 90
      177
 90
        2
 90
      178
 90
      885
 70
     1
330
0
 90
        0
280
     0
 90
       -1
 90
      176
 90
      178
 90
        2
 90
      177
 90
      176
 70
     0
 90
        0
290
     1
290
     1
 90
      179
 90
        2
 90
      180
 90
      884
 70
     1
330
0
 90
        0
280
     1
 90
       -1
 90
      176
 90
      180
 90
        2
 90
      179
 90
      176
 70
     0
 90
        0
290
     1
290
     1
 90
      186
 90
        8
 90
      188
 90
      190
 90
     1027
 90
     1028
 90
     1029
 90
     1030
 90
     1031
 90
     1032
 70
     1
330
477
 90
        0
 10
584.3760095810562
 20
254.060915967836
 30
0.0
 10
0.9999999975983655
 20
-0.0000693056504133
 30
0.0
290
     0
 10
584.3760095810562
 20
254.060915967836
 30
0.0
 11
609.7168230983825
 21
254.0591597062686
 31
0.0
 90
      187
 90
        2
 90
      188
 90
      887
 70
     1
330
0
 90
        0
280
     0
 90
       -1
 90
      186
 90
      188
 90
        2
 90
      187
 90
      186
 70
     0
 90
        0
290
     1
290
     1
 90
      189
 90
        1
 90
      190
 70
     1
330
0
 90
        0
280
     1
 90
       -1
 90
      186
 90
      190
 90
        2
 90
      189
 90
      186
 70
     0
 90
        0
290
     1
290
     1
 90
      191
 90
        3
 90
      193
 90
      195
 90
     1128
 70
     1
330
478
 90
        0
 10
584.3777422223173
 20
279.0609159078087
 30
0.0
 10
-0.0000693056504133
 20
-0.9999999975983655
 30
0.0
290
     0
 10
584.3777422223174
 20
279.0609159078087
 30
0.0
 11
584.3760095810562
 21
254.060915967836
 31
0.0
 90
      192
 90
        2
 90
      193
 90
      888
 70
     1
330
0
 90
        0
280
     0
 90
       -1
 90
      191
 90
      193
 90
        2
 90
      192
 90
      191
 70
     0
 90
        0
290
     1
290
     1
 90
      194
 90
        2
 90
      195
 90
      887
 70
     1
330
0
 90
        0
280
     1
 90
       -1
 90
      191
 90
      195
 90
        2
 90
      194
 90
      191
 70
     0
 90
        0
290
     1
290
     1
 90
      196
 90
        9
 90
      198
 90
      200
 90
     1087
 90
     1088
 90
     1089
 90
     1090
 90
     1091
 90
     1092
 90
     1093
 70
     1
330
479
 90
        0
 10
534.3777423423984
 20
279.0643811903228
 30
0.0
 10
0.9999999975983655
 20
-0.0000693056504133
 30
0.0
290
     0
 10
534.3777423423984
 20
279.0643811903228
 30
0.0
 11
584.3777422223174
 21
279.0609159078087
 31
0.0
 90
      197
 90
        2
 90
      198
 90
      889
 70
     1
330
0
 90
        0
280
     0
 90
       -1
 90
      196
 90
      198
 90
        2
 90
      197
 90
      196
 70
     0
 90
        0
290
     1
290
     1
 90
      199
 90
        2
 90
      200
 90
      888
 70
     1
330
0
 90
        0
280
     1
 90
       -1
 90
      196
 90
      200
 90
        2
 90
      199
 90
      196
 70
     0
 90
        0
290
     1
290
     1
 90
      201
 90
        3
 90
      203
 90
      205
 90
     1129
 70
     1
330
47A
 90
        0
 10
534.3742770598787
 20
229.0643813104107
 30
0.0
 10
0.0000693056504133
 20
0.9999999975983655
 30
0.0
290
     0
 10
534.3742770598787
 20
229.0643813104108
 30
0.0
 11
534.3777423423984
 21
279.0643811903228
 31
0.0
 90
      202
 90
        2
 90
      203
 90
      890
 70
     1
330
0
 90
        0
280
     0
 90
       -1
 90
      201
 90
      203
 90
        2
 90
      202
 90
      201
 70
     0
 90
        0
290
     1
290
     1
 90
      204
 90
        2
 90
      205
 90
      889
 70
     1
330
0
 90
        0
280
     1
 90
       -1
 90
      201
 90
      205
 90
        2
 90
      204
 90
      201
 70
     0
 90
        0
290
     1
290
     1
 90
      206
 90
        5
 90
      208
 90
      210
 90
     1035
 90
     1036
 90
     1037
 70
     1
330
47B
 90
        0
 10
484.3742771799602
 20
229.067846592919
 30
0.0
 10
0.9999999975983655
 20
-0.0000693056504133
 30
0.0
290
     0
 10
484.3742771799602
 20
229.067846592919
 30
0.0
 11
534.3742770598787
 21
229.0643813104108
 31
0.0
 90
      207
 90
        2
 90
      208
 90
      891
 70
     1
330
0
 90
        0
280
     0
 90
       -1
 90
      206
 90
      208
 90
        2
 90
      207
 90
      206
 70
     0
 90
        0
290
     1
290
     1
 90
      209
 90
        2
 90
      210
 90
      890
 70
     1
330
0
 90
        0
280
     1
 90
       -1
 90
      206
 90
      210
 90
        2
 90
      209
 90
      206
 70
     0
 90
        0
290
     1
290
     1
 90
      211
 90
        3
 90
      213
 90
      215
 90
      895
 70
     1
330
47C
 90
        0
 10
484.3725445386996
 20
204.0678466529723
 30
0.0
 10
0.0000693056504133
 20
0.9999999975983655
 30
0.0
290
     0
 10
484.3725445386996
 20
204.0678466529786
 30
0.0
 11
484.3742771799602
 21
229.067846592919
 31
0.0
 90
      212
 90
        2
 90
      213
 90
      892
 70
     1
330
0
 90
        0
280
     0
 90
       -1
 90
      211
 90
      213
 90
        2
 90
      212
 90
      211
 70
     0
 90
        0
290
     1
290
     1
 90
      214
 90
        2
 90
      215
 90
      891
 70
     1
330
0
 90
        0
280
     1
 90
       -1
 90
      211
 90
      215
 90
        2
 90
      214
 90
      211
 70
     0
 90
        0
290
     1
290
     1
 90
      216
 90
        3
 90
      218
 90
      220
 90
     1002
 70
     1
330
47D
 90
        0
 10
509.7133580560258
 20
204.0660903914112
 30
0.0
 10
-0.9999999975983655
 20
0.0000693056504133
 30
0.0
290
     0
 10
509.7133580560258
 20
204.0660903914112
 30
0.0
 11
484.3725445386996
 21
204.0678466529786
 31
0.0
 90
      217
 90
        2
 90
      218
 90
      893
 70
     1
330
0
 90
        0
280
     0
 90
       -1
 90
      216
 90
      218
 90
        2
 90
      217
 90
      216
 70
     0
 90
        0
290
     1
290
     1
 90
      219
 90
        2
 90
      220
 90
      892
 70
     1
330
0
 90
        0
280
     1
 90
       -1
 90
      216
 90
      220
 90
        2
 90
      219
 90
      216
 70
     0
 90
        0
290
     1
290
     1
 90
      221
 90
        3
 90
      223
 90
      225
 90
      898
 70
     1
330
47E
 90
        0
 10
509.7116266306608
 20
179.0836344108347
 30
0.0
 10
0.0000693056504133
 20
0.9999999975983655
 30
0.0
290
     0
 10
509.7116266306609
 20
179.083634410828
 30
0.0
 11
509.7133580560258
 21
204.0660903914112
 31
0.0
 90
      222
 90
        2
 90
      223
 90
      894
 70
     1
330
0
 90
        0
280
     0
 90
       -1
 90
      221
 90
      223
 90
        2
 90
      222
 90
      221
 70
     0
 90
        0
290
     1
290
     1
 90
      224
 90
        2
 90
      225
 90
      893
 70
     1
330
0
 90
        0
280
     1
 90
       -1
 90
      221
 90
      225
 90
        2
 90
      224
 90
      221
 70
     0
 90
        0
290
     1
290
     1
 90
      226
 90
        3
 90
      228
 90
      230
 90
      974
 70
     1
330
47F
 90
        0
 10
484.3708131133358
 20
179.0853906723955
 30
0.0
 10
0.9999999975983655
 20
-0.0000693056504133
 30
0.0
290
     0
 10
484.3708131133353
 20
179.0853906723955
 30
0.0
 11
509.7116266306609
 21
179.083634410828
 31
0.0
 90
      227
 90
        2
 90
      228
 90
      896
 70
     1
330
0
 90
        0
280
     0
 90
       -1
 90
      226
 90
      228
 90
        2
 90
      227
 90
      226
 70
     0
 90
        0
290
     1
290
     1
 90
      229
 90
        2
 90
      230
 90
      894
 70
     1
330
0
 90
        0
280
     1
 90
       -1
 90
      226
 90
      230
 90
        2
 90
      229
 90
      226
 70
     0
 90
        0
290
     1
290
     1
 90
      231
 90
        4
 90
      233
 90
      235
 90
      895
 90
     1130
 70
     1
330
480
 90
        0
 10
484.36734661492
 20
129.0678468330949
 30
0.0
 10
0.0000693056504133
 20
0.9999999975983655
 30
0.0
290
     0
 10
484.36734661492
 20
129.0678468330867
 30
0.0
 11
484.3708131133353
 21
179.0853906723955
 31
0.0
 90
      232
 90
        2
 90
      233
 90
      897
 70
     1
330
0
 90
        0
280
     0
 90
       -1
 90
      231
 90
      233
 90
        2
 90
      232
 90
      231
 70
     0
 90
        0
290
     1
290
     1
 90
      234
 90
        2
 90
      235
 90
      896
 70
     1
330
0
 90
        0
280
     1
 90
       -1
 90
      231
 90
      235
 90
        2
 90
      234
 90
      231
 70
     0
 90
        0
290
     1
290
     1
 90
      236
 90
        3
 90
      238
 90
      240
 90
      994
 70
     1
330
481
 90
        0
 10
509.7081601322458
 20
129.0660905715194
 30
0.0
 10
-0.9999999975983655
 20
0.0000693056504133
 30
0.0
290
     0
 10
509.7081601322456
 20
129.0660905715194
 30
0.0
 11
484.36734661492
 21
129.0678468330867
 31
0.0
 90
      237
 90
        2
 90
      238
 90
      899
 70
     1
330
0
 90
        0
280
     0
 90
       -1
 90
      236
 90
      238
 90
        2
 90
      237
 90
      236
 70
     0
 90
        0
290
     1
290
     1
 90
      239
 90
        2
 90
      240
 90
      897
 70
     1
330
0
 90
        0
280
     1
 90
       -1
 90
      236
 90
      240
 90
        2
 90
      239
 90
      236
 70
     0
 90
        0
290
     1
290
     1
 90
      241
 90
        4
 90
      243
 90
      245
 90
      898
 90
     1131
 70
     1
330
482
 90
        0
 10
509.7064274909857
 20
104.0660906315687
 30
0.0
 10
0.0000693056504133
 20
0.9999999975983655
 30
0.0
290
     0
 10
509.7064274909858
 20
104.0660906315561
 30
0.0
 11
509.7081601322456
 21
129.0660905715194
 31
0.0
 90
      242
 90
        2
 90
      243
 90
      900
 70
     1
330
0
 90
        0
280
     0
 90
       -1
 90
      241
 90
      243
 90
        2
 90
      242
 90
      241
 70
     0
 90
        0
290
     1
290
     1
 90
      244
 90
        2
 90
      245
 90
      899
 70
     1
330
0
 90
        0
280
     1
 90
       -1
 90
      241
 90
      245
 90
        2
 90
      244
 90
      241
 70
     0
 90
        0
290
     1
290
     1
 90
      246
 90
        3
 90
      248
 90
      250
 90
     1047
 70
     1
330
483
 90
        0
 10
459.7064276110679
 20
104.0695559140774
 30
0.0
 10
0.9999999975983655
 20
-0.0000693056504275
 30
0.0
290
     0
 10
459.7064276110679
 20
104.0695559140774
 30
0.0
 11
509.7064274909858
 21
104.0660906315561
 31
0.0
 90
      247
 90
        2
 90
      248
 90
      901
 70
     1
330
0
 90
        0
280
     0
 90
       -1
 90
      246
 90
      248
 90
        2
 90
      247
 90
      246
 70
     0
 90
        0
290
     1
290
     1
 90
      249
 90
        2
 90
      250
 90
      900
 70
     1
330
0
 90
        0
280
     1
 90
       -1
 90
      246
 90
      250
 90
        2
 90
      249
 90
      246
 70
     0
 90
        0
290
     1
290
     1
 90
      251
 90
        3
 90
      253
 90
      255
 90
      905
 70
     1
330
484
 90
        0
 10
459.7081602523287
 20
129.0695558540483
 30
0.0
 10
-0.0000693056504133
 20
-0.9999999975983655
 30
0.0
290
     0
 10
459.7081602523287
 20
129.0695558540407
 30
0.0
 11
459.7064276110679
 21
104.0695559140774
 31
0.0
 90
      252
 90
        2
 90
      253
 90
      902
 70
     1
330
0
 90
        0
280
     0
 90
       -1
 90
      251
 90
      253
 90
        2
 90
      252
 90
      251
 70
     0
 90
        0
290
     1
290
     1
 90
      254
 90
        2
 90
      255
 90
      901
 70
     1
330
0
 90
        0
280
     1
 90
       -1
 90
      251
 90
      255
 90
        2
 90
      254
 90
      251
 70
     0
 90
        0
290
     1
290
     1
 90
      256
 90
        3
 90
      258
 90
      260
 90
      995
 70
     1
330
485
 90
        0
 10
434.3673467350023
 20
129.0713121156081
 30
0.0
 10
0.9999999975983655
 20
-0.0000693056504133
 30
0.0
290
     0
 10
434.3673467350022
 20
129.0713121156082
 30
0.0
 11
459.7081602523287
 21
129.0695558540407
 31
0.0
 90
      257
 90
        2
 90
      258
 90
      903
 70
     1
330
0
 90
        0
280
     0
 90
       -1
 90
      256
 90
      258
 90
        2
 90
      257
 90
      256
 70
     0
 90
        0
290
     1
290
     1
 90
      259
 90
        2
 90
      260
 90
      902
 70
     1
330
0
 90
        0
280
     1
 90
       -1
 90
      256
 90
      260
 90
        2
 90
      259
 90
      256
 70
     0
 90
        0
290
     1
290
     1
 90
      261
 90
        3
 90
      263
 90
      265
 90
      913
 70
     1
330
486
 90
        0
 10
434.3708132334184
 20
179.0888559549216
 30
0.0
 10
-0.0000693056504133
 20
-0.9999999975983655
 30
0.0
290
     0
 10
434.3708132334186
 20
179.0888559549167
 30
0.0
 11
434.3673467350022
 21
129.0713121156082
 31
0.0
 90
      262
 90
        2
 90
      263
 90
      904
 70
     1
330
0
 90
        0
280
     0
 90
       -1
 90
      261
 90
      263
 90
        2
 90
      262
 90
      261
 70
     0
 90
        0
290
     1
290
     1
 90
      264
 90
        2
 90
      265
 90
      903
 70
     1
330
0
 90
        0
280
     1
 90
       -1
 90
      261
 90
      265
 90
        2
 90
      264
 90
      261
 70
     0
 90
        0
290
     1
290
     1
 90
      266
 90
        3
 90
      268
 90
      270
 90
      975
 70
     1
330
487
 90
        0
 10
459.7116267507435
 20
179.0870996933494
 30
0.0
 10
-0.9999999975983655
 20
0.0000693056504133
 30
0.0
290
     0
 10
459.7116267507439
 20
179.0870996933494
 30
0.0
 11
434.3708132334186
 21
179.0888559549167
 31
0.0
 90
      267
 90
        2
 90
      268
 90
      906
 70
     1
330
0
 90
        0
280
     0
 90
       -1
 90
      266
 90
      268
 90
        2
 90
      267
 90
      266
 70
     0
 90
        0
290
     1
290
     1
 90
      269
 90
        2
 90
      270
 90
      904
 70
     1
330
0
 90
        0
280
     1
 90
       -1
 90
      266
 90
      270
 90
        2
 90
      269
 90
      266
 70
     0
 90
        0
290
     1
290
     1
 90
      271
 90
        4
 90
      273
 90
      275
 90
      905
 90
     1132
 70
     1
330
488
 90
        0
 10
459.7133581761084
 20
204.0695556739258
 30
0.0
 10
-0.0000693056504133
 20
-0.9999999975983655
 30
0.0
290
     0
 10
459.7133581761084
 20
204.0695556739325
 30
0.0
 11
459.7116267507439
 21
179.0870996933494
 31
0.0
 90
      272
 90
        2
 90
      273
 90
      907
 70
     1
330
0
 90
        0
280
     0
 90
       -1
 90
      271
 90
      273
 90
        2
 90
      272
 90
      271
 70
     0
 90
        0
290
     1
290
     1
 90
      274
 90
        2
 90
      275
 90
      906
 70
     1
330
0
 90
        0
280
     1
 90
       -1
 90
      271
 90
      275
 90
        2
 90
      274
 90
      271
 70
     0
 90
        0
290
     1
290
     1
 90
      276
 90
        3
 90
      278
 90
      280
 90
     1003
 70
     1
330
489
 90
        0
 10
434.3725446587829
 20
204.0713119355
 30
0.0
 10
0.9999999975983655
 20
-0.0000693056504133
 30
0.0
290
     0
 10
434.3725446587829
 20
204.0713119354999
 30
0.0
 11
459.7133581761084
 21
204.0695556739325
 31
0.0
 90
      277
 90
        2
 90
      278
 90
      914
 70
     1
330
0
 90
        0
280
     0
 90
       -1
 90
      276
 90
      278
 90
        2
 90
      277
 90
      276
 70
     0
 90
        0
290
     1
290
     1
 90
      279
 90
        2
 90
      280
 90
      907
 70
     1
330
0
 90
        0
280
     1
 90
       -1
 90
      276
 90
      280
 90
        2
 90
      279
 90
      276
 70
     0
 90
        0
290
     1
290
     1
 90
      281
 90
        4
 90
      283
 90
      285
 90
      909
 90
     1161
 70
     1
330
48A
 90
        0
 10
460.636509488995
 20
3.069491211593629
 30
0.0
 10
-0.9999999975983655
 20
0.0000693056504266
 30
0.0
290
     0
 10
460.636509488995
 20
3.069491211593572
 30
0.0
 11
435.6365095490359
 21
3.071223852854245
 31
0.0
 90
      282
 90
        2
 90
      283
 90
      910
 70
     1
330
0
 90
        0
280
     0
 90
       -1
 90
      281
 90
      283
 90
        2
 90
      282
 90
      281
 70
     0
 90
        0
290
     1
290
     1
 90
      284
 90
        1
 90
      285
 70
     1
330
0
 90
        0
280
     1
 90
       -1
 90
      281
 90
      285
 90
        2
 90
      284
 90
      281
 70
     0
 90
        0
290
     1
290
     1
 90
      286
 90
        3
 90
      288
 90
      290
 90
     1133
 70
     1
330
48B
 90
        0
 10
460.6417767184253
 20
79.06949102906975
 30
0.0
 10
-0.0000693056504133
 20
-0.9999999975983655
 30
0.0
290
     0
 10
460.6417767184252
 20
79.06949102906015
 30
0.0
 11
460.636509488995
 21
3.069491211593572
 31
0.0
 90
      287
 90
        2
 90
      288
 90
      911
 70
     1
330
0
 90
        0
280
     0
 90
       -1
 90
      286
 90
      288
 90
        2
 90
      287
 90
      286
 70
     0
 90
        0
290
     1
290
     1
 90
      289
 90
        2
 90
      290
 90
      910
 70
     1
330
0
 90
        0
280
     1
 90
       -1
 90
      286
 90
      290
 90
        2
 90
      289
 90
      286
 70
     0
 90
        0
290
     1
290
     1
 90
      291
 90
        3
 90
      293
 90
      295
 90
      961
 70
     1
330
48C
 90
        0
 10
435.6417767784661
 20
79.07122367032082
 30
0.0
 10
0.9999999975983655
 20
-0.0000693056504275
 30
0.0
290
     0
 10
435.641776778466
 20
79.07122367032082
 30
0.0
 11
460.6417767184252
 21
79.06949102906015
 31
0.0
 90
      292
 90
        2
 90
      293
 90
      912
 70
     1
330
0
 90
        0
280
     0
 90
       -1
 90
      291
 90
      293
 90
        2
 90
      292
 90
      291
 70
     0
 90
        0
290
     1
290
     1
 90
      294
 90
        2
 90
      295
 90
      911
 70
     1
330
0
 90
        0
280
     1
 90
       -1
 90
      291
 90
      295
 90
        2
 90
      294
 90
      291
 70
     0
 90
        0
290
     1
290
     1
 90
      296
 90
        3
 90
      298
 90
      300
 90
     1134
 70
     1
330
48D
 90
        0
 10
435.6365788546858
 20
4.071223850452213
 30
0.0
 10
0.0000693056504133
 20
0.9999999975983637
 30
0.0
290
     0
 10
435.6365788546857
 20
4.071223850452156
 30
0.0
 11
435.641776778466
 21
79.07122367032082
 31
0.0
 90
      297
 90
        1
 90
      298
 70
     1
330
0
 90
        0
280
     0
 90
       -1
 90
      296
 90
      298
 90
        2
 90
      297
 90
      296
 70
     0
 90
        0
290
     1
290
     1
 90
      299
 90
        2
 90
      300
 90
      912
 70
     1
330
0
 90
        0
280
     1
 90
       -1
 90
      296
 90
      300
 90
        2
 90
      299
 90
      296
 70
     0
 90
        0
290
     1
290
     1
 90
      301
 90
        4
 90
      303
 90
      305
 90
      913
 90
     1135
 70
     1
330
48E
 90
        0
 10
434.3777425825626
 20
279.0713117553694
 30
0.0
 10
-0.0000693056504133
 20
-0.9999999975983655
 30
0.0
290
     0
 10
434.3777425825626
 20
279.0713117553655
 30
0.0
 11
434.3725446587829
 21
204.0713119354999
 31
0.0
 90
      302
 90
        2
 90
      303
 90
      915
 70
     1
330
0
 90
        0
280
     0
 90
       -1
 90
      301
 90
      303
 90
        2
 90
      302
 90
      301
 70
     0
 90
        0
290
     1
290
     1
 90
      304
 90
        2
 90
      305
 90
      914
 70
     1
330
0
 90
        0
280
     1
 90
       -1
 90
      301
 90
      305
 90
        2
 90
      304
 90
      301
 70
     0
 90
        0
290
     1
290
     1
 90
      306
 90
        3
 90
      308
 90
      310
 90
     1087
 70
     1
330
48F
 90
        0
 10
359.3777427626847
 20
279.0765096791474
 30
0.0
 10
0.9999999975983655
 20
-0.0000693056504133
 30
0.0
290
     0
 10
359.3777427626849
 20
279.0765096791474
 30
0.0
 11
434.3777425825626
 21
279.0713117553655
 31
0.0
 90
      307
 90
        2
 90
      308
 90
      916
 70
     1
330
0
 90
        0
280
     0
 90
       -1
 90
      306
 90
      308
 90
        2
 90
      307
 90
      306
 70
     0
 90
        0
290
     1
290
     1
 90
      309
 90
        2
 90
      310
 90
      915
 70
     1
330
0
 90
        0
280
     1
 90
       -1
 90
      306
 90
      310
 90
        2
 90
      309
 90
      306
 70
     0
 90
        0
290
     1
290
     1
 90
      311
 90
        3
 90
      313
 90
      315
 90
      920
 70
     1
330
490
 90
        0
 10
359.3760101214247
 20
254.0765097391901
 30
0.0
 10
0.0000693056504133
 20
0.9999999975983655
 30
0.0
290
     0
 10
359.3760101214248
 20
254.076509739182
 30
0.0
 11
359.3777427626849
 21
279.0765096791474
 31
0.0
 90
      312
 90
        2
 90
      313
 90
      917
 70
     1
330
0
 90
        0
280
     0
 90
       -1
 90
      311
 90
      313
 90
        2
 90
      312
 90
      311
 70
     0
 90
        0
290
     1
290
     1
 90
      314
 90
        2
 90
      315
 90
      916
 70
     1
330
0
 90
        0
280
     1
 90
       -1
 90
      311
 90
      315
 90
        2
 90
      314
 90
      311
 70
     0
 90
        0
290
     1
290
     1
 90
      316
 90
        3
 90
      318
 90
      320
 90
     1027
 70
     1
330
491
 90
        0
 10
384.7168236387499
 20
254.0747534776147
 30
0.0
 10
-0.9999999975983655
 20
0.0000693056504133
 30
0.0
290
     0
 10
384.7168236387501
 20
254.0747534776147
 30
0.0
 11
359.3760101214248
 21
254.076509739182
 31
0.0
 90
      317
 90
        2
 90
      318
 90
      918
 70
     1
330
0
 90
        0
280
     0
 90
       -1
 90
      316
 90
      318
 90
        2
 90
      317
 90
      316
 70
     0
 90
        0
290
     1
290
     1
 90
      319
 90
        2
 90
      320
 90
      917
 70
     1
330
0
 90
        0
280
     1
 90
       -1
 90
      316
 90
      320
 90
        2
 90
      319
 90
      316
 70
     0
 90
        0
290
     1
290
     1
 90
      321
 90
        3
 90
      323
 90
      325
 90
     1136
 70
     1
330
492
 90
        0
 10
384.7150909974903
 20
229.074753537664
 30
0.0
 10
0.0000693056504133
 20
0.9999999975983655
 30
0.0
290
     0
 10
384.7150909974903
 20
229.0747535376549
 30
0.0
 11
384.7168236387501
 21
254.0747534776147
 31
0.0
 90
      322
 90
        2
 90
      323
 90
      919
 70
     1
330
0
 90
        0
280
     0
 90
       -1
 90
      321
 90
      323
 90
        2
 90
      322
 90
      321
 70
     0
 90
        0
290
     1
290
     1
 90
      324
 90
        2
 90
      325
 90
      918
 70
     1
330
0
 90
        0
280
     1
 90
       -1
 90
      321
 90
      325
 90
        2
 90
      324
 90
      321
 70
     0
 90
        0
290
     1
290
     1
 90
      326
 90
        3
 90
      328
 90
      330
 90
     1035
 70
     1
330
493
 90
        0
 10
359.3742774801648
 20
229.0765097992223
 30
0.0
 10
0.9999999975983655
 20
-0.0000693056504133
 30
0.0
290
     0
 10
359.3742774801649
 20
229.0765097992223
 30
0.0
 11
384.7150909974903
 21
229.0747535376549
 31
0.0
 90
      327
 90
        2
 90
      328
 90
      921
 70
     1
330
0
 90
        0
280
     0
 90
       -1
 90
      326
 90
      328
 90
        2
 90
      327
 90
      326
 70
     0
 90
        0
290
     1
290
     1
 90
      329
 90
        2
 90
      330
 90
      919
 70
     1
330
0
 90
        0
280
     1
 90
       -1
 90
      326
 90
      330
 90
        2
 90
      329
 90
      326
 70
     0
 90
        0
290
     1
290
     1
 90
      331
 90
        4
 90
      333
 90
      335
 90
      920
 90
     1137
 70
     1
330
494
 90
        0
 10
359.3708134135407
 20
179.0940538787015
 30
0.0
 10
0.0000693056504133
 20
0.9999999975983655
 30
0.0
290
     0
 10
359.3708134135407
 20
179.0940538786988
 30
0.0
 11
359.3742774801649
 21
229.0765097992223
 31
0.0
 90
      332
 90
        2
 90
      333
 90
      922
 70
     1
330
0
 90
        0
280
     0
 90
       -1
 90
      331
 90
      333
 90
        2
 90
      332
 90
      331
 70
     0
 90
        0
290
     1
290
     1
 90
      334
 90
        2
 90
      335
 90
      921
 70
     1
330
0
 90
        0
280
     1
 90
       -1
 90
      331
 90
      335
 90
        2
 90
      334
 90
      331
 70
     0
 90
        0
290
     1
290
     1
 90
      336
 90
        3
 90
      338
 90
      340
 90
      976
 70
     1
330
495
 90
        0
 10
385.0530981131996
 20
179.0922739512489
 30
0.0
 10
-0.9999999975983655
 20
0.0000693056504133
 30
0.0
290
     0
 10
385.0530981131996
 20
179.0922739512489
 30
0.0
 11
359.3708134135407
 21
179.0940538786988
 31
0.0
 90
      337
 90
        1
 90
      338
 70
     1
330
0
 90
        0
280
     0
 90
       -1
 90
      336
 90
      338
 90
        2
 90
      337
 90
      336
 70
     0
 90
        0
290
     1
290
     1
 90
      339
 90
        2
 90
      340
 90
      922
 70
     1
330
0
 90
        0
280
     1
 90
       -1
 90
      336
 90
      340
 90
        2
 90
      339
 90
      336
 70
     0
 90
        0
290
     1
290
     1
 90
      346
 90
        3
 90
      348
 90
      350
 90
     1004
 70
     1
330
497
 90
        0
 10
410.9912536221736
 20
204.072932391087
 30
0.0
 10
-0.9999999975983655
 20
0.0000693056504133
 30
0.0
290
     0
 10
410.9912536221736
 20
204.0729323910869
 30
0.0
 11
385.9912536822148
 21
204.0746650323476
 31
0.0
 90
      347
 90
        2
 90
      348
 90
      925
 70
     1
330
0
 90
        0
280
     0
 90
       -1
 90
      346
 90
      348
 90
        2
 90
      347
 90
      346
 70
     0
 90
        0
290
     1
290
     1
 90
      349
 90
        1
 90
      350
 70
     1
330
0
 90
        0
280
     1
 90
       -1
 90
      346
 90
      350
 90
        2
 90
      349
 90
      346
 70
     0
 90
        0
290
     1
290
     1
 90
      351
 90
        3
 90
      353
 90
      355
 90
     1138
 70
     1
330
498
 90
        0
 10
410.986055698394
 20
129.0729325712013
 30
0.0
 10
0.0000693056504133
 20
0.9999999975983655
 30
0.0
290
     0
 10
410.986055698394
 20
129.0729325711951
 30
0.0
 11
410.9912536221736
 21
204.0729323910869
 31
0.0
 90
      352
 90
        2
 90
      353
 90
      926
 70
     1
330
0
 90
        0
280
     0
 90
       -1
 90
      351
 90
      353
 90
        2
 90
      352
 90
      351
 70
     0
 90
        0
290
     1
290
     1
 90
      354
 90
        2
 90
      355
 90
      925
 70
     1
330
0
 90
        0
280
     1
 90
       -1
 90
      351
 90
      355
 90
        2
 90
      354
 90
      351
 70
     0
 90
        0
290
     1
290
     1
 90
      356
 90
        3
 90
      358
 90
      360
 90
      996
 70
     1
330
499
 90
        0
 10
385.6452421810685
 20
129.0746888327625
 30
0.0
 10
0.9999999975983655
 20
-0.0000693056504133
 30
0.0
290
     0
 10
385.6452421810686
 20
129.0746888327625
 30
0.0
 11
410.986055698394
 21
129.0729325711951
 31
0.0
 90
      357
 90
        4
 90
      358
 90
      930
 90
      931
 90
      932
 70
     1
330
0
 90
        0
280
     0
 90
       -1
 90
      356
 90
      358
 90
        2
 90
      357
 90
      356
 70
     0
 90
        0
290
     1
290
     1
 90
      359
 90
        2
 90
      360
 90
      926
 70
     1
330
0
 90
        0
280
     1
 90
       -1
 90
      356
 90
      360
 90
        2
 90
      359
 90
      356
 70
     0
 90
        0
290
     1
290
     1
 90
      361
 90
        4
 90
      363
 90
      365
 90
      936
 90
      937
 70
     1
330
49A
 90
        0
 10
385.6469748223274
 20
154.0746887727267
 30
0.0
 10
-0.0000693056504133
 20
-0.9999999975983655
 30
0.0
290
     0
 10
385.6469748223274
 20
154.0746887727177
 30
0.0
 11
385.6452421810686
 21
129.0746888327625
 31
0.0
 90
      362
 90
        2
 90
      363
 90
      927
 70
     1
330
0
 90
        0
280
     0
 90
       -1
 90
      361
 90
      363
 90
        2
 90
      362
 90
      361
 70
     0
 90
        0
290
     1
290
     1
 90
      364
 90
        2
 90
      365
 90
      930
 70
     1
330
0
 90
        0
280
     1
 90
       -1
 90
      361
 90
      365
 90
        2
 90
      364
 90
      361
 70
     0
 90
        0
290
     1
290
     1
 90
      366
 90
        3
 90
      368
 90
      370
 90
     1041
 70
     1
330
49B
 90
        0
 10
360.646974882369
 20
154.0764214139785
 30
0.0
 10
0.9999999975983655
 20
-0.0000693056504133
 30
0.0
290
     0
 10
360.646974882369
 20
154.0764214139785
 30
0.0
 11
385.6469748223274
 21
154.0746887727177
 31
0.0
 90
      367
 90
        2
 90
      368
 90
      928
 70
     1
330
0
 90
        0
280
     0
 90
       -1
 90
      366
 90
      368
 90
        2
 90
      367
 90
      366
 70
     0
 90
        0
290
     1
290
     1
 90
      369
 90
        2
 90
      370
 90
      927
 70
     1
330
0
 90
        0
280
     1
 90
       -1
 90
      366
 90
      370
 90
        2
 90
      369
 90
      366
 70
     0
 90
        0
290
     1
290
     1
 90
      371
 90
        4
 90
      373
 90
      375
 90
     1083
 90
     1084
 70
     1
330
49C
 90
        0
 10
360.6452422411085
 20
129.076421474028
 30
0.0
 10
0.0000693056504133
 20
0.9999999975983655
 30
0.0
290
     0
 10
360.6452422411085
 20
129.0764214740231
 30
0.0
 11
360.646974882369
 21
154.0764214139785
 31
0.0
 90
      372
 90
        2
 90
      373
 90
      929
 70
     1
330
0
 90
        0
280
     0
 90
       -1
 90
      371
 90
      373
 90
        2
 90
      372
 90
      371
 70
     0
 90
        0
290
     1
290
     1
 90
      374
 90
        2
 90
      375
 90
      928
 70
     1
330
0
 90
        0
280
     1
 90
       -1
 90
      371
 90
      375
 90
        2
 90
      374
 90
      371
 70
     0
 90
        0
290
     1
290
     1
 90
      376
 90
        3
 90
      378
 90
      380
 90
      997
 70
     1
330
49D
 90
        0
 10
385.6452421810685
 20
129.0746888327625
 30
0.0
 10
-0.9999999975983655
 20
0.0000693056504133
 30
0.0
290
     0
 10
385.6452421810686
 20
129.0746888327625
 30
0.0
 11
360.6452422411085
 21
129.0764214740231
 31
0.0
 90
      377
 90
        2
 90
      378
 90
      931
 70
     1
330
0
 90
        0
280
     0
 90
       -1
 90
      376
 90
      378
 90
        2
 90
      377
 90
      376
 70
     0
 90
        0
290
     1
290
     1
 90
      379
 90
        2
 90
      380
 90
      929
 70
     1
330
0
 90
        0
280
     1
 90
       -1
 90
      376
 90
      380
 90
        2
 90
      379
 90
      376
 70
     0
 90
        0
290
     1
290
     1
 90
      381
 90
        3
 90
      383
 90
      385
 90
      936
 70
     1
330
49E
 90
        0
 10
385.6435095398077
 20
104.0746888928085
 30
0.0
 10
0.0000693056504133
 20
0.9999999975983655
 30
0.0
290
     0
 10
385.6435095398079
 20
104.0746888927991
 30
0.0
 11
385.6452421810686
 21
129.0746888327625
 31
0.0
 90
      382
 90
        2
 90
      383
 90
      933
 70
     1
330
0
 90
        0
280
     0
 90
       -1
 90
      381
 90
      383
 90
        2
 90
      382
 90
      381
 70
     0
 90
        0
290
     1
290
     1
 90
      384
 90
        2
 90
      385
 90
      932
 70
     1
330
0
 90
        0
280
     1
 90
       -1
 90
      381
 90
      385
 90
        2
 90
      384
 90
      381
 70
     0
 90
        0
290
     1
290
     1
 90
      386
 90
        3
 90
      388
 90
      390
 90
     1048
 70
     1
330
49F
 90
        0
 10
360.6435095998492
 20
104.0764215340598
 30
0.0
 10
0.9999999975983655
 20
-0.0000693056504275
 30
0.0
290
     0
 10
360.6435095998486
 20
104.0764215340598
 30
0.0
 11
385.6435095398079
 21
104.0746888927991
 31
0.0
 90
      387
 90
        2
 90
      388
 90
      934
 70
     1
330
0
 90
        0
280
     0
 90
       -1
 90
      386
 90
      388
 90
        2
 90
      387
 90
      386
 70
     0
 90
        0
290
     1
290
     1
 90
      389
 90
        2
 90
      390
 90
      933
 70
     1
330
0
 90
        0
280
     1
 90
       -1
 90
      386
 90
      390
 90
        2
 90
      389
 90
      386
 70
     0
 90
        0
290
     1
290
     1
 90
      391
 90
        3
 90
      393
 90
      395
 90
     1083
 70
     1
330
4A0
 90
        0
 10
360.6400443173289
 20
54.07642165415035
 30
0.0
 10
0.0000693056504133
 20
0.9999999975983655
 30
0.0
290
     0
 10
360.6400443173291
 20
54.07642165414222
 30
0.0
 11
360.6435095998486
 21
104.0764215340598
 31
0.0
 90
      392
 90
        2
 90
      393
 90
      935
 70
     1
330
0
 90
        0
280
     0
 90
       -1
 90
      391
 90
      393
 90
        2
 90
      392
 90
      391
 70
     0
 90
        0
290
     1
290
     1
 90
      394
 90
        2
 90
      395
 90
      934
 70
     1
330
0
 90
        0
280
     1
 90
       -1
 90
      391
 90
      395
 90
        2
 90
      394
 90
      391
 70
     0
 90
        0
290
     1
290
     1
 90
      396
 90
        3
 90
      398
 90
      400
 90
     1053
 70
     1
330
4A1
 90
        0
 10
385.6400442572883
 20
54.07468901288154
 30
0.0
 10
-0.9999999975983655
 20
0.0000693056504275
 30
0.0
290
     0
 10
385.6400442572878
 20
54.07468901288154
 30
0.0
 11
360.6400443173291
 21
54.07642165414222
 31
0.0
 90
      397
 90
        2
 90
      398
 90
      938
 70
     1
330
0
 90
        0
280
     0
 90
       -1
 90
      396
 90
      398
 90
        2
 90
      397
 90
      396
 70
     0
 90
        0
290
     1
290
     1
 90
      399
 90
        2
 90
      400
 90
      935
 70
     1
330
0
 90
        0
280
     1
 90
       -1
 90
      396
 90
      400
 90
        2
 90
      399
 90
      396
 70
     0
 90
        0
290
     1
290
     1
 90
      401
 90
        4
 90
      403
 90
      405
 90
      937
 90
     1139
 70
     1
330
4A2
 90
        0
 10
385.6383116160281
 20
29.07468907293145
 30
0.0
 10
0.0000693056504133
 20
0.999999997598362
 30
0.0
290
     0
 10
385.6383116160282
 20
29.07468907292207
 30
0.0
 11
385.6400442572878
 21
54.07468901288154
 31
0.0
 90
      402
 90
        2
 90
      403
 90
      939
 70
     1
330
0
 90
        0
280
     0
 90
       -1
 90
      401
 90
      403
 90
        2
 90
      402
 90
      401
 70
     0
 90
        0
290
     1
290
     1
 90
      404
 90
        2
 90
      405
 90
      938
 70
     1
330
0
 90
        0
280
     1
 90
       -1
 90
      401
 90
      405
 90
        2
 90
      404
 90
      401
 70
     0
 90
        0
290
     1
290
     1
 90
      406
 90
        3
 90
      408
 90
      410
 90
     1062
 70
     1
330
4A3
 90
        0
 10
360.6383116760691
 20
29.07642171418269
 30
0.0
 10
0.9999999975983655
 20
-0.0000693056504275
 30
0.0
290
     0
 10
360.638311676069
 20
29.07642171418274
 30
0.0
 11
385.6383116160282
 21
29.07468907292207
 31
0.0
 90
      407
 90
        2
 90
      408
 90
     1085
 70
     1
330
0
 90
        0
280
     0
 90
       -1
 90
      406
 90
      408
 90
        2
 90
      407
 90
      406
 70
     0
 90
        0
290
     1
290
     1
 90
      409
 90
        2
 90
      410
 90
      939
 70
     1
330
0
 90
        0
280
     1
 90
       -1
 90
      406
 90
      410
 90
        2
 90
      409
 90
      406
 70
     0
 90
        0
290
     1
290
     1
 90
      411
 90
        5
 90
      413
 90
      415
 90
     1008
 90
     1009
 90
     1010
 70
     1
330
4A4
 90
        0
 10
205.6365794070639
 20
4.087164150044372
 30
0.0
 10
0.0000693056503849
 20
0.9999999975983637
 30
0.0
290
     0
 10
205.6365794070639
 20
4.087164150044372
 30
0.0
 11
205.6383120483238
 21
29.08716408999885
 31
0.0
 90
      412
 90
        2
 90
      413
 90
      959
 70
     1
330
0
 90
        0
280
     0
 90
       -1
 90
      411
 90
      413
 90
        2
 90
      412
 90
      411
 70
     0
 90
        0
290
     1
290
     1
 90
      414
 90
        2
 90
      415
 90
      954
 70
     1
330
0
 90
        0
280
     1
 90
       -1
 90
      411
 90
      415
 90
        2
 90
      414
 90
      411
 70
     0
 90
        0
290
     1
290
     1
 90
      416
 90
        3
 90
      418
 90
      420
 90
      943
 70
     1
330
4A5
 90
        0
 10
280.6400445094595
 20
54.08196610618228
 30
0.0
 10
-0.0000693056504133
 20
-0.9999999975983655
 30
0.0
290
     0
 10
280.6400445094596
 20
54.08196610617642
 30
0.0
 11
280.6383118681995
 21
29.08196616621683
 31
0.0
 90
      417
 90
        2
 90
      418
 90
      940
 70
     1
330
0
 90
        0
280
     0
 90
       -1
 90
      416
 90
      418
 90
        2
 90
      417
 90
      416
 70
     0
 90
        0
290
     1
290
     1
 90
      419
 90
        4
 90
      420
 90
      944
 90
      945
 90
      946
 70
     1
330
0
 90
        0
280
     1
 90
       -1
 90
      416
 90
      420
 90
        2
 90
      419
 90
      416
 70
     0
 90
        0
290
     1
290
     1
 90
      421
 90
        3
 90
      423
 90
      425
 90
     1054
 70
     1
330
4A6
 90
        0
 10
305.6400444494192
 20
54.08023346491575
 30
0.0
 10
-0.9999999975983655
 20
0.0000693056504275
 30
0.0
290
     0
 10
305.6400444494191
 20
54.08023346491575
 30
0.0
 11
280.6400445094596
 21
54.08196610617642
 31
0.0
 90
      422
 90
        2
 90
      423
 90
      941
 70
     1
330
0
 90
        0
280
     0
 90
       -1
 90
      421
 90
      423
 90
        2
 90
      422
 90
      421
 70
     0
 90
        0
290
     1
290
     1
 90
      424
 90
        2
 90
      425
 90
      940
 70
     1
330
0
 90
        0
280
     1
 90
       -1
 90
      421
 90
      425
 90
        2
 90
      424
 90
      421
 70
     0
 90
        0
290
     1
290
     1
 90
      426
 90
        3
 90
      428
 90
      430
 90
     1095
 70
     1
330
4A7
 90
        0
 10
305.6383118081603
 20
29.08023352496349
 30
0.0
 10
0.0000693056504133
 20
0.999999997598362
 30
0.0
290
     0
 10
305.6383118081603
 20
29.08023352495616
 30
0.0
 11
305.6400444494191
 21
54.08023346491575
 31
0.0
 90
      427
 90
        2
 90
      428
 90
      942
 70
     1
330
0
 90
        0
280
     0
 90
       -1
 90
      426
 90
      428
 90
        2
 90
      427
 90
      426
 70
     0
 90
        0
290
     1
290
     1
 90
      429
 90
        2
 90
      430
 90
      941
 70
     1
330
0
 90
        0
280
     1
 90
       -1
 90
      426
 90
      430
 90
        2
 90
      429
 90
      426
 70
     0
 90
        0
290
     1
290
     1
 90
      431
 90
        3
 90
      433
 90
      435
 90
     1063
 70
     1
330
4A8
 90
        0
 10
280.6383118681999
 20
29.08196616621678
 30
0.0
 10
0.9999999975983655
 20
-0.0000693056504275
 30
0.0
290
     0
 10
280.6383118681995
 20
29.08196616621683
 30
0.0
 11
305.6383118081603
 21
29.08023352495616
 31
0.0
 90
      432
 90
        2
 90
      433
 90
      944
 70
     1
330
0
 90
        0
280
     0
 90
       -1
 90
      431
 90
      433
 90
        2
 90
      432
 90
      431
 70
     0
 90
        0
290
     1
290
     1
 90
      434
 90
        2
 90
      435
 90
      942
 70
     1
330
0
 90
        0
280
     1
 90
       -1
 90
      431
 90
      435
 90
        2
 90
      434
 90
      431
 70
     0
 90
        0
290
     1
290
     1
 90
      436
 90
        3
 90
      438
 90
      440
 90
     1064
 70
     1
330
4A9
 90
        0
 10
280.6383118681999
 20
29.08196616621683
 30
0.0
 10
-0.9999999975983655
 20
0.0000693056504275
 30
0.0
290
     0
 10
280.6383118681995
 20
29.08196616621683
 30
0.0
 11
255.9791255056079
 21
29.0836751871708
 31
0.0
 90
      437
 90
        2
 90
      438
 90
      945
 70
     1
330
0
 90
        0
280
     0
 90
       -1
 90
      436
 90
      438
 90
        2
 90
      437
 90
      436
 70
     0
 90
        0
290
     1
290
     1
 90
      439
 90
        4
 90
      440
 90
      949
 90
      950
 90
      951
 70
     1
330
0
 90
        0
280
     1
 90
       -1
 90
      436
 90
      440
 90
        2
 90
      439
 90
      436
 70
     0
 90
        0
290
     1
290
     1
 90
      441
 90
        4
 90
      443
 90
      445
 90
      943
 90
     1140
 70
     1
330
4AA
 90
        0
 10
280.6365792269397
 20
4.081966226264398
 30
0.0
 10
0.0000693056504133
 20
0.9999999975983637
 30
0.0
290
     0
 10
280.6365792269398
 20
4.081966226262466
 30
0.0
 11
280.6383118681995
 21
29.08196616621683
 31
0.0
 90
      442
 90
        2
 90
      443
 90
      947
 70
     1
330
0
 90
        0
280
     0
 90
       -1
 90
      441
 90
      443
 90
        2
 90
      442
 90
      441
 70
     0
 90
        0
290
     1
290
     1
 90
      444
 90
        2
 90
      445
 90
      946
 70
     1
330
0
 90
        0
280
     1
 90
       -1
 90
      441
 90
      445
 90
        2
 90
      444
 90
      441
 70
     0
 90
        0
290
     1
290
     1
 90
      446
 90
       10
 90
      448
 90
      450
 90
     1109
 90
     1110
 90
     1111
 90
     1112
 90
     1113
 90
     1114
 90
     1115
 90
     1116
 70
     1
330
4AB
 90
        0
 10
255.9773928643481
 20
4.083675247216376
 30
0.0
 10
0.9999999975983655
 20
-0.0000693056504266
 30
0.0
290
     0
 10
255.9773928643485
 20
4.083675247216433
 30
0.0
 11
280.6365792269398
 21
4.081966226262466
 31
0.0
 90
      447
 90
        2
 90
      448
 90
      948
 70
     1
330
0
 90
        0
280
     0
 90
       -1
 90
      446
 90
      448
 90
        2
 90
      447
 90
      446
 70
     0
 90
        0
290
     1
290
     1
 90
      449
 90
        2
 90
      450
 90
      947
 70
     1
330
0
 90
        0
280
     1
 90
       -1
 90
      446
 90
      450
 90
        2
 90
      449
 90
      446
 70
     0
 90
        0
290
     1
290
     1
 90
      451
 90
        5
 90
      453
 90
      455
 90
      979
 90
      980
 90
      981
 70
     1
330
4AC
 90
        0
 10
255.9791255056083
 20
29.08367518717665
 30
0.0
 10
-0.0000693056503849
 20
-0.999999997598362
 30
0.0
290
     0
 10
255.9791255056079
 20
29.0836751871708
 30
0.0
 11
255.9773928643485
 21
4.083675247216433
 31
0.0
 90
      452
 90
        2
 90
      453
 90
      949
 70
     1
330
0
 90
        0
280
     0
 90
       -1
 90
      451
 90
      453
 90
        2
 90
      452
 90
      451
 70
     0
 90
        0
290
     1
290
     1
 90
      454
 90
        2
 90
      455
 90
      948
 70
     1
330
0
 90
        0
280
     1
 90
       -1
 90
      451
 90
      455
 90
        2
 90
      454
 90
      451
 70
     0
 90
        0
290
     1
290
     1
 90
      456
 90
        3
 90
      458
 90
      460
 90
     1065
 70
     1
330
4AD
 90
        0
 10
255.9791255056079
 20
29.08367518717085
 30
0.0
 10
-0.9999999975983655
 20
0.0000693056504275
 30
0.0
290
     0
 10
255.9791255056079
 20
29.0836751871708
 30
0.0
 11
230.9791255656482
 21
29.08540782843147
 31
0.0
 90
      457
 90
        2
 90
      458
 90
      950
 70
     1
330
0
 90
        0
280
     0
 90
       -1
 90
      456
 90
      458
 90
        2
 90
      457
 90
      456
 70
     0
 90
        0
290
     1
290
     1
 90
      459
 90
        4
 90
      460
 90
      955
 90
      956
 90
      957
 70
     1
330
0
 90
        0
280
     1
 90
       -1
 90
      456
 90
      460
 90
        2
 90
      459
 90
      456
 70
     0
 90
        0
290
     1
290
     1
 90
      461
 90
        3
 90
      463
 90
      465
 90
      979
 70
     1
330
4AE
 90
        0
 10
255.9808581468682
 20
54.08367512713567
 30
0.0
 10
-0.0000693056503849
 20
-0.9999999975983655
 30
0.0
290
     0
 10
255.9808581468683
 20
54.08367512713027
 30
0.0
 11
255.9791255056079
 21
29.0836751871708
 31
0.0
 90
      462
 90
        2
 90
      463
 90
      952
 70
     1
330
0
 90
        0
280
     0
 90
       -1
 90
      461
 90
      463
 90
        2
 90
      462
 90
      461
 70
     0
 90
        0
290
     1
290
     1
 90
      464
 90
        2
 90
      465
 90
      951
 70
     1
330
0
 90
        0
280
     1
 90
       -1
 90
      461
 90
      465
 90
        2
 90
      464
 90
      461
 70
     0
 90
        0
290
     1
290
     1
 90
      466
 90
        3
 90
      468
 90
      470
 90
     1055
 70
     1
330
4AF
 90
        0
 10
230.9808582069081
 20
54.08540776839095
 30
0.0
 10
0.9999999975983655
 20
-0.0000693056504275
 30
0.0
290
     0
 10
230.9808582069081
 20
54.08540776839095
 30
0.0
 11
255.9808581468683
 21
54.08367512713027
 31
0.0
 90
      467
 90
        2
 90
      468
 90
      953
 70
     1
330
0
 90
        0
280
     0
 90
       -1
 90
      466
 90
      468
 90
        2
 90
      467
 90
      466
 70
     0
 90
        0
290
     1
290
     1
 90
      469
 90
        2
 90
      470
 90
      952
 70
     1
330
0
 90
        0
280
     1
 90
       -1
 90
      466
 90
      470
 90
        2
 90
      469
 90
      466
 70
     0
 90
        0
290
     1
290
     1
 90
      471
 90
        5
 90
      473
 90
      475
 90
      984
 90
      985
 90
      986
 70
     1
330
4B0
 90
        0
 10
230.9791255656482
 20
29.08540782843659
 30
0.0
 10
0.0000693056503849
 20
0.999999997598362
 30
0.0
290
     0
 10
230.9791255656482
 20
29.08540782843147
 30
0.0
 11
230.9808582069081
 21
54.08540776839095
 31
0.0
 90
      472
 90
        2
 90
      473
 90
      955
 70
     1
330
0
 90
        0
280
     0
 90
       -1
 90
      471
 90
      473
 90
        2
 90
      472
 90
      471
 70
     0
 90
        0
290
     1
290
     1
 90
      474
 90
        2
 90
      475
 90
      953
 70
     1
330
0
 90
        0
280
     1
 90
       -1
 90
      471
 90
      475
 90
        2
 90
      474
 90
      471
 70
     0
 90
        0
290
     1
290
     1
 90
      476
 90
        3
 90
      478
 90
      480
 90
     1066
 70
     1
330
4B1
 90
        0
 10
230.9791255656481
 20
29.08540782843147
 30
0.0
 10
-0.9999999975983655
 20
0.0000693056504275
 30
0.0
290
     0
 10
230.9791255656482
 20
29.08540782843147
 30
0.0
 11
205.6383120483238
 21
29.08716408999885
 31
0.0
 90
      477
 90
        2
 90
      478
 90
      956
 70
     1
330
0
 90
        0
280
     0
 90
       -1
 90
      476
 90
      478
 90
        2
 90
      477
 90
      476
 70
     0
 90
        0
290
     1
290
     1
 90
      479
 90
        2
 90
      480
 90
      954
 70
     1
330
0
 90
        0
280
     1
 90
       -1
 90
      476
 90
      480
 90
        2
 90
      479
 90
      476
 70
     0
 90
        0
290
     1
290
     1
 90
      481
 90
        3
 90
      483
 90
      485
 90
      984
 70
     1
330
4B2
 90
        0
 10
230.9773929243884
 20
4.085407888477561
 30
0.0
 10
0.0000693056503849
 20
0.9999999975983637
 30
0.0
290
     0
 10
230.9773929243884
 20
4.085407888476993
 30
0.0
 11
230.9791255656482
 21
29.08540782843147
 31
0.0
 90
      482
 90
        2
 90
      483
 90
      958
 70
     1
330
0
 90
        0
280
     0
 90
       -1
 90
      481
 90
      483
 90
        2
 90
      482
 90
      481
 70
     0
 90
        0
290
     1
290
     1
 90
      484
 90
        2
 90
      485
 90
      957
 70
     1
330
0
 90
        0
280
     1
 90
       -1
 90
      481
 90
      485
 90
        2
 90
      484
 90
      481
 70
     0
 90
        0
290
     1
290
     1
 90
      486
 90
        3
 90
      488
 90
      490
 90
     1109
 70
     1
330
4B3
 90
        0
 10
205.6365794070627
 20
4.087164150044372
 30
0.0
 10
0.9999999975983655
 20
-0.0000693056504266
 30
0.0
290
     0
 10
205.6365794070639
 20
4.087164150044372
 30
0.0
 11
230.9773929243884
 21
4.085407888476993
 31
0.0
 90
      487
 90
        2
 90
      488
 90
      959
 70
     1
330
0
 90
        0
280
     0
 90
       -1
 90
      486
 90
      488
 90
        2
 90
      487
 90
      486
 70
     0
 90
        0
290
     1
290
     1
 90
      489
 90
        2
 90
      490
 90
      958
 70
     1
330
0
 90
        0
280
     1
 90
       -1
 90
      486
 90
      490
 90
        2
 90
      489
 90
      486
 70
     0
 90
        0
290
     1
290
     1
 90
      491
 90
        3
 90
      493
 90
      495
 90
     1110
 70
     1
330
4B4
 90
        0
 10
130.6365795871851
 20
4.09236207382645
 30
0.0
 10
-0.9999999975983655
 20
0.0000693056504266
 30
0.0
290
     0
 10
130.6365795871852
 20
4.092362073826393
 30
0.0
 11
105.6365796472264
 21
4.094094715087067
 31
0.0
 90
      492
 90
        2
 90
      493
 90
      960
 70
     1
330
0
 90
        0
280
     0
 90
       -1
 90
      491
 90
      493
 90
        2
 90
      492
 90
      491
 70
     0
 90
        0
290
     1
290
     1
 90
      494
 90
        2
 90
      495
 90
      965
 70
     1
330
0
 90
        0
280
     1
 90
       -1
 90
      491
 90
      495
 90
        2
 90
      494
 90
      491
 70
     0
 90
        0
290
     1
290
     1
 90
      496
 90
        4
 90
      498
 90
      500
 90
     1019
 90
     1020
 70
     1
330
4B5
 90
        0
 10
130.6417775109661
 20
79.09236189370159
 30
0.0
 10
-0.0000693056503849
 20
-0.9999999975983655
 30
0.0
290
     0
 10
130.641777510966
 20
79.09236189370085
 30
0.0
 11
130.6365795871852
 21
4.092362073826393
 31
0.0
 90
      497
 90
        2
 90
      498
 90
      963
 70
     1
330
0
 90
        0
280
     0
 90
       -1
 90
      496
 90
      498
 90
        2
 90
      497
 90
      496
 70
     0
 90
        0
290
     1
290
     1
 90
      499
 90
        2
 90
      500
 90
      960
 70
     1
330
0
 90
        0
280
     1
 90
       -1
 90
      496
 90
      500
 90
        2
 90
      499
 90
      496
 70
     0
 90
        0
290
     1
290
     1
 90
      501
 90
        4
 90
      503
 90
      505
 90
      962
 90
     1162
 70
     1
330
4B6
 90
        0
 10
105.6417775710068
 20
79.09409453496152
 30
0.0
 10
0.9999999975983655
 20
-0.0000693056504275
 30
0.0
290
     0
 10
105.6417775710058
 20
79.09409453496152
 30
0.0
 11
130.641777510966
 21
79.09236189370085
 31
0.0
 90
      502
 90
        2
 90
      503
 90
      964
 70
     1
330
0
 90
        0
280
     0
 90
       -1
 90
      501
 90
      503
 90
        2
 90
      502
 90
      501
 70
     0
 90
        0
290
     1
290
     1
 90
      504
 90
        2
 90
      505
 90
      963
 70
     1
330
0
 90
        0
280
     1
 90
       -1
 90
      501
 90
      505
 90
        2
 90
      504
 90
      501
 70
     0
 90
        0
290
     1
290
     1
 90
      506
 90
        3
 90
      508
 90
      510
 90
     1023
 70
     1
330
4B7
 90
        0
 10
105.6365796472262
 20
4.094094715084281
 30
0.0
 10
0.0000693056503991
 20
0.9999999975983637
 30
0.0
290
     0
 10
105.6365796472264
 20
4.094094715087067
 30
0.0
 11
105.6417775710058
 21
79.09409453496152
 31
0.0
 90
      507
 90
        2
 90
      508
 90
      965
 70
     1
330
0
 90
        0
280
     0
 90
       -1
 90
      506
 90
      508
 90
        2
 90
      507
 90
      506
 70
     0
 90
        0
290
     1
290
     1
 90
      509
 90
        2
 90
      510
 90
      964
 70
     1
330
0
 90
        0
280
     1
 90
       -1
 90
      506
 90
      510
 90
        2
 90
      509
 90
      506
 70
     0
 90
        0
290
     1
290
     1
 90
      511
 90
        3
 90
      513
 90
      515
 90
     1141
 70
     1
330
4B8
 90
        0
 10
280.65390563954
 20
254.0819656258552
 30
0.0
 10
0.0000693056504133
 20
0.9999999975983655
 30
0.0
290
     0
 10
280.65390563954
 20
254.0819656258491
 30
0.0
 11
280.6556382807999
 21
279.0819655658146
 31
0.0
 90
      512
 90
        2
 90
      513
 90
      966
 70
     1
330
0
 90
        0
280
     0
 90
       -1
 90
      511
 90
      513
 90
        2
 90
      512
 90
      511
 70
     0
 90
        0
290
     1
290
     1
 90
      514
 90
        2
 90
      515
 90
     1094
 70
     1
330
0
 90
        0
280
     1
 90
       -1
 90
      511
 90
      515
 90
        2
 90
      514
 90
      511
 70
     0
 90
        0
290
     1
290
     1
 90
      516
 90
        3
 90
      518
 90
      520
 90
     1028
 70
     1
330
4B9
 90
        0
 10
255.6539056995808
 20
254.0836982671097
 30
0.0
 10
0.9999999975983655
 20
-0.0000693056504133
 30
0.0
290
     0
 10
255.6539056995809
 20
254.0836982671097
 30
0.0
 11
280.65390563954
 21
254.0819656258491
 31
0.0
 90
      517
 90
        2
 90
      518
 90
      967
 70
     1
330
0
 90
        0
280
     0
 90
       -1
 90
      516
 90
      518
 90
        2
 90
      517
 90
      516
 70
     0
 90
        0
290
     1
290
     1
 90
      519
 90
        2
 90
      520
 90
      966
 70
     1
330
0
 90
        0
280
     1
 90
       -1
 90
      516
 90
      520
 90
        2
 90
      519
 90
      516
 70
     0
 90
        0
290
     1
290
     1
 90
      521
 90
        3
 90
      523
 90
      525
 90
     1142
 70
     1
330
4BA
 90
        0
 10
255.6556383408409
 20
279.0836982070743
 30
0.0
 10
-0.0000693056503849
 20
-0.9999999975983655
 30
0.0
290
     0
 10
255.655638340841
 20
279.0836982070753
 30
0.0
 11
255.6539056995809
 21
254.0836982671097
 31
0.0
 90
      522
 90
        2
 90
      523
 90
      968
 70
     1
330
0
 90
        0
280
     0
 90
       -1
 90
      521
 90
      523
 90
        2
 90
      522
 90
      521
 70
     0
 90
        0
290
     1
290
     1
 90
      524
 90
        2
 90
      525
 90
      967
 70
     1
330
0
 90
        0
280
     1
 90
       -1
 90
      521
 90
      525
 90
        2
 90
      524
 90
      521
 70
     0
 90
        0
290
     1
290
     1
 90
      526
 90
        3
 90
      528
 90
      530
 90
     1088
 70
     1
330
4BB
 90
        0
 10
205.655638460923
 20
279.0871634895966
 30
0.0
 10
0.9999999975983655
 20
-0.0000693056504133
 30
0.0
290
     0
 10
205.6556384609225
 20
279.0871634895966
 30
0.0
 11
255.655638340841
 21
279.0836982070753
 31
0.0
 90
      527
 90
        2
 90
      528
 90
      969
 70
     1
330
0
 90
        0
280
     0
 90
       -1
 90
      526
 90
      528
 90
        2
 90
      527
 90
      526
 70
     0
 90
        0
290
     1
290
     1
 90
      529
 90
        2
 90
      530
 90
      968
 70
     1
330
0
 90
        0
280
     1
 90
       -1
 90
      526
 90
      530
 90
        2
 90
      529
 90
      526
 70
     0
 90
        0
290
     1
290
     1
 90
      531
 90
        3
 90
      533
 90
      535
 90
     1008
 70
     1
330
4BC
 90
        0
 10
205.6539058196628
 20
254.0871635496353
 30
0.0
 10
0.0000693056503849
 20
0.9999999975983655
 30
0.0
290
     0
 10
205.6539058196629
 20
254.0871635496311
 30
0.0
 11
205.6556384609225
 21
279.0871634895966
 31
0.0
 90
      532
 90
        2
 90
      533
 90
      970
 70
     1
330
0
 90
        0
280
     0
 90
       -1
 90
      531
 90
      533
 90
        2
 90
      532
 90
      531
 70
     0
 90
        0
290
     1
290
     1
 90
      534
 90
        2
 90
      535
 90
      969
 70
     1
330
0
 90
        0
280
     1
 90
       -1
 90
      531
 90
      535
 90
        2
 90
      534
 90
      531
 70
     0
 90
        0
290
     1
290
     1
 90
      536
 90
        3
 90
      538
 90
      540
 90
     1029
 70
     1
330
4BD
 90
        0
 10
255.9947192769479
 20
254.0836746468031
 30
0.0
 10
-0.9999999975983655
 20
0.0000693056504133
 30
0.0
290
     0
 10
255.9947192769473
 20
254.0836746468031
 30
0.0
 11
205.6539058196629
 21
254.0871635496311
 31
0.0
 90
      537
 90
        2
 90
      538
 90
      971
 70
     1
330
0
 90
        0
280
     0
 90
       -1
 90
      536
 90
      538
 90
        2
 90
      537
 90
      536
 70
     0
 90
        0
290
     1
290
     1
 90
      539
 90
        2
 90
      540
 90
      970
 70
     1
330
0
 90
        0
280
     1
 90
       -1
 90
      536
 90
      540
 90
        2
 90
      539
 90
      536
 70
     0
 90
        0
290
     1
290
     1
 90
      541
 90
        3
 90
      543
 90
      545
 90
      980
 70
     1
330
4BE
 90
        0
 10
255.9912539944276
 20
204.0836747668908
 30
0.0
 10
0.0000693056503849
 20
0.9999999975983655
 30
0.0
290
     0
 10
255.9912539944276
 20
204.0836747669032
 30
0.0
 11
255.9947192769473
 21
254.0836746468031
 31
0.0
 90
      542
 90
        2
 90
      543
 90
      972
 70
     1
330
0
 90
        0
280
     0
 90
       -1
 90
      541
 90
      543
 90
        2
 90
      542
 90
      541
 70
     0
 90
        0
290
     1
290
     1
 90
      544
 90
        2
 90
      545
 90
      971
 70
     1
330
0
 90
        0
280
     1
 90
       -1
 90
      541
 90
      545
 90
        2
 90
      544
 90
      541
 70
     0
 90
        0
290
     1
290
     1
 90
      546
 90
        3
 90
      548
 90
      550
 90
     1005
 70
     1
330
4BF
 90
        0
 10
230.9912540544682
 20
204.0854074081638
 30
0.0
 10
0.9999999975983655
 20
-0.0000693056504133
 30
0.0
290
     0
 10
230.9912540544674
 20
204.0854074081638
 30
0.0
 11
255.9912539944276
 21
204.0836747669032
 31
0.0
 90
      547
 90
        2
 90
      548
 90
      973
 70
     1
330
0
 90
        0
280
     0
 90
       -1
 90
      546
 90
      548
 90
        2
 90
      547
 90
      546
 70
     0
 90
        0
290
     1
290
     1
 90
      549
 90
        2
 90
      550
 90
      972
 70
     1
330
0
 90
        0
280
     1
 90
       -1
 90
      546
 90
      550
 90
        2
 90
      549
 90
      546
 70
     0
 90
        0
290
     1
290
     1
 90
      551
 90
        3
 90
      553
 90
      555
 90
      985
 70
     1
330
4C0
 90
        0
 10
230.9895226291031
 20
179.1029514275799
 30
0.0
 10
0.0000693056503849
 20
0.9999999975983655
 30
0.0
290
     0
 10
230.9895226291033
 20
179.1029514275805
 30
0.0
 11
230.9912540544674
 21
204.0854074081638
 31
0.0
 90
      552
 90
        2
 90
      553
 90
      978
 70
     1
330
0
 90
        0
280
     0
 90
       -1
 90
      551
 90
      553
 90
        2
 90
      552
 90
      551
 70
     0
 90
        0
290
     1
290
     1
 90
      554
 90
        2
 90
      555
 90
      973
 70
     1
330
0
 90
        0
280
     1
 90
       -1
 90
      551
 90
      555
 90
        2
 90
      554
 90
      551
 70
     0
 90
        0
290
     1
290
     1
 90
      556
 90
        4
 90
      558
 90
      560
 90
      977
 90
     1163
 70
     1
330
4C1
 90
        0
 10
255.9895225690633
 20
179.1012187863198
 30
0.0
 10
-0.9999999975983655
 20
0.0000693056504133
 30
0.0
290
     0
 10
255.9895225690627
 20
179.1012187863198
 30
0.0
 11
230.9895226291033
 21
179.1029514275805
 31
0.0
 90
      557
 90
        2
 90
      558
 90
      982
 70
     1
330
0
 90
        0
280
     0
 90
       -1
 90
      556
 90
      558
 90
        2
 90
      557
 90
      556
 70
     0
 90
        0
290
     1
290
     1
 90
      559
 90
        2
 90
      560
 90
      978
 70
     1
330
0
 90
        0
280
     1
 90
       -1
 90
      556
 90
      560
 90
        2
 90
      559
 90
      556
 70
     0
 90
        0
290
     1
290
     1
 90
      561
 90
        4
 90
      563
 90
      565
 90
      981
 90
     1143
 70
     1
330
4C2
 90
        0
 10
255.9877887119073
 20
154.083674886972
 30
0.0
 10
0.0000693056503849
 20
0.9999999975983655
 30
0.0
290
     0
 10
255.9877887119073
 20
154.0836748869665
 30
0.0
 11
255.9895225690627
 21
179.1012187863198
 31
0.0
 90
      562
 90
        2
 90
      563
 90
      983
 70
     1
330
0
 90
        0
280
     0
 90
       -1
 90
      561
 90
      563
 90
        2
 90
      562
 90
      561
 70
     0
 90
        0
290
     1
290
     1
 90
      564
 90
        2
 90
      565
 90
      982
 70
     1
330
0
 90
        0
280
     1
 90
       -1
 90
      561
 90
      565
 90
        2
 90
      564
 90
      561
 70
     0
 90
        0
290
     1
290
     1
 90
      566
 90
        3
 90
      568
 90
      570
 90
     1042
 70
     1
330
4C3
 90
        0
 10
230.9877887719481
 20
154.0854075282271
 30
0.0
 10
0.9999999975983655
 20
-0.0000693056504133
 30
0.0
290
     0
 10
230.9877887719476
 20
154.0854075282271
 30
0.0
 11
255.9877887119073
 21
154.0836748869665
 31
0.0
 90
      567
 90
        2
 90
      568
 90
      987
 70
     1
330
0
 90
        0
280
     0
 90
       -1
 90
      566
 90
      568
 90
        2
 90
      567
 90
      566
 70
     0
 90
        0
290
     1
290
     1
 90
      569
 90
        2
 90
      570
 90
      983
 70
     1
330
0
 90
        0
280
     1
 90
       -1
 90
      566
 90
      570
 90
        2
 90
      569
 90
      566
 70
     0
 90
        0
290
     1
290
     1
 90
      571
 90
        4
 90
      573
 90
      575
 90
      986
 90
     1144
 70
     1
330
4C4
 90
        0
 10
230.9860561306877
 20
129.0854075882731
 30
0.0
 10
0.0000693056503849
 20
0.9999999975983655
 30
0.0
290
     0
 10
230.9860561306877
 20
129.0854075882719
 30
0.0
 11
230.9877887719476
 21
154.0854075282271
 31
0.0
 90
      572
 90
        2
 90
      573
 90
      988
 70
     1
330
0
 90
        0
280
     0
 90
       -1
 90
      571
 90
      573
 90
        2
 90
      572
 90
      571
 70
     0
 90
        0
290
     1
290
     1
 90
      574
 90
        2
 90
      575
 90
      987
 70
     1
330
0
 90
        0
280
     1
 90
       -1
 90
      571
 90
      575
 90
        2
 90
      574
 90
      571
 70
     0
 90
        0
290
     1
290
     1
 90
      576
 90
        3
 90
      578
 90
      580
 90
      998
 70
     1
330
4C5
 90
        0
 10
205.6452426133628
 20
129.0871638498393
 30
0.0
 10
0.9999999975983655
 20
-0.0000693056504133
 30
0.0
290
     0
 10
205.6452426133631
 20
129.0871638498394
 30
0.0
 11
230.9860561306877
 21
129.0854075882719
 31
0.0
 90
      577
 90
        2
 90
      578
 90
      989
 70
     1
330
0
 90
        0
280
     0
 90
       -1
 90
      576
 90
      578
 90
        2
 90
      577
 90
      576
 70
     0
 90
        0
290
     1
290
     1
 90
      579
 90
        2
 90
      580
 90
      988
 70
     1
330
0
 90
        0
280
     1
 90
       -1
 90
      576
 90
      580
 90
        2
 90
      579
 90
      576
 70
     0
 90
        0
290
     1
290
     1
 90
      581
 90
        3
 90
      583
 90
      585
 90
     1009
 70
     1
330
4C6
 90
        0
 10
205.6400446895835
 20
54.08716402996242
 30
0.0
 10
0.0000693056503849
 20
0.9999999975983655
 30
0.0
290
     0
 10
205.6400446895836
 20
54.08716402995833
 30
0.0
 11
205.6452426133631
 21
129.0871638498394
 31
0.0
 90
      582
 90
        2
 90
      583
 90
      990
 70
     1
330
0
 90
        0
280
     0
 90
       -1
 90
      581
 90
      583
 90
        2
 90
      582
 90
      581
 70
     0
 90
        0
290
     1
290
     1
 90
      584
 90
        2
 90
      585
 90
      989
 70
     1
330
0
 90
        0
280
     1
 90
       -1
 90
      581
 90
      585
 90
        2
 90
      584
 90
      581
 70
     0
 90
        0
290
     1
290
     1
 90
      586
 90
        3
 90
      588
 90
      590
 90
     1056
 70
     1
330
4C7
 90
        0
 10
180.9808583269907
 20
54.0888730509123
 30
0.0
 10
0.9999999975983655
 20
-0.0000693056504275
 30
0.0
290
     0
 10
180.980858326991
 20
54.0888730509123
 30
0.0
 11
205.6400446895836
 21
54.08716402995833
 31
0.0
 90
      587
 90
        2
 90
      588
 90
      991
 70
     1
330
0
 90
        0
280
     0
 90
       -1
 90
      586
 90
      588
 90
        2
 90
      587
 90
      586
 70
     0
 90
        0
290
     1
290
     1
 90
      589
 90
        2
 90
      590
 90
      990
 70
     1
330
0
 90
        0
280
     1
 90
       -1
 90
      586
 90
      590
 90
        2
 90
      589
 90
      586
 70
     0
 90
        0
290
     1
290
     1
 90
      591
 90
        4
 90
      593
 90
      595
 90
     1013
 90
     1014
 70
     1
330
4C8
 90
        0
 10
180.9843236095108
 20
104.088872930834
 30
0.0
 10
-0.0000693056503849
 20
-0.9999999975983655
 30
0.0
290
     0
 10
180.9843236095107
 20
104.08887293083
 30
0.0
 11
180.980858326991
 21
54.0888730509123
 31
0.0
 90
      592
 90
        2
 90
      593
 90
      992
 70
     1
330
0
 90
        0
280
     0
 90
       -1
 90
      591
 90
      593
 90
        2
 90
      592
 90
      591
 70
     0
 90
        0
290
     1
290
     1
 90
      594
 90
        2
 90
      595
 90
      991
 70
     1
330
0
 90
        0
280
     1
 90
       -1
 90
      591
 90
      595
 90
        2
 90
      594
 90
      591
 70
     0
 90
        0
290
     1
290
     1
 90
      596
 90
        3
 90
      598
 90
      600
 90
     1049
 70
     1
330
4C9
 90
        0
 10
130.6435101522256
 20
104.092361833658
 30
0.0
 10
0.9999999975983655
 20
-0.0000693056504275
 30
0.0
290
     0
 10
130.6435101522259
 20
104.092361833658
 30
0.0
 11
180.9843236095107
 21
104.08887293083
 31
0.0
 90
      597
 90
        2
 90
      598
 90
      993
 70
     1
330
0
 90
        0
280
     0
 90
       -1
 90
      596
 90
      598
 90
        2
 90
      597
 90
      596
 70
     0
 90
        0
290
     1
290
     1
 90
      599
 90
        2
 90
      600
 90
      992
 70
     1
330
0
 90
        0
280
     1
 90
       -1
 90
      596
 90
      600
 90
        2
 90
      599
 90
      596
 70
     0
 90
        0
290
     1
290
     1
 90
      601
 90
        3
 90
      603
 90
      605
 90
     1019
 70
     1
330
4CA
 90
        0
 10
130.6452427934857
 20
129.0923617736197
 30
0.0
 10
-0.0000693056503849
 20
-0.9999999975983655
 30
0.0
290
     0
 10
130.6452427934857
 20
129.0923617736213
 30
0.0
 11
130.6435101522259
 21
104.092361833658
 31
0.0
 90
      602
 90
        2
 90
      603
 90
     1000
 70
     1
330
0
 90
        0
280
     0
 90
       -1
 90
      601
 90
      603
 90
        2
 90
      602
 90
      601
 70
     0
 90
        0
290
     1
290
     1
 90
      604
 90
        2
 90
      605
 90
      993
 70
     1
330
0
 90
        0
280
     1
 90
       -1
 90
      601
 90
      605
 90
        2
 90
      604
 90
      601
 70
     0
 90
        0
290
     1
290
     1
 90
      606
 90
        4
 90
      608
 90
      610
 90
      999
 90
     1164
 70
     1
330
4CB
 90
        0
 10
180.98605625077
 20
129.0888728707933
 30
0.0
 10
-0.9999999975983655
 20
0.0000693056504133
 30
0.0
290
     0
 10
180.9860562507707
 20
129.0888728707933
 30
0.0
 11
130.6452427934857
 21
129.0923617736213
 31
0.0
 90
      607
 90
        2
 90
      608
 90
     1001
 70
     1
330
0
 90
        0
280
     0
 90
       -1
 90
      606
 90
      608
 90
        2
 90
      607
 90
      606
 70
     0
 90
        0
290
     1
290
     1
 90
      609
 90
        2
 90
      610
 90
     1000
 70
     1
330
0
 90
        0
280
     1
 90
       -1
 90
      606
 90
      610
 90
        2
 90
      609
 90
      606
 70
     0
 90
        0
290
     1
290
     1
 90
      611
 90
        3
 90
      613
 90
      615
 90
     1013
 70
     1
330
4CC
 90
        0
 10
180.9912541745502
 20
204.0888726906708
 30
0.0
 10
-0.0000693056503849
 20
-0.9999999975983655
 30
0.0
290
     0
 10
180.9912541745502
 20
204.0888726906852
 30
0.0
 11
180.9860562507707
 21
129.0888728707933
 31
0.0
 90
      612
 90
        2
 90
      613
 90
     1007
 70
     1
330
0
 90
        0
280
     0
 90
       -1
 90
      611
 90
      613
 90
        2
 90
      612
 90
      611
 70
     0
 90
        0
290
     1
290
     1
 90
      614
 90
        2
 90
      615
 90
     1001
 70
     1
330
0
 90
        0
280
     1
 90
       -1
 90
      611
 90
      615
 90
        2
 90
      614
 90
      611
 70
     0
 90
        0
290
     1
290
     1
 90
      616
 90
        4
 90
      618
 90
      620
 90
     1006
 90
     1165
 70
     1
330
4CD
 90
        0
 10
205.6504405371427
 20
204.0871636697313
 30
0.0
 10
-0.9999999975983655
 20
0.0000693056504133
 30
0.0
290
     0
 10
205.6504405371429
 20
204.0871636697314
 30
0.0
 11
180.9912541745502
 21
204.0888726906852
 31
0.0
 90
      617
 90
        2
 90
      618
 90
     1011
 70
     1
330
0
 90
        0
280
     0
 90
       -1
 90
      616
 90
      618
 90
        2
 90
      617
 90
      616
 70
     0
 90
        0
290
     1
290
     1
 90
      619
 90
        2
 90
      620
 90
     1007
 70
     1
330
0
 90
        0
280
     1
 90
       -1
 90
      616
 90
      620
 90
        2
 90
      619
 90
      616
 70
     0
 90
        0
290
     1
290
     1
 90
      621
 90
        4
 90
      623
 90
      625
 90
     1010
 90
     1145
 70
     1
330
4CE
 90
        0
 10
205.6521731784027
 20
229.087163609676
 30
0.0
 10
-0.0000693056503849
 20
-0.9999999975983655
 30
0.0
290
     0
 10
205.6521731784028
 20
229.0871636096716
 30
0.0
 11
205.6504405371429
 21
204.0871636697314
 31
0.0
 90
      622
 90
        2
 90
      623
 90
     1012
 70
     1
330
0
 90
        0
280
     0
 90
       -1
 90
      621
 90
      623
 90
        2
 90
      622
 90
      621
 70
     0
 90
        0
290
     1
290
     1
 90
      624
 90
        2
 90
      625
 90
     1011
 70
     1
330
0
 90
        0
280
     1
 90
       -1
 90
      621
 90
      625
 90
        2
 90
      624
 90
      621
 70
     0
 90
        0
290
     1
290
     1
 90
      626
 90
        3
 90
      628
 90
      630
 90
     1036
 70
     1
330
4CF
 90
        0
 10
180.9929868158101
 20
229.0888726306255
 30
0.0
 10
0.9999999975983655
 20
-0.0000693056504133
 30
0.0
290
     0
 10
180.9929868158103
 20
229.0888726306255
 30
0.0
 11
205.6521731784028
 21
229.0871636096716
 31
0.0
 90
      627
 90
        2
 90
      628
 90
     1015
 70
     1
330
0
 90
        0
280
     0
 90
       -1
 90
      626
 90
      628
 90
        2
 90
      627
 90
      626
 70
     0
 90
        0
290
     1
290
     1
 90
      629
 90
        2
 90
      630
 90
     1012
 70
     1
330
0
 90
        0
280
     1
 90
       -1
 90
      626
 90
      630
 90
        2
 90
      629
 90
      626
 70
     0
 90
        0
290
     1
290
     1
 90
      631
 90
        4
 90
      633
 90
      635
 90
     1014
 90
     1146
 70
     1
330
4D0
 90
        0
 10
180.9947194570702
 20
254.0888725705885
 30
0.0
 10
-0.0000693056503849
 20
-0.9999999975983655
 30
0.0
290
     0
 10
180.9947194570702
 20
254.0888725705851
 30
0.0
 11
180.9929868158103
 21
229.0888726306255
 31
0.0
 90
      632
 90
        2
 90
      633
 90
     1016
 70
     1
330
0
 90
        0
280
     0
 90
       -1
 90
      631
 90
      633
 90
        2
 90
      632
 90
      631
 70
     0
 90
        0
290
     1
290
     1
 90
      634
 90
        2
 90
      635
 90
     1015
 70
     1
330
0
 90
        0
280
     1
 90
       -1
 90
      631
 90
      635
 90
        2
 90
      634
 90
      631
 70
     0
 90
        0
290
     1
290
     1
 90
      636
 90
        3
 90
      638
 90
      640
 90
     1030
 70
     1
330
4D1
 90
        0
 10
155.6539059397451
 20
254.0906288321524
 30
0.0
 10
0.9999999975983655
 20
-0.0000693056504133
 30
0.0
290
     0
 10
155.6539059397451
 20
254.0906288321524
 30
0.0
 11
180.9947194570702
 21
254.0888725705851
 31
0.0
 90
      637
 90
        2
 90
      638
 90
     1017
 70
     1
330
0
 90
        0
280
     0
 90
       -1
 90
      636
 90
      638
 90
        2
 90
      637
 90
      636
 70
     0
 90
        0
290
     1
290
     1
 90
      639
 90
        2
 90
      640
 90
     1016
 70
     1
330
0
 90
        0
280
     1
 90
       -1
 90
      636
 90
      640
 90
        2
 90
      639
 90
      636
 70
     0
 90
        0
290
     1
290
     1
 90
      641
 90
        3
 90
      643
 90
      645
 90
     1147
 70
     1
330
4D2
 90
        0
 10
155.655638581005
 20
279.0906287721143
 30
0.0
 10
-0.0000693056503849
 20
-0.9999999975983655
 30
0.0
290
     0
 10
155.6556385810051
 20
279.0906287721178
 30
0.0
 11
155.6539059397451
 21
254.0906288321524
 31
0.0
 90
      642
 90
        2
 90
      643
 90
     1018
 70
     1
330
0
 90
        0
280
     0
 90
       -1
 90
      641
 90
      643
 90
        2
 90
      642
 90
      641
 70
     0
 90
        0
290
     1
290
     1
 90
      644
 90
        2
 90
      645
 90
     1017
 70
     1
330
0
 90
        0
280
     1
 90
       -1
 90
      641
 90
      645
 90
        2
 90
      644
 90
      641
 70
     0
 90
        0
290
     1
290
     1
 90
      646
 90
        3
 90
      648
 90
      650
 90
     1089
 70
     1
330
4D3
 90
        0
 10
130.6556386410453
 20
279.0923614133786
 30
0.0
 10
0.9999999975983655
 20
-0.0000693056504133
 30
0.0
290
     0
 10
130.655638641045
 20
279.0923614133785
 30
0.0
 11
155.6556385810051
 21
279.0906287721178
 31
0.0
 90
      647
 90
        2
 90
      648
 90
     1021
 70
     1
330
0
 90
        0
280
     0
 90
       -1
 90
      646
 90
      648
 90
        2
 90
      647
 90
      646
 70
     0
 90
        0
290
     1
290
     1
 90
      649
 90
        2
 90
      650
 90
     1018
 70
     1
330
0
 90
        0
280
     1
 90
       -1
 90
      646
 90
      650
 90
        2
 90
      649
 90
      646
 70
     0
 90
        0
290
     1
290
     1
 90
      651
 90
        4
 90
      653
 90
      655
 90
     1020
 90
     1148
 70
     1
330
4D4
 90
        0
 10
130.6539059997852
 20
254.0923614734152
 30
0.0
 10
0.0000693056503849
 20
0.9999999975983655
 30
0.0
290
     0
 10
130.6539059997853
 20
254.092361473413
 30
0.0
 11
130.655638641045
 21
279.0923614133785
 31
0.0
 90
      652
 90
        2
 90
      653
 90
     1022
 70
     1
330
0
 90
        0
280
     0
 90
       -1
 90
      651
 90
      653
 90
        2
 90
      652
 90
      651
 70
     0
 90
        0
290
     1
290
     1
 90
      654
 90
        2
 90
      655
 90
     1021
 70
     1
330
0
 90
        0
280
     1
 90
       -1
 90
      651
 90
      655
 90
        2
 90
      654
 90
      651
 70
     0
 90
        0
290
     1
290
     1
 90
      656
 90
        3
 90
      658
 90
      660
 90
     1031
 70
     1
330
4D5
 90
        0
 10
105.6539060598264
 20
254.0940941146737
 30
0.0
 10
0.9999999975983655
 20
-0.0000693056504133
 30
0.0
290
     0
 10
105.6539060598252
 20
254.0940941146737
 30
0.0
 11
130.6539059997853
 21
254.092361473413
 31
0.0
 90
      657
 90
        2
 90
      658
 90
     1024
 70
     1
330
0
 90
        0
280
     0
 90
       -1
 90
      656
 90
      658
 90
        2
 90
      657
 90
      656
 70
     0
 90
        0
290
     1
290
     1
 90
      659
 90
        2
 90
      660
 90
     1022
 70
     1
330
0
 90
        0
280
     1
 90
       -1
 90
      656
 90
      660
 90
        2
 90
      659
 90
      656
 70
     0
 90
        0
290
     1
290
     1
 90
      661
 90
        4
 90
      663
 90
      665
 90
     1023
 90
     1149
 70
     1
330
4D6
 90
        0
 10
105.6556387010849
 20
279.0940940546345
 30
0.0
 10
-0.0000693056503991
 20
-0.9999999975983655
 30
0.0
290
     0
 10
105.6556387010848
 20
279.0940940546392
 30
0.0
 11
105.6539060598252
 21
254.0940941146737
 31
0.0
 90
      662
 90
        2
 90
      663
 90
     1025
 70
     1
330
0
 90
        0
280
     0
 90
       -1
 90
      661
 90
      663
 90
        2
 90
      662
 90
      661
 70
     0
 90
        0
290
     1
290
     1
 90
      664
 90
        2
 90
      665
 90
     1024
 70
     1
330
0
 90
        0
280
     1
 90
       -1
 90
      661
 90
      665
 90
        2
 90
      664
 90
      661
 70
     0
 90
        0
290
     1
290
     1
 90
      666
 90
        3
 90
      668
 90
      670
 90
     1090
 70
     1
330
4D7
 90
        0
 10
30.65563888120937
 20
279.0992919784212
 30
0.0
 10
0.999999997598362
 20
-0.0000693056504133
 30
0.0
290
     0
 10
30.65563888120937
 20
279.0992919784211
 30
0.0
 11
105.6556387010848
 21
279.0940940546392
 31
0.0
 90
      667
 90
        2
 90
      668
 90
     1026
 70
     1
330
0
 90
        0
280
     0
 90
       -1
 90
      666
 90
      668
 90
        2
 90
      667
 90
      666
 70
     0
 90
        0
290
     1
290
     1
 90
      669
 90
        2
 90
      670
 90
     1025
 70
     1
330
0
 90
        0
280
     1
 90
       -1
 90
      666
 90
      670
 90
        2
 90
      669
 90
      666
 70
     0
 90
        0
290
     1
290
     1
 90
      671
 90
        5
 90
      673
 90
      675
 90
     1069
 90
     1070
 90
     1071
 70
     1
330
4D8
 90
        0
 10
30.65390623994801
 20
254.0992920384552
 30
0.0
 10
0.0000693056503955
 20
0.9999999975983655
 30
0.0
290
     0
 10
30.6539062399479
 20
254.0992920384558
 30
0.0
 11
30.65563888120937
 21
279.0992919784211
 31
0.0
 90
      672
 90
        2
 90
      673
 90
     1033
 70
     1
330
0
 90
        0
280
     0
 90
       -1
 90
      671
 90
      673
 90
        2
 90
      672
 90
      671
 70
     0
 90
        0
290
     1
290
     1
 90
      674
 90
        2
 90
      675
 90
     1026
 70
     1
330
0
 90
        0
280
     1
 90
       -1
 90
      671
 90
      675
 90
        2
 90
      674
 90
      671
 70
     0
 90
        0
290
     1
290
     1
 90
      676
 90
        4
 90
      678
 90
      680
 90
     1032
 90
     1166
 70
     1
330
4D9
 90
        0
 10
55.99471975727476
 20
254.0975357768884
 30
0.0
 10
-0.9999999975983655
 20
0.0000693056504133
 30
0.0
290
     0
 10
55.99471975727488
 20
254.0975357768883
 30
0.0
 11
30.6539062399479
 21
254.0992920384558
 31
0.0
 90
      677
 90
        2
 90
      678
 90
     1034
 70
     1
330
0
 90
        0
280
     0
 90
       -1
 90
      676
 90
      678
 90
        2
 90
      677
 90
      676
 70
     0
 90
        0
290
     1
290
     1
 90
      679
 90
        2
 90
      680
 90
     1033
 70
     1
330
0
 90
        0
280
     1
 90
       -1
 90
      676
 90
      680
 90
        2
 90
      679
 90
      676
 70
     0
 90
        0
290
     1
290
     1
 90
      681
 90
        4
 90
      683
 90
      685
 90
     1059
 90
     1060
 70
     1
330
4DA
 90
        0
 10
55.99298711601398
 20
229.0975358369292
 30
0.0
 10
0.000069305650392
 20
0.9999999975983655
 30
0.0
290
     0
 10
55.99298711601386
 20
229.0975358369287
 30
0.0
 11
55.99471975727488
 21
254.0975357768883
 31
0.0
 90
      682
 90
        2
 90
      683
 90
     1038
 70
     1
330
0
 90
        0
280
     0
 90
       -1
 90
      681
 90
      683
 90
        2
 90
      682
 90
      681
 70
     0
 90
        0
290
     1
290
     1
 90
      684
 90
        2
 90
      685
 90
     1034
 70
     1
330
0
 90
        0
280
     1
 90
       -1
 90
      681
 90
      685
 90
        2
 90
      684
 90
      681
 70
     0
 90
        0
290
     1
290
     1
 90
      686
 90
        4
 90
      688
 90
      690
 90
     1037
 90
     1167
 70
     1
330
4DB
 90
        0
 10
30.65217359868905
 20
229.0992920984962
 30
0.0
 10
0.999999997598362
 20
-0.0000693056504133
 30
0.0
290
     0
 10
30.65217359868825
 20
229.0992920984962
 30
0.0
 11
55.99298711601386
 21
229.0975358369287
 31
0.0
 90
      687
 90
        2
 90
      688
 90
     1039
 70
     1
330
0
 90
        0
280
     0
 90
       -1
 90
      686
 90
      688
 90
        2
 90
      687
 90
      686
 70
     0
 90
        0
290
     1
290
     1
 90
      689
 90
        2
 90
      690
 90
     1038
 70
     1
330
0
 90
        0
280
     1
 90
       -1
 90
      686
 90
      690
 90
        2
 90
      689
 90
      686
 70
     0
 90
        0
290
     1
290
     1
 90
      691
 90
        3
 90
      693
 90
      695
 90
     1069
 70
     1
330
4DC
 90
        0
 10
30.64697567490862
 20
154.0992922786186
 30
0.0
 10
0.0000693056503955
 20
0.9999999975983655
 30
0.0
290
     0
 10
30.64697567490862
 20
154.0992922786192
 30
0.0
 11
30.65217359868825
 21
229.0992920984962
 31
0.0
 90
      692
 90
        2
 90
      693
 90
     1044
 70
     1
330
0
 90
        0
280
     0
 90
       -1
 90
      691
 90
      693
 90
        2
 90
      692
 90
      691
 70
     0
 90
        0
290
     1
290
     1
 90
      694
 90
        2
 90
      695
 90
     1039
 70
     1
330
0
 90
        0
280
     1
 90
       -1
 90
      691
 90
      695
 90
        2
 90
      694
 90
      691
 70
     0
 90
        0
290
     1
290
     1
 90
      696
 90
        4
 90
      698
 90
      700
 90
     1043
 90
     1168
 70
     1
330
4DD
 90
        0
 10
55.98778919223502
 20
154.0975360170518
 30
0.0
 10
-0.9999999975983655
 20
0.0000693056504133
 30
0.0
290
     0
 10
55.98778919223446
 20
154.0975360170518
 30
0.0
 11
30.64697567490862
 21
154.0992922786192
 31
0.0
 90
      697
 90
        2
 90
      698
 90
     1045
 70
     1
330
0
 90
        0
280
     0
 90
       -1
 90
      696
 90
      698
 90
        2
 90
      697
 90
      696
 70
     0
 90
        0
290
     1
290
     1
 90
      699
 90
        2
 90
      700
 90
     1044
 70
     1
330
0
 90
        0
280
     1
 90
       -1
 90
      696
 90
      700
 90
        2
 90
      699
 90
      696
 70
     0
 90
        0
290
     1
290
     1
 90
      701
 90
        3
 90
      703
 90
      705
 90
     1059
 70
     1
330
4DE
 90
        0
 10
55.98432390971471
 20
104.0975361371338
 30
0.0
 10
0.000069305650392
 20
0.9999999975983655
 30
0.0
290
     0
 10
55.98432390971471
 20
104.0975361371332
 30
0.0
 11
55.98778919223446
 21
154.0975360170518
 31
0.0
 90
      702
 90
        2
 90
      703
 90
     1051
 70
     1
330
0
 90
        0
280
     0
 90
       -1
 90
      701
 90
      703
 90
        2
 90
      702
 90
      701
 70
     0
 90
        0
290
     1
290
     1
 90
      704
 90
        2
 90
      705
 90
     1045
 70
     1
330
0
 90
        0
280
     1
 90
       -1
 90
      701
 90
      705
 90
        2
 90
      704
 90
      701
 70
     0
 90
        0
290
     1
290
     1
 90
      706
 90
        4
 90
      708
 90
      710
 90
     1050
 90
     1169
 70
     1
330
4DF
 90
        0
 10
30.64351039238909
 20
104.0992923987006
 30
0.0
 10
0.999999997598362
 20
-0.0000693056504275
 30
0.0
290
     0
 10
30.64351039238863
 20
104.0992923987006
 30
0.0
 11
55.98432390971471
 21
104.0975361371332
 31
0.0
 90
      707
 90
        2
 90
      708
 90
     1052
 70
     1
330
0
 90
        0
280
     0
 90
       -1
 90
      706
 90
      708
 90
        2
 90
      707
 90
      706
 70
     0
 90
        0
290
     1
290
     1
 90
      709
 90
        2
 90
      710
 90
     1051
 70
     1
330
0
 90
        0
280
     1
 90
       -1
 90
      706
 90
      710
 90
        2
 90
      709
 90
      706
 70
     0
 90
        0
290
     1
290
     1
 90
      711
 90
        3
 90
      713
 90
      715
 90
     1070
 70
     1
330
4E0
 90
        0
 10
30.640045109869
 20
54.09929251878253
 30
0.0
 10
0.0000693056503955
 20
0.9999999975983655
 30
0.0
290
     0
 10
30.64004510986888
 20
54.09929251878304
 30
0.0
 11
30.64351039238863
 21
104.0992923987006
 31
0.0
 90
      712
 90
        2
 90
      713
 90
     1058
 70
     1
330
0
 90
        0
280
     0
 90
       -1
 90
      711
 90
      713
 90
        2
 90
      712
 90
      711
 70
     0
 90
        0
290
     1
290
     1
 90
      714
 90
        2
 90
      715
 90
     1052
 70
     1
330
0
 90
        0
280
     1
 90
       -1
 90
      711
 90
      715
 90
        2
 90
      714
 90
      711
 70
     0
 90
        0
290
     1
290
     1
 90
      716
 90
        4
 90
      718
 90
      720
 90
     1057
 90
     1170
 70
     1
330
4E1
 90
        0
 10
55.98085862719449
 20
54.09753625721567
 30
0.0
 10
-0.9999999975983655
 20
0.0000693056504275
 30
0.0
290
     0
 10
55.98085862719495
 20
54.09753625721567
 30
0.0
 11
30.64004510986888
 21
54.09929251878304
 31
0.0
 90
      717
 90
        2
 90
      718
 90
     1061
 70
     1
330
0
 90
        0
280
     0
 90
       -1
 90
      716
 90
      718
 90
        2
 90
      717
 90
      716
 70
     0
 90
        0
290
     1
290
     1
 90
      719
 90
        2
 90
      720
 90
     1058
 70
     1
330
0
 90
        0
280
     1
 90
       -1
 90
      716
 90
      720
 90
        2
 90
      719
 90
      716
 70
     0
 90
        0
290
     1
290
     1
 90
      721
 90
        4
 90
      723
 90
      725
 90
     1060
 90
     1150
 70
     1
330
4E2
 90
        0
 10
55.97912598593495
 20
29.09753631725664
 30
0.0
 10
0.000069305650392
 20
0.999999997598362
 30
0.0
290
     0
 10
55.97912598593485
 20
29.09753631725619
 30
0.0
 11
55.98085862719495
 21
54.09753625721567
 31
0.0
 90
      722
 90
        2
 90
      723
 90
     1068
 70
     1
330
0
 90
        0
280
     0
 90
       -1
 90
      721
 90
      723
 90
        2
 90
      722
 90
      721
 70
     0
 90
        0
290
     1
290
     1
 90
      724
 90
        2
 90
      725
 90
     1061
 70
     1
330
0
 90
        0
280
     1
 90
       -1
 90
      721
 90
      725
 90
        2
 90
      724
 90
      721
 70
     0
 90
        0
290
     1
290
     1
 90
      726
 90
        4
 90
      728
 90
      730
 90
     1067
 90
     1171
 70
     1
330
4E3
 90
        0
 10
30.63831246860946
 20
29.09929257882357
 30
0.0
 10
0.999999997598362
 20
-0.0000693056504275
 30
0.0
290
     0
 10
30.638312468609
 20
29.09929257882357
 30
0.0
 11
55.97912598593485
 21
29.09753631725619
 31
0.0
 90
      727
 90
        2
 90
      728
 90
     1072
 70
     1
330
0
 90
        0
280
     0
 90
       -1
 90
      726
 90
      728
 90
        2
 90
      727
 90
      726
 70
     0
 90
        0
290
     1
290
     1
 90
      729
 90
        2
 90
      730
 90
     1068
 70
     1
330
0
 90
        0
280
     1
 90
       -1
 90
      726
 90
      730
 90
        2
 90
      729
 90
      726
 70
     0
 90
        0
290
     1
290
     1
 90
      731
 90
        4
 90
      733
 90
      735
 90
     1071
 90
     1151
 70
     1
330
4E4
 90
        0
 10
30.63657982734913
 20
4.099292638864426
 30
0.0
 10
0.0000693056503955
 20
0.9999999975983637
 30
0.0
290
     0
 10
30.63657982734913
 20
4.099292638869087
 30
0.0
 11
30.638312468609
 21
29.09929257882357
 31
0.0
 90
      732
 90
        3
 90
      733
 90
     1117
 90
     1118
 70
     1
330
0
 90
        0
280
     0
 90
       -1
 90
      731
 90
      733
 90
        2
 90
      732
 90
      731
 70
     0
 90
        0
290
     1
290
     1
 90
      734
 90
        2
 90
      735
 90
     1072
 70
     1
330
0
 90
        0
280
     1
 90
       -1
 90
      731
 90
      735
 90
        2
 90
      734
 90
      731
 70
     0
 90
        0
290
     1
290
     1
 90
      736
 90
        3
 90
      738
 90
      740
 90
     1091
 70
     1
330
4E5
 90
        0
 10
965.6556366356792
 20
279.0344911952725
 30
0.0
 10
-0.9999999975983655
 20
0.0000693056504133
 30
0.0
290
     0
 10
965.6556366356788
 20
279.0344911952725
 30
0.0
 11
940.6556366957195
 21
279.0362238365332
 31
0.0
 90
      737
 90
        2
 90
      738
 90
     1073
 70
     1
330
0
 90
        0
280
     0
 90
       -1
 90
      736
 90
      738
 90
        2
 90
      737
 90
      736
 70
     0
 90
        0
290
     1
290
     1
 90
      739
 90
        1
 90
      740
 70
     1
330
0
 90
        0
280
     1
 90
       -1
 90
      736
 90
      740
 90
        2
 90
      739
 90
      736
 70
     0
 90
        0
290
     1
290
     1
 90
      741
 90
        3
 90
      743
 90
      745
 90
     1152
 70
     1
330
4E6
 90
        0
 10
965.6573692769388
 20
304.0344911352488
 30
0.0
 10
-0.0000693056504133
 20
-0.9999999975983655
 30
0.0
290
     0
 10
965.6573692769388
 20
304.0344911352488
 30
0.0
 11
965.6556366356788
 21
279.0344911952725
 31
0.0
 90
      742
 90
        2
 90
      743
 90
     1074
 70
     1
330
0
 90
        0
280
     0
 90
       -1
 90
      741
 90
      743
 90
        2
 90
      742
 90
      741
 70
     0
 90
        0
290
     1
290
     1
 90
      744
 90
        2
 90
      745
 90
     1073
 70
     1
330
0
 90
        0
280
     1
 90
       -1
 90
      741
 90
      745
 90
        2
 90
      744
 90
      741
 70
     0
 90
        0
290
     1
290
     1
 90
      746
 90
        4
 90
      748
 90
      750
 90
     1097
 90
     1098
 70
     1
330
4E7
 90
        0
 10
665.6573699974297
 20
304.0552828303768
 30
0.0
 10
0.9999999975983655
 20
-0.0000693056504133
 30
0.0
290
     0
 10
665.6573699974298
 20
304.0552828303768
 30
0.0
 11
965.6573692769388
 21
304.0344911352488
 31
0.0
 90
      747
 90
        2
 90
      748
 90
     1078
 70
     1
330
0
 90
        0
280
     0
 90
       -1
 90
      746
 90
      748
 90
        2
 90
      747
 90
      746
 70
     0
 90
        0
290
     1
290
     1
 90
      749
 90
        2
 90
      750
 90
     1074
 70
     1
330
0
 90
        0
280
     1
 90
       -1
 90
      746
 90
      750
 90
        2
 90
      749
 90
      746
 70
     0
 90
        0
290
     1
290
     1
 90
      751
 90
        4
 90
      753
 90
      755
 90
     1076
 90
     1153
 70
     1
330
4E8
 90
        0
 10
691.3188630019694
 20
4.053503623411074
 30
0.0
 10
0.0000693056504133
 20
0.9999999975983637
 30
0.0
290
     0
 10
691.3188630019692
 20
4.053503623398341
 30
0.0
 11
691.3205956432293
 21
29.05350356335282
 31
0.0
 90
      752
 90
        3
 90
      753
 90
     1101
 90
     1102
 70
     1
330
0
 90
        0
280
     0
 90
       -1
 90
      751
 90
      753
 90
        2
 90
      752
 90
      751
 70
     0
 90
        0
290
     1
290
     1
 90
      754
 90
        2
 90
      755
 90
     1077
 70
     1
330
0
 90
        0
280
     1
 90
       -1
 90
      751
 90
      755
 90
        2
 90
      754
 90
      751
 70
     0
 90
        0
290
     1
290
     1
 90
      756
 90
        3
 90
      758
 90
      760
 90
     1111
 70
     1
330
4E9
 90
        0
 10
665.6365783023097
 20
4.055283550848173
 30
0.0
 10
0.9999999975983655
 20
-0.0000693056504266
 30
0.0
290
     0
 10
665.6365783023113
 20
4.05528355084823
 30
0.0
 11
691.3188630019692
 21
4.053503623398341
 31
0.0
 90
      757
 90
        3
 90
      758
 90
     1103
 90
     1104
 70
     1
330
0
 90
        0
280
     0
 90
       -1
 90
      756
 90
      758
 90
        2
 90
      757
 90
      756
 70
     0
 90
        0
290
     1
290
     1
 90
      759
 90
        2
 90
      760
 90
     1101
 70
     1
330
0
 90
        0
280
     1
 90
       -1
 90
      756
 90
      760
 90
        2
 90
      759
 90
      756
 70
     0
 90
        0
290
     1
290
     1
 90
      761
 90
        3
 90
      763
 90
      765
 90
     1154
 70
     1
330
4EA
 90
        0
 10
665.6573699974298
 20
304.0552828303692
 30
0.0
 10
-0.0000693056504133
 20
-0.9999999975983655
 30
0.0
290
     0
 10
665.6573699974298
 20
304.0552828303768
 30
0.0
 11
665.6365783023113
 21
4.05528355084823
 31
0.0
 90
      762
 90
        2
 90
      763
 90
     1078
 70
     1
330
0
 90
        0
280
     0
 90
       -1
 90
      761
 90
      763
 90
        2
 90
      762
 90
      761
 70
     0
 90
        0
290
     1
290
     1
 90
      764
 90
        2
 90
      765
 90
     1103
 70
     1
330
0
 90
        0
280
     1
 90
       -1
 90
      761
 90
      765
 90
        2
 90
      764
 90
      761
 70
     0
 90
        0
290
     1
290
     1
 90
      766
 90
        3
 90
      768
 90
      770
 90
     1092
 70
     1
330
4EB
 90
        0
 10
635.655637428219
 20
279.0573620599133
 30
0.0
 10
-0.9999999975983655
 20
0.0000693056504133
 30
0.0
290
     0
 10
635.655637428219
 20
279.0573620599132
 30
0.0
 11
610.6556374882598
 21
279.0590947011739
 31
0.0
 90
      767
 90
        2
 90
      768
 90
     1081
 70
     1
330
0
 90
        0
280
     0
 90
       -1
 90
      766
 90
      768
 90
        2
 90
      767
 90
      766
 70
     0
 90
        0
290
     1
290
     1
 90
      769
 90
        1
 90
      770
 70
     1
330
0
 90
        0
280
     1
 90
       -1
 90
      766
 90
      770
 90
        2
 90
      769
 90
      766
 70
     0
 90
        0
290
     1
290
     1
 90
      771
 90
        4
 90
      773
 90
      775
 90
     1080
 90
     1155
 70
     1
330
4EC
 90
        0
 10
635.6573700694788
 20
304.0573619998811
 30
0.0
 10
-0.0000693056504133
 20
-0.9999999975983655
 30
0.0
290
     0
 10
635.6573700694789
 20
304.0573619998895
 30
0.0
 11
635.655637428219
 21
279.0573620599132
 31
0.0
 90
      772
 90
        2
 90
      773
 90
     1082
 70
     1
330
0
 90
        0
280
     0
 90
       -1
 90
      771
 90
      773
 90
        2
 90
      772
 90
      771
 70
     0
 90
        0
290
     1
290
     1
 90
      774
 90
        2
 90
      775
 90
     1081
 70
     1
330
0
 90
        0
280
     1
 90
       -1
 90
      771
 90
      775
 90
        2
 90
      774
 90
      771
 70
     0
 90
        0
290
     1
290
     1
 90
      776
 90
        3
 90
      778
 90
      780
 90
     1097
 70
     1
330
4ED
 90
        0
 10
335.6573707899699
 20
304.0781536950176
 30
0.0
 10
0.9999999975983655
 20
-0.0000693056504133
 30
0.0
290
     0
 10
335.6573707899699
 20
304.0781536950176
 30
0.0
 11
635.6573700694789
 21
304.0573619998895
 31
0.0
 90
      777
 90
        2
 90
      778
 90
     1086
 70
     1
330
0
 90
        0
280
     0
 90
       -1
 90
      776
 90
      778
 90
        2
 90
      777
 90
      776
 70
     0
 90
        0
290
     1
290
     1
 90
      779
 90
        2
 90
      780
 90
     1082
 70
     1
330
0
 90
        0
280
     1
 90
       -1
 90
      776
 90
      780
 90
        2
 90
      779
 90
      776
 70
     0
 90
        0
290
     1
290
     1
 90
      781
 90
        4
 90
      783
 90
      785
 90
     1084
 90
     1156
 70
     1
330
4EE
 90
        0
 10
360.6365790348091
 20
4.076421774232358
 30
0.0
 10
0.0000693056504133
 20
0.9999999975983637
 30
0.0
290
     0
 10
360.6365790348091
 20
4.076421774228379
 30
0.0
 11
360.638311676069
 21
29.07642171418274
 31
0.0
 90
      782
 90
        3
 90
      783
 90
     1105
 90
     1106
 70
     1
330
0
 90
        0
280
     0
 90
       -1
 90
      781
 90
      783
 90
        2
 90
      782
 90
      781
 70
     0
 90
        0
290
     1
290
     1
 90
      784
 90
        2
 90
      785
 90
     1085
 70
     1
330
0
 90
        0
280
     1
 90
       -1
 90
      781
 90
      785
 90
        2
 90
      784
 90
      781
 70
     0
 90
        0
290
     1
290
     1
 90
      786
 90
        3
 90
      788
 90
      790
 90
     1112
 70
     1
330
4EF
 90
        0
 10
335.6365790948498
 20
4.078154415488995
 30
0.0
 10
0.9999999975983655
 20
-0.0000693056504266
 30
0.0
290
     0
 10
335.6365790948516
 20
4.078154415488938
 30
0.0
 11
360.6365790348091
 21
4.076421774228379
 31
0.0
 90
      787
 90
        3
 90
      788
 90
     1107
 90
     1108
 70
     1
330
0
 90
        0
280
     0
 90
       -1
 90
      786
 90
      788
 90
        2
 90
      787
 90
      786
 70
     0
 90
        0
290
     1
290
     1
 90
      789
 90
        2
 90
      790
 90
     1105
 70
     1
330
0
 90
        0
280
     1
 90
       -1
 90
      786
 90
      790
 90
        2
 90
      789
 90
      786
 70
     0
 90
        0
290
     1
290
     1
 90
      791
 90
        3
 90
      793
 90
      795
 90
     1157
 70
     1
330
4F0
 90
        0
 10
335.6573707899701
 20
304.078153695001
 30
0.0
 10
-0.0000693056504133
 20
-0.9999999975983655
 30
0.0
290
     0
 10
335.6573707899699
 20
304.0781536950176
 30
0.0
 11
335.6365790948516
 21
4.078154415488938
 31
0.0
 90
      792
 90
        2
 90
      793
 90
     1086
 70
     1
330
0
 90
        0
280
     0
 90
       -1
 90
      791
 90
      793
 90
        2
 90
      792
 90
      791
 70
     0
 90
        0
290
     1
290
     1
 90
      794
 90
        2
 90
      795
 90
     1107
 70
     1
330
0
 90
        0
280
     1
 90
       -1
 90
      791
 90
      795
 90
        2
 90
      794
 90
      791
 70
     0
 90
        0
290
     1
290
     1
 90
      796
 90
        4
 90
      798
 90
      800
 90
     1093
 90
     1172
 70
     1
330
4F1
 90
        0
 10
305.6556382207592
 20
279.080232924554
 30
0.0
 10
-0.9999999975983655
 20
0.0000693056504133
 30
0.0
290
     0
 10
305.6556382207591
 20
279.080232924554
 30
0.0
 11
280.6556382807999
 21
279.0819655658146
 31
0.0
 90
      797
 90
        2
 90
      798
 90
     1096
 70
     1
330
0
 90
        0
280
     0
 90
       -1
 90
      796
 90
      798
 90
        2
 90
      797
 90
      796
 70
     0
 90
        0
290
     1
290
     1
 90
      799
 90
        2
 90
      800
 90
     1094
 70
     1
330
0
 90
        0
280
     1
 90
       -1
 90
      796
 90
      800
 90
        2
 90
      799
 90
      796
 70
     0
 90
        0
290
     1
290
     1
 90
      801
 90
        3
 90
      803
 90
      805
 90
     1113
 70
     1
330
4F2
 90
        0
 10
5.636579887390098
 20
4.101025280129761
 30
0.0
 10
0.9999999975983637
 20
-0.0000693056504266
 30
0.0
290
     0
 10
5.636579887390098
 20
4.101025280129761
 30
0.0
 11
30.63657982734913
 21
4.099292638869087
 31
0.0
 90
      802
 90
        3
 90
      803
 90
     1119
 90
     1120
 70
     1
330
0
 90
        0
280
     0
 90
       -1
 90
      801
 90
      803
 90
        2
 90
      802
 90
      801
 70
     0
 90
        0
290
     1
290
     1
 90
      804
 90
        2
 90
      805
 90
     1117
 70
     1
330
0
 90
        0
280
     1
 90
       -1
 90
      801
 90
      805
 90
        2
 90
      804
 90
      801
 70
     0
 90
        0
290
     1
290
     1
 90
      806
 90
        4
 90
      808
 90
      810
 90
     1095
 90
     1158
 70
     1
330
4F3
 90
        0
 10
305.6573708620188
 20
304.0802328645132
 30
0.0
 10
-0.0000693056504133
 20
-0.9999999975983655
 30
0.0
290
     0
 10
305.657370862019
 20
304.0802328645303
 30
0.0
 11
305.6556382207591
 21
279.080232924554
 31
0.0
 90
      807
 90
        2
 90
      808
 90
     1099
 70
     1
330
0
 90
        0
280
     0
 90
       -1
 90
      806
 90
      808
 90
        2
 90
      807
 90
      806
 70
     0
 90
        0
290
     1
290
     1
 90
      809
 90
        2
 90
      810
 90
     1096
 70
     1
330
0
 90
        0
280
     1
 90
       -1
 90
      806
 90
      810
 90
        2
 90
      809
 90
      806
 70
     0
 90
        0
290
     1
290
     1
 90
      811
 90
        4
 90
      813
 90
      815
 90
     1098
 90
     1173
 70
     1
330
4F4
 90
        0
 10
5.657371582510336
 20
304.1010245596583
 30
0.0
 10
0.9999999975983637
 20
-0.0000693056504133
 30
0.0
290
     0
 10
5.657371582508858
 20
304.1010245596584
 30
0.0
 11
305.657370862019
 21
304.0802328645303
 31
0.0
 90
      812
 90
        2
 90
      813
 90
     1100
 70
     1
330
0
 90
        0
280
     0
 90
       -1
 90
      811
 90
      813
 90
        2
 90
      812
 90
      811
 70
     0
 90
        0
290
     1
290
     1
 90
      814
 90
        2
 90
      815
 90
     1099
 70
     1
330
0
 90
        0
280
     1
 90
       -1
 90
      811
 90
      815
 90
        2
 90
      814
 90
      811
 70
     0
 90
        0
290
     1
290
     1
 90
      816
 90
        3
 90
      818
 90
      820
 90
     1159
 70
     1
330
4F5
 90
        0
 10
5.636579887390212
 20
4.10102528012436
 30
0.0
 10
0.0000693056503955
 20
0.9999999975983637
 30
0.0
290
     0
 10
5.636579887390098
 20
4.101025280129761
 30
0.0
 11
5.657371582508858
 21
304.1010245596584
 31
0.0
 90
      817
 90
        2
 90
      818
 90
     1119
 70
     1
330
0
 90
        0
280
     0
 90
       -1
 90
      816
 90
      818
 90
        2
 90
      817
 90
      816
 70
     0
 90
        0
290
     1
290
     1
 90
      819
 90
        2
 90
      820
 90
     1100
 70
     1
330
0
 90
        0
280
     1
 90
       -1
 90
      816
 90
      820
 90
        2
 90
      819
 90
      816
 70
     0
 90
        0
290
     1
290
     1
 90
      821
 90
        3
 90
      823
 90
      825
 90
     1114
 70
     1
330
4F6
 90
        0
 10
665.6365783023097
 20
4.055283550848173
 30
0.0
 10
0.9999999975983655
 20
-0.0000693056504266
 30
0.0
290
     0
 10
665.6365783023113
 20
4.05528355084823
 30
0.0
 11
691.3188630019692
 21
4.053503623398341
 31
0.0
 90
      822
 90
        2
 90
      823
 90
     1104
 70
     1
330
0
 90
        0
280
     0
 90
       -1
 90
      821
 90
      823
 90
        2
 90
      822
 90
      821
 70
     0
 90
        0
290
     1
290
     1
 90
      824
 90
        2
 90
      825
 90
     1102
 70
     1
330
0
 90
        0
280
     1
 90
       -1
 90
      821
 90
      825
 90
        2
 90
      824
 90
      821
 70
     0
 90
        0
290
     1
290
     1
 90
      826
 90
        3
 90
      828
 90
      830
 90
     1115
 70
     1
330
4F7
 90
        0
 10
335.6365790948498
 20
4.078154415488995
 30
0.0
 10
0.9999999975983655
 20
-0.0000693056504266
 30
0.0
290
     0
 10
335.6365790948516
 20
4.078154415488938
 30
0.0
 11
360.6365790348091
 21
4.076421774228379
 31
0.0
 90
      827
 90
        2
 90
      828
 90
     1108
 70
     1
330
0
 90
        0
280
     0
 90
       -1
 90
      826
 90
      828
 90
        2
 90
      827
 90
      826
 70
     0
 90
        0
290
     1
290
     1
 90
      829
 90
        2
 90
      830
 90
     1106
 70
     1
330
0
 90
        0
280
     1
 90
       -1
 90
      826
 90
      830
 90
        2
 90
      829
 90
      826
 70
     0
 90
        0
290
     1
290
     1
 90
      831
 90
        4
 90
      833
 90
      835
 90
     1116
 90
     1174
 70
     1
330
4F8
 90
        0
 10
5.636579887390098
 20
4.101025280129761
 30
0.0
 10
0.9999999975983637
 20
-0.0000693056504266
 30
0.0
290
     0
 10
5.636579887390098
 20
4.101025280129761
 30
0.0
 11
30.63657982734913
 21
4.099292638869087
 31
0.0
 90
      832
 90
        2
 90
      833
 90
     1120
 70
     1
330
0
 90
        0
280
     0
 90
       -1
 90
      831
 90
      833
 90
        2
 90
      832
 90
      831
 70
     0
 90
        0
290
     1
290
     1
 90
      834
 90
        2
 90
      835
 90
     1118
 70
     1
330
0
 90
        0
280
     1
 90
       -1
 90
      831
 90
      835
 90
        2
 90
      834
 90
      831
 70
     0
 90
        0
290
     1
290
     1
 90
      836
 90
        2
 90
        2
 90
        9
 70
     0
 90
        0
290
     0
290
     1
 90
      837
 90
        2
 90
        7
 90
       14
 70
     0
 90
        0
290
     0
290
     1
 90
      838
 90
        2
 90
       12
 90
       19
 70
     0
 90
        0
290
     0
290
     1
 90
      839
 90
        2
 90
       17
 90
       24
 70
     0
 90
        0
290
     0
290
     1
 90
      840
 90
        2
 90
       22
 90
       29
 70
     0
 90
        0
290
     0
290
     1
 90
      841
 90
        2
 90
       27
 90
       34
 70
     0
 90
        0
290
     0
290
     1
 90
      842
 90
        2
 90
       32
 90
       39
 70
     0
 90
        0
290
     0
290
     1
 90
      843
 90
        2
 90
       37
 90
       44
 70
     0
 90
        0
290
     0
290
     1
 90
      844
 90
        2
 90
       42
 90
       49
 70
     0
 90
        0
290
     0
290
     1
 90
      845
 90
        2
 90
       47
 90
       54
 70
     0
 90
        0
290
     0
290
     1
 90
      846
 90
        2
 90
       52
 90
       59
 70
     0
 90
        0
290
     0
290
     1
 90
      847
 90
        2
 90
        1
 90
       41
 70
     0
 90
        0
290
     0
290
     1
 90
      848
 90
        2
 90
        1
 90
       61
 70
     0
 90
        0
290
     0
290
     1
 90
      849
 90
        2
 90
       57
 90
       64
 70
     0
 90
        0
290
     0
290
     1
 90
      850
 90
        2
 90
       62
 90
       69
 70
     0
 90
        0
290
     0
290
     1
 90
      851
 90
        2
 90
       67
 90
       74
 70
     0
 90
        0
290
     0
290
     1
 90
      852
 90
        2
 90
       72
 90
       79
 70
     0
 90
        0
290
     0
290
     1
 90
      853
 90
        2
 90
       77
 90
       84
 70
     0
 90
        0
290
     0
290
     1
 90
      854
 90
        2
 90
       82
 90
       89
 70
     0
 90
        0
290
     0
290
     1
 90
      855
 90
        2
 90
       11
 90
       31
 70
     0
 90
        0
290
     0
290
     1
 90
      856
 90
        2
 90
       11
 90
       71
 70
     0
 90
        0
290
     0
290
     1
 90
      857
 90
        2
 90
       11
 90
       91
 70
     0
 90
        0
290
     0
290
     1
 90
      858
 90
        2
 90
       87
 90
       94
 70
     0
 90
        0
290
     0
290
     1
 90
      859
 90
        2
 90
       92
 90
       99
 70
     0
 90
        0
290
     0
290
     1
 90
      860
 90
        2
 90
      102
 90
      109
 70
     0
 90
        0
290
     0
290
     1
 90
      861
 90
        2
 90
      117
 90
      124
 70
     0
 90
        0
290
     0
290
     1
 90
      862
 90
        2
 90
      122
 90
      129
 70
     0
 90
        0
290
     0
290
     1
 90
      863
 90
        2
 90
      132
 90
      139
 70
     0
 90
        0
290
     0
290
     1
 90
      864
 90
        2
 90
      137
 90
      144
 70
     0
 90
        0
290
     0
290
     1
 90
      865
 90
        2
 90
      126
 90
      146
 70
     0
 90
        0
290
     0
290
     1
 90
      866
 90
        2
 90
      142
 90
      149
 70
     0
 90
        0
290
     0
290
     1
 90
      867
 90
        2
 90
      127
 90
      134
 70
     0
 90
        0
290
     0
290
     1
 90
      868
 90
        2
 90
      127
 90
      147
 70
     0
 90
        0
290
     0
290
     1
 90
      869
 90
        2
 90
      127
 90
      154
 70
     0
 90
        0
290
     0
290
     1
 90
      870
 90
        2
 90
      116
 90
      156
 70
     0
 90
        0
290
     0
290
     1
 90
      871
 90
        2
 90
      112
 90
      119
 70
     0
 90
        0
290
     0
290
     1
 90
      872
 90
        2
 90
      112
 90
      152
 70
     0
 90
        0
290
     0
290
     1
 90
      873
 90
        2
 90
      112
 90
      159
 70
     0
 90
        0
290
     0
290
     1
 90
      874
 90
        2
 90
      141
 90
      161
 70
     0
 90
        0
290
     0
290
     1
 90
      875
 90
        2
 90
      157
 90
      164
 70
     0
 90
        0
290
     0
290
     1
 90
      876
 90
        2
 90
      106
 90
      166
 70
     0
 90
        0
290
     0
290
     1
 90
      877
 90
        2
 90
      162
 90
      169
 70
     0
 90
        0
290
     0
290
     1
 90
      878
 90
        2
 90
      111
 90
      131
 70
     0
 90
        0
290
     0
290
     1
 90
      879
 90
        2
 90
      111
 90
      151
 70
     0
 90
        0
290
     0
290
     1
 90
      880
 90
        2
 90
      111
 90
      171
 70
     0
 90
        0
290
     0
290
     1
 90
      881
 90
        2
 90
      107
 90
      114
 70
     0
 90
        0
290
     0
290
     1
 90
      882
 90
        2
 90
      107
 90
      167
 70
     0
 90
        0
290
     0
290
     1
 90
      883
 90
        2
 90
      107
 90
      174
 70
     0
 90
        0
290
     0
290
     1
 90
      884
 90
        2
 90
      172
 90
      179
 70
     0
 90
        0
290
     0
290
     1
 90
      885
 90
        2
 90
      104
 90
      177
 70
     0
 90
        0
290
     0
290
     1
 90
      887
 90
        2
 90
      187
 90
      194
 70
     0
 90
        0
290
     0
290
     1
 90
      888
 90
        2
 90
      192
 90
      199
 70
     0
 90
        0
290
     0
290
     1
 90
      889
 90
        2
 90
      197
 90
      204
 70
     0
 90
        0
290
     0
290
     1
 90
      890
 90
        2
 90
      202
 90
      209
 70
     0
 90
        0
290
     0
290
     1
 90
      891
 90
        2
 90
      207
 90
      214
 70
     0
 90
        0
290
     0
290
     1
 90
      892
 90
        2
 90
      212
 90
      219
 70
     0
 90
        0
290
     0
290
     1
 90
      893
 90
        2
 90
      217
 90
      224
 70
     0
 90
        0
290
     0
290
     1
 90
      894
 90
        2
 90
      222
 90
      229
 70
     0
 90
        0
290
     0
290
     1
 90
      895
 90
        2
 90
      211
 90
      231
 70
     0
 90
        0
290
     0
290
     1
 90
      896
 90
        2
 90
      227
 90
      234
 70
     0
 90
        0
290
     0
290
     1
 90
      897
 90
        2
 90
      232
 90
      239
 70
     0
 90
        0
290
     0
290
     1
 90
      898
 90
        2
 90
      221
 90
      241
 70
     0
 90
        0
290
     0
290
     1
 90
      899
 90
        2
 90
      237
 90
      244
 70
     0
 90
        0
290
     0
290
     1
 90
      900
 90
        2
 90
      242
 90
      249
 70
     0
 90
        0
290
     0
290
     1
 90
      901
 90
        2
 90
      247
 90
      254
 70
     0
 90
        0
290
     0
290
     1
 90
      902
 90
        2
 90
      252
 90
      259
 70
     0
 90
        0
290
     0
290
     1
 90
      903
 90
        2
 90
      257
 90
      264
 70
     0
 90
        0
290
     0
290
     1
 90
      904
 90
        2
 90
      262
 90
      269
 70
     0
 90
        0
290
     0
290
     1
 90
      905
 90
        2
 90
      251
 90
      271
 70
     0
 90
        0
290
     0
290
     1
 90
      906
 90
        2
 90
      267
 90
      274
 70
     0
 90
        0
290
     0
290
     1
 90
      907
 90
        2
 90
      272
 90
      279
 70
     0
 90
        0
290
     0
290
     1
 90
      908
 90
        2
 90
      101
 90
      121
 70
     0
 90
        0
290
     0
290
     1
 90
      909
 90
        2
 90
      101
 90
      281
 70
     0
 90
        0
290
     0
290
     1
 90
      910
 90
        2
 90
      282
 90
      289
 70
     0
 90
        0
290
     0
290
     1
 90
      911
 90
        2
 90
      287
 90
      294
 70
     0
 90
        0
290
     0
290
     1
 90
      912
 90
        2
 90
      292
 90
      299
 70
     0
 90
        0
290
     0
290
     1
 90
      913
 90
        2
 90
      261
 90
      301
 70
     0
 90
        0
290
     0
290
     1
 90
      914
 90
        2
 90
      277
 90
      304
 70
     0
 90
        0
290
     0
290
     1
 90
      915
 90
        2
 90
      302
 90
      309
 70
     0
 90
        0
290
     0
290
     1
 90
      916
 90
        2
 90
      307
 90
      314
 70
     0
 90
        0
290
     0
290
     1
 90
      917
 90
        2
 90
      312
 90
      319
 70
     0
 90
        0
290
     0
290
     1
 90
      918
 90
        2
 90
      317
 90
      324
 70
     0
 90
        0
290
     0
290
     1
 90
      919
 90
        2
 90
      322
 90
      329
 70
     0
 90
        0
290
     0
290
     1
 90
      920
 90
        2
 90
      311
 90
      331
 70
     0
 90
        0
290
     0
290
     1
 90
      921
 90
        2
 90
      327
 90
      334
 70
     0
 90
        0
290
     0
290
     1
 90
      922
 90
        2
 90
      332
 90
      339
 70
     0
 90
        0
290
     0
290
     1
 90
      925
 90
        2
 90
      347
 90
      354
 70
     0
 90
        0
290
     0
290
     1
 90
      926
 90
        2
 90
      352
 90
      359
 70
     0
 90
        0
290
     0
290
     1
 90
      927
 90
        2
 90
      362
 90
      369
 70
     0
 90
        0
290
     0
290
     1
 90
      928
 90
        2
 90
      367
 90
      374
 70
     0
 90
        0
290
     0
290
     1
 90
      929
 90
        2
 90
      372
 90
      379
 70
     0
 90
        0
290
     0
290
     1
 90
      930
 90
        2
 90
      357
 90
      364
 70
     0
 90
        0
290
     0
290
     1
 90
      931
 90
        2
 90
      357
 90
      377
 70
     0
 90
        0
290
     0
290
     1
 90
      932
 90
        2
 90
      357
 90
      384
 70
     0
 90
        0
290
     0
290
     1
 90
      933
 90
        2
 90
      382
 90
      389
 70
     0
 90
        0
290
     0
290
     1
 90
      934
 90
        2
 90
      387
 90
      394
 70
     0
 90
        0
290
     0
290
     1
 90
      935
 90
        2
 90
      392
 90
      399
 70
     0
 90
        0
290
     0
290
     1
 90
      936
 90
        2
 90
      361
 90
      381
 70
     0
 90
        0
290
     0
290
     1
 90
      937
 90
        2
 90
      361
 90
      401
 70
     0
 90
        0
290
     0
290
     1
 90
      938
 90
        2
 90
      397
 90
      404
 70
     0
 90
        0
290
     0
290
     1
 90
      939
 90
        2
 90
      402
 90
      409
 70
     0
 90
        0
290
     0
290
     1
 90
      940
 90
        2
 90
      417
 90
      424
 70
     0
 90
        0
290
     0
290
     1
 90
      941
 90
        2
 90
      422
 90
      429
 70
     0
 90
        0
290
     0
290
     1
 90
      942
 90
        2
 90
      427
 90
      434
 70
     0
 90
        0
290
     0
290
     1
 90
      943
 90
        2
 90
      416
 90
      441
 70
     0
 90
        0
290
     0
290
     1
 90
      944
 90
        2
 90
      419
 90
      432
 70
     0
 90
        0
290
     0
290
     1
 90
      945
 90
        2
 90
      419
 90
      437
 70
     0
 90
        0
290
     0
290
     1
 90
      946
 90
        2
 90
      419
 90
      444
 70
     0
 90
        0
290
     0
290
     1
 90
      947
 90
        2
 90
      442
 90
      449
 70
     0
 90
        0
290
     0
290
     1
 90
      948
 90
        2
 90
      447
 90
      454
 70
     0
 90
        0
290
     0
290
     1
 90
      949
 90
        2
 90
      439
 90
      452
 70
     0
 90
        0
290
     0
290
     1
 90
      950
 90
        2
 90
      439
 90
      457
 70
     0
 90
        0
290
     0
290
     1
 90
      951
 90
        2
 90
      439
 90
      464
 70
     0
 90
        0
290
     0
290
     1
 90
      952
 90
        2
 90
      462
 90
      469
 70
     0
 90
        0
290
     0
290
     1
 90
      953
 90
        2
 90
      467
 90
      474
 70
     0
 90
        0
290
     0
290
     1
 90
      954
 90
        2
 90
      414
 90
      479
 70
     0
 90
        0
290
     0
290
     1
 90
      955
 90
        2
 90
      459
 90
      472
 70
     0
 90
        0
290
     0
290
     1
 90
      956
 90
        2
 90
      459
 90
      477
 70
     0
 90
        0
290
     0
290
     1
 90
      957
 90
        2
 90
      459
 90
      484
 70
     0
 90
        0
290
     0
290
     1
 90
      958
 90
        2
 90
      482
 90
      489
 70
     0
 90
        0
290
     0
290
     1
 90
      959
 90
        2
 90
      412
 90
      487
 70
     0
 90
        0
290
     0
290
     1
 90
      960
 90
        2
 90
      492
 90
      499
 70
     0
 90
        0
290
     0
290
     1
 90
      961
 90
        2
 90
       66
 90
      291
 70
     0
 90
        0
290
     0
290
     1
 90
      962
 90
        2
 90
       66
 90
      501
 70
     0
 90
        0
290
     0
290
     1
 90
      963
 90
        2
 90
      497
 90
      504
 70
     0
 90
        0
290
     0
290
     1
 90
      964
 90
        2
 90
      502
 90
      509
 70
     0
 90
        0
290
     0
290
     1
 90
      965
 90
        2
 90
      494
 90
      507
 70
     0
 90
        0
290
     0
290
     1
 90
      966
 90
        2
 90
      512
 90
      519
 70
     0
 90
        0
290
     0
290
     1
 90
      967
 90
        2
 90
      517
 90
      524
 70
     0
 90
        0
290
     0
290
     1
 90
      968
 90
        2
 90
      522
 90
      529
 70
     0
 90
        0
290
     0
290
     1
 90
      969
 90
        2
 90
      527
 90
      534
 70
     0
 90
        0
290
     0
290
     1
 90
      970
 90
        2
 90
      532
 90
      539
 70
     0
 90
        0
290
     0
290
     1
 90
      971
 90
        2
 90
      537
 90
      544
 70
     0
 90
        0
290
     0
290
     1
 90
      972
 90
        2
 90
      542
 90
      549
 70
     0
 90
        0
290
     0
290
     1
 90
      973
 90
        2
 90
      547
 90
      554
 70
     0
 90
        0
290
     0
290
     1
 90
      974
 90
        2
 90
       16
 90
      226
 70
     0
 90
        0
290
     0
290
     1
 90
      975
 90
        2
 90
       16
 90
      266
 70
     0
 90
        0
290
     0
290
     1
 90
      976
 90
        2
 90
       16
 90
      336
 70
     0
 90
        0
290
     0
290
     1
 90
      977
 90
        2
 90
       16
 90
      556
 70
     0
 90
        0
290
     0
290
     1
 90
      978
 90
        2
 90
      552
 90
      559
 70
     0
 90
        0
290
     0
290
     1
 90
      979
 90
        2
 90
      451
 90
      461
 70
     0
 90
        0
290
     0
290
     1
 90
      980
 90
        2
 90
      451
 90
      541
 70
     0
 90
        0
290
     0
290
     1
 90
      981
 90
        2
 90
      451
 90
      561
 70
     0
 90
        0
290
     0
290
     1
 90
      982
 90
        2
 90
      557
 90
      564
 70
     0
 90
        0
290
     0
290
     1
 90
      983
 90
        2
 90
      562
 90
      569
 70
     0
 90
        0
290
     0
290
     1
 90
      984
 90
        2
 90
      471
 90
      481
 70
     0
 90
        0
290
     0
290
     1
 90
      985
 90
        2
 90
      471
 90
      551
 70
     0
 90
        0
290
     0
290
     1
 90
      986
 90
        2
 90
      471
 90
      571
 70
     0
 90
        0
290
     0
290
     1
 90
      987
 90
        2
 90
      567
 90
      574
 70
     0
 90
        0
290
     0
290
     1
 90
      988
 90
        2
 90
      572
 90
      579
 70
     0
 90
        0
290
     0
290
     1
 90
      989
 90
        2
 90
      577
 90
      584
 70
     0
 90
        0
290
     0
290
     1
 90
      990
 90
        2
 90
      582
 90
      589
 70
     0
 90
        0
290
     0
290
     1
 90
      991
 90
        2
 90
      587
 90
      594
 70
     0
 90
        0
290
     0
290
     1
 90
      992
 90
        2
 90
      592
 90
      599
 70
     0
 90
        0
290
     0
290
     1
 90
      993
 90
        2
 90
      597
 90
      604
 70
     0
 90
        0
290
     0
290
     1
 90
      994
 90
        2
 90
       36
 90
      236
 70
     0
 90
        0
290
     0
290
     1
 90
      995
 90
        2
 90
       36
 90
      256
 70
     0
 90
        0
290
     0
290
     1
 90
      996
 90
        2
 90
       36
 90
      356
 70
     0
 90
        0
290
     0
290
     1
 90
      997
 90
        2
 90
       36
 90
      376
 70
     0
 90
        0
290
     0
290
     1
 90
      998
 90
        2
 90
       36
 90
      576
 70
     0
 90
        0
290
     0
290
     1
 90
      999
 90
        2
 90
       36
 90
      606
 70
     0
 90
        0
290
     0
290
     1
 90
     1000
 90
        2
 90
      602
 90
      609
 70
     0
 90
        0
290
     0
290
     1
 90
     1001
 90
        2
 90
      607
 90
      614
 70
     0
 90
        0
290
     0
290
     1
 90
     1002
 90
        2
 90
        6
 90
      216
 70
     0
 90
        0
290
     0
290
     1
 90
     1003
 90
        2
 90
        6
 90
      276
 70
     0
 90
        0
290
     0
290
     1
 90
     1004
 90
        2
 90
        6
 90
      346
 70
     0
 90
        0
290
     0
290
     1
 90
     1005
 90
        2
 90
        6
 90
      546
 70
     0
 90
        0
290
     0
290
     1
 90
     1006
 90
        2
 90
        6
 90
      616
 70
     0
 90
        0
290
     0
290
     1
 90
     1007
 90
        2
 90
      612
 90
      619
 70
     0
 90
        0
290
     0
290
     1
 90
     1008
 90
        2
 90
      411
 90
      531
 70
     0
 90
        0
290
     0
290
     1
 90
     1009
 90
        2
 90
      411
 90
      581
 70
     0
 90
        0
290
     0
290
     1
 90
     1010
 90
        2
 90
      411
 90
      621
 70
     0
 90
        0
290
     0
290
     1
 90
     1011
 90
        2
 90
      617
 90
      624
 70
     0
 90
        0
290
     0
290
     1
 90
     1012
 90
        2
 90
      622
 90
      629
 70
     0
 90
        0
290
     0
290
     1
 90
     1013
 90
        2
 90
      591
 90
      611
 70
     0
 90
        0
290
     0
290
     1
 90
     1014
 90
        2
 90
      591
 90
      631
 70
     0
 90
        0
290
     0
290
     1
 90
     1015
 90
        2
 90
      627
 90
      634
 70
     0
 90
        0
290
     0
290
     1
 90
     1016
 90
        2
 90
      632
 90
      639
 70
     0
 90
        0
290
     0
290
     1
 90
     1017
 90
        2
 90
      637
 90
      644
 70
     0
 90
        0
290
     0
290
     1
 90
     1018
 90
        2
 90
      642
 90
      649
 70
     0
 90
        0
290
     0
290
     1
 90
     1019
 90
        2
 90
      496
 90
      601
 70
     0
 90
        0
290
     0
290
     1
 90
     1020
 90
        2
 90
      496
 90
      651
 70
     0
 90
        0
290
     0
290
     1
 90
     1021
 90
        2
 90
      647
 90
      654
 70
     0
 90
        0
290
     0
290
     1
 90
     1022
 90
        2
 90
      652
 90
      659
 70
     0
 90
        0
290
     0
290
     1
 90
     1023
 90
        2
 90
      506
 90
      661
 70
     0
 90
        0
290
     0
290
     1
 90
     1024
 90
        2
 90
      657
 90
      664
 70
     0
 90
        0
290
     0
290
     1
 90
     1025
 90
        2
 90
      662
 90
      669
 70
     0
 90
        0
290
     0
290
     1
 90
     1026
 90
        2
 90
      667
 90
      674
 70
     0
 90
        0
290
     0
290
     1
 90
     1027
 90
        2
 90
      186
 90
      316
 70
     0
 90
        0
290
     0
290
     1
 90
     1028
 90
        2
 90
      186
 90
      516
 70
     0
 90
        0
290
     0
290
     1
 90
     1029
 90
        2
 90
      186
 90
      536
 70
     0
 90
        0
290
     0
290
     1
 90
     1030
 90
        2
 90
      186
 90
      636
 70
     0
 90
        0
290
     0
290
     1
 90
     1031
 90
        2
 90
      186
 90
      656
 70
     0
 90
        0
290
     0
290
     1
 90
     1032
 90
        2
 90
      186
 90
      676
 70
     0
 90
        0
290
     0
290
     1
 90
     1033
 90
        2
 90
      672
 90
      679
 70
     0
 90
        0
290
     0
290
     1
 90
     1034
 90
        2
 90
      677
 90
      684
 70
     0
 90
        0
290
     0
290
     1
 90
     1035
 90
        2
 90
      206
 90
      326
 70
     0
 90
        0
290
     0
290
     1
 90
     1036
 90
        2
 90
      206
 90
      626
 70
     0
 90
        0
290
     0
290
     1
 90
     1037
 90
        2
 90
      206
 90
      686
 70
     0
 90
        0
290
     0
290
     1
 90
     1038
 90
        2
 90
      682
 90
      689
 70
     0
 90
        0
290
     0
290
     1
 90
     1039
 90
        2
 90
      687
 90
      694
 70
     0
 90
        0
290
     0
290
     1
 90
     1040
 90
        2
 90
       26
 90
       46
 70
     0
 90
        0
290
     0
290
     1
 90
     1041
 90
        2
 90
       26
 90
      366
 70
     0
 90
        0
290
     0
290
     1
 90
     1042
 90
        2
 90
       26
 90
      566
 70
     0
 90
        0
290
     0
290
     1
 90
     1043
 90
        2
 90
       26
 90
      696
 70
     0
 90
        0
290
     0
290
     1
 90
     1044
 90
        2
 90
      692
 90
      699
 70
     0
 90
        0
290
     0
290
     1
 90
     1045
 90
        2
 90
      697
 90
      704
 70
     0
 90
        0
290
     0
290
     1
 90
     1046
 90
        2
 90
       56
 90
       76
 70
     0
 90
        0
290
     0
290
     1
 90
     1047
 90
        2
 90
       56
 90
      246
 70
     0
 90
        0
290
     0
290
     1
 90
     1048
 90
        2
 90
       56
 90
      386
 70
     0
 90
        0
290
     0
290
     1
 90
     1049
 90
        2
 90
       56
 90
      596
 70
     0
 90
        0
290
     0
290
     1
 90
     1050
 90
        2
 90
       56
 90
      706
 70
     0
 90
        0
290
     0
290
     1
 90
     1051
 90
        2
 90
      702
 90
      709
 70
     0
 90
        0
290
     0
290
     1
 90
     1052
 90
        2
 90
      707
 90
      714
 70
     0
 90
        0
290
     0
290
     1
 90
     1053
 90
        2
 90
       86
 90
      396
 70
     0
 90
        0
290
     0
290
     1
 90
     1054
 90
        2
 90
       86
 90
      421
 70
     0
 90
        0
290
     0
290
     1
 90
     1055
 90
        2
 90
       86
 90
      466
 70
     0
 90
        0
290
     0
290
     1
 90
     1056
 90
        2
 90
       86
 90
      586
 70
     0
 90
        0
290
     0
290
     1
 90
     1057
 90
        2
 90
       86
 90
      716
 70
     0
 90
        0
290
     0
290
     1
 90
     1058
 90
        2
 90
      712
 90
      719
 70
     0
 90
        0
290
     0
290
     1
 90
     1059
 90
        2
 90
      681
 90
      701
 70
     0
 90
        0
290
     0
290
     1
 90
     1060
 90
        2
 90
      681
 90
      721
 70
     0
 90
        0
290
     0
290
     1
 90
     1061
 90
        2
 90
      717
 90
      724
 70
     0
 90
        0
290
     0
290
     1
 90
     1062
 90
        2
 90
       96
 90
      406
 70
     0
 90
        0
290
     0
290
     1
 90
     1063
 90
        2
 90
       96
 90
      431
 70
     0
 90
        0
290
     0
290
     1
 90
     1064
 90
        2
 90
       96
 90
      436
 70
     0
 90
        0
290
     0
290
     1
 90
     1065
 90
        2
 90
       96
 90
      456
 70
     0
 90
        0
290
     0
290
     1
 90
     1066
 90
        2
 90
       96
 90
      476
 70
     0
 90
        0
290
     0
290
     1
 90
     1067
 90
        2
 90
       96
 90
      726
 70
     0
 90
        0
290
     0
290
     1
 90
     1068
 90
        2
 90
      722
 90
      729
 70
     0
 90
        0
290
     0
290
     1
 90
     1069
 90
        2
 90
      671
 90
      691
 70
     0
 90
        0
290
     0
290
     1
 90
     1070
 90
        2
 90
      671
 90
      711
 70
     0
 90
        0
290
     0
290
     1
 90
     1071
 90
        2
 90
      671
 90
      731
 70
     0
 90
        0
290
     0
290
     1
 90
     1072
 90
        2
 90
      727
 90
      734
 70
     0
 90
        0
290
     0
290
     1
 90
     1073
 90
        2
 90
      737
 90
      744
 70
     0
 90
        0
290
     0
290
     1
 90
     1074
 90
        2
 90
      742
 90
      749
 70
     0
 90
        0
290
     0
290
     1
 90
     1075
 90
        2
 90
       21
 90
       81
 70
     0
 90
        0
290
     0
290
     1
 90
     1076
 90
        2
 90
       21
 90
      751
 70
     0
 90
        0
290
     0
290
     1
 90
     1077
 90
        2
 90
       97
 90
      754
 70
     0
 90
        0
290
     0
290
     1
 90
     1078
 90
        2
 90
      747
 90
      762
 70
     0
 90
        0
290
     0
290
     1
 90
     1080
 90
        2
 90
      136
 90
      771
 70
     0
 90
        0
290
     0
290
     1
 90
     1081
 90
        2
 90
      767
 90
      774
 70
     0
 90
        0
290
     0
290
     1
 90
     1082
 90
        2
 90
      772
 90
      779
 70
     0
 90
        0
290
     0
290
     1
 90
     1083
 90
        2
 90
      371
 90
      391
 70
     0
 90
        0
290
     0
290
     1
 90
     1084
 90
        2
 90
      371
 90
      781
 70
     0
 90
        0
290
     0
290
     1
 90
     1085
 90
        2
 90
      407
 90
      784
 70
     0
 90
        0
290
     0
290
     1
 90
     1086
 90
        2
 90
      777
 90
      792
 70
     0
 90
        0
290
     0
290
     1
 90
     1087
 90
        2
 90
      196
 90
      306
 70
     0
 90
        0
290
     0
290
     1
 90
     1088
 90
        2
 90
      196
 90
      526
 70
     0
 90
        0
290
     0
290
     1
 90
     1089
 90
        2
 90
      196
 90
      646
 70
     0
 90
        0
290
     0
290
     1
 90
     1090
 90
        2
 90
      196
 90
      666
 70
     0
 90
        0
290
     0
290
     1
 90
     1091
 90
        2
 90
      196
 90
      736
 70
     0
 90
        0
290
     0
290
     1
 90
     1092
 90
        2
 90
      196
 90
      766
 70
     0
 90
        0
290
     0
290
     1
 90
     1093
 90
        2
 90
      196
 90
      796
 70
     0
 90
        0
290
     0
290
     1
 90
     1094
 90
        2
 90
      514
 90
      799
 70
     0
 90
        0
290
     0
290
     1
 90
     1095
 90
        2
 90
      426
 90
      806
 70
     0
 90
        0
290
     0
290
     1
 90
     1096
 90
        2
 90
      797
 90
      809
 70
     0
 90
        0
290
     0
290
     1
 90
     1097
 90
        2
 90
      746
 90
      776
 70
     0
 90
        0
290
     0
290
     1
 90
     1098
 90
        2
 90
      746
 90
      811
 70
     0
 90
        0
290
     0
290
     1
 90
     1099
 90
        2
 90
      807
 90
      814
 70
     0
 90
        0
290
     0
290
     1
 90
     1100
 90
        2
 90
      812
 90
      819
 70
     0
 90
        0
290
     0
290
     1
 90
     1101
 90
        2
 90
      752
 90
      759
 70
     0
 90
        0
290
     0
290
     1
 90
     1102
 90
        2
 90
      752
 90
      824
 70
     0
 90
        0
290
     0
290
     1
 90
     1103
 90
        2
 90
      757
 90
      764
 70
     0
 90
        0
290
     0
290
     1
 90
     1104
 90
        2
 90
      757
 90
      822
 70
     0
 90
        0
290
     0
290
     1
 90
     1105
 90
        2
 90
      782
 90
      789
 70
     0
 90
        0
290
     0
290
     1
 90
     1106
 90
        2
 90
      782
 90
      829
 70
     0
 90
        0
290
     0
290
     1
 90
     1107
 90
        2
 90
      787
 90
      794
 70
     0
 90
        0
290
     0
290
     1
 90
     1108
 90
        2
 90
      787
 90
      827
 70
     0
 90
        0
290
     0
290
     1
 90
     1109
 90
        2
 90
      446
 90
      486
 70
     0
 90
        0
290
     0
290
     1
 90
     1110
 90
        2
 90
      446
 90
      491
 70
     0
 90
        0
290
     0
290
     1
 90
     1111
 90
        2
 90
      446
 90
      756
 70
     0
 90
        0
290
     0
290
     1
 90
     1112
 90
        2
 90
      446
 90
      786
 70
     0
 90
        0
290
     0
290
     1
 90
     1113
 90
        2
 90
      446
 90
      801
 70
     0
 90
        0
290
     0
290
     1
 90
     1114
 90
        2
 90
      446
 90
      821
 70
     0
 90
        0
290
     0
290
     1
 90
     1115
 90
        2
 90
      446
 90
      826
 70
     0
 90
        0
290
     0
290
     1
 90
     1116
 90
        2
 90
      446
 90
      831
 70
     0
 90
        0
290
     0
290
     1
 90
     1117
 90
        2
 90
      732
 90
      804
 70
     0
 90
        0
290
     0
290
     1
 90
     1118
 90
        2
 90
      732
 90
      834
 70
     0
 90
        0
290
     0
290
     1
 90
     1119
 90
        2
 90
      802
 90
      817
 70
     0
 90
        0
290
     0
290
     1
 90
     1120
 90
        2
 90
      802
 90
      832
 70
     0
 90
        0
290
     0
290
     1
 90
     1122
 90
        2
 90
       51
 90
       61
 70
     0
 90
        0
290
     0
290
     1
 90
     1123
 90
        2
 90
       51
 90
       91
 70
     0
 90
        0
290
     0
290
     1
 90
     1124
 90
        2
 90
       51
 90
      146
 70
     0
 90
        0
290
     0
290
     1
 90
     1125
 90
        2
 90
       51
 90
      156
 70
     0
 90
        0
290
     0
290
     1
 90
     1126
 90
        2
 90
       51
 90
      166
 70
     0
 90
        0
290
     0
290
     1
 90
     1127
 90
        2
 90
       51
 90
      176
 70
     0
 90
        0
290
     0
290
     1
 90
     1128
 90
        2
 90
       51
 90
      191
 70
     0
 90
        0
290
     0
290
     1
 90
     1129
 90
        2
 90
       51
 90
      201
 70
     0
 90
        0
290
     0
290
     1
 90
     1130
 90
        2
 90
       51
 90
      231
 70
     0
 90
        0
290
     0
290
     1
 90
     1131
 90
        2
 90
       51
 90
      241
 70
     0
 90
        0
290
     0
290
     1
 90
     1132
 90
        2
 90
       51
 90
      271
 70
     0
 90
        0
290
     0
290
     1
 90
     1133
 90
        2
 90
       51
 90
      286
 70
     0
 90
        0
290
     0
290
     1
 90
     1134
 90
        2
 90
       51
 90
      296
 70
     0
 90
        0
290
     0
290
     1
 90
     1135
 90
        2
 90
       51
 90
      301
 70
     0
 90
        0
290
     0
290
     1
 90
     1136
 90
        2
 90
       51
 90
      321
 70
     0
 90
        0
290
     0
290
     1
 90
     1137
 90
        2
 90
       51
 90
      331
 70
     0
 90
        0
290
     0
290
     1
 90
     1138
 90
        2
 90
       51
 90
      351
 70
     0
 90
        0
290
     0
290
     1
 90
     1139
 90
        2
 90
       51
 90
      401
 70
     0
 90
        0
290
     0
290
     1
 90
     1140
 90
        2
 90
       51
 90
      441
 70
     0
 90
        0
290
     0
290
     1
 90
     1141
 90
        2
 90
       51
 90
      511
 70
     0
 90
        0
290
     0
290
     1
 90
     1142
 90
        2
 90
       51
 90
      521
 70
     0
 90
        0
290
     0
290
     1
 90
     1143
 90
        2
 90
       51
 90
      561
 70
     0
 90
        0
290
     0
290
     1
 90
     1144
 90
        2
 90
       51
 90
      571
 70
     0
 90
        0
290
     0
290
     1
 90
     1145
 90
        2
 90
       51
 90
      621
 70
     0
 90
        0
290
     0
290
     1
 90
     1146
 90
        2
 90
       51
 90
      631
 70
     0
 90
        0
290
     0
290
     1
 90
     1147
 90
        2
 90
       51
 90
      641
 70
     0
 90
        0
290
     0
290
     1
 90
     1148
 90
        2
 90
       51
 90
      651
 70
     0
 90
        0
290
     0
290
     1
 90
     1149
 90
        2
 90
       51
 90
      661
 70
     0
 90
        0
290
     0
290
     1
 90
     1150
 90
        2
 90
       51
 90
      721
 70
     0
 90
        0
290
     0
290
     1
 90
     1151
 90
        2
 90
       51
 90
      731
 70
     0
 90
        0
290
     0
290
     1
 90
     1152
 90
        2
 90
       51
 90
      741
 70
     0
 90
        0
290
     0
290
     1
 90
     1153
 90
        2
 90
       51
 90
      751
 70
     0
 90
        0
290
     0
290
     1
 90
     1154
 90
        2
 90
       51
 90
      761
 70
     0
 90
        0
290
     0
290
     1
 90
     1155
 90
        2
 90
       51
 90
      771
 70
     0
 90
        0
290
     0
290
     1
 90
     1156
 90
        2
 90
       51
 90
      781
 70
     0
 90
        0
290
     0
290
     1
 90
     1157
 90
        2
 90
       51
 90
      791
 70
     0
 90
        0
290
     0
290
     1
 90
     1158
 90
        2
 90
       51
 90
      806
 70
     0
 90
        0
290
     0
290
     1
 90
     1159
 90
        2
 90
       51
 90
      816
 70
     0
 90
        0
290
     0
290
     1
 90
     1160
 90
        2
 90
      161
 90
      171
 70
     0
 90
        0
290
     0
290
     1
 90
     1161
 90
        2
 90
      161
 90
      281
 70
     0
 90
        0
290
     0
290
     1
 90
     1162
 90
        2
 90
      161
 90
      501
 70
     0
 90
        0
290
     0
290
     1
 90
     1163
 90
        2
 90
      161
 90
      556
 70
     0
 90
        0
290
     0
290
     1
 90
     1164
 90
        2
 90
      161
 90
      606
 70
     0
 90
        0
290
     0
290
     1
 90
     1165
 90
        2
 90
      161
 90
      616
 70
     0
 90
        0
290
     0
290
     1
 90
     1166
 90
        2
 90
      161
 90
      676
 70
     0
 90
        0
290
     0
290
     1
 90
     1167
 90
        2
 90
      161
 90
      686
 70
     0
 90
        0
290
     0
290
     1
 90
     1168
 90
        2
 90
      161
 90
      696
 70
     0
 90
        0
290
     0
290
     1
 90
     1169
 90
        2
 90
      161
 90
      706
 70
     0
 90
        0
290
     0
290
     1
 90
     1170
 90
        2
 90
      161
 90
      716
 70
     0
 90
        0
290
     0
290
     1
 90
     1171
 90
        2
 90
      161
 90
      726
 70
     0
 90
        0
290
     0
290
     1
 90
     1172
 90
        2
 90
      161
 90
      796
 70
     0
 90
        0
290
     0
290
     1
 90
     1173
 90
        2
 90
      161
 90
      811
 70
     0
 90
        0
290
     0
290
     1
 90
     1174
 90
        2
 90
      161
 90
      831
 70
     0
 90
        0
290
     0
290
     1
  0
XRECORD
  5
1FA
102
{ACAD_REACTORS
330
1F9
102
}
330
1F9
100
AcDbXrecord
280
     1
 70
     1
 90
429727718
  1
D62C5603-E3A1-4AEA-B7FB-FE5D8D0755AF
310
504B03040A0000080000CC70623B3DEE336E79000000790000001B0000006175746F6465736B2D64657369676E2D7061636B6167652E786D6C3C3F786D6C2076657273696F6E3D22312E302220656E636F64696E673D227574662D3822203F3E3C666F726D6174733E3C666F726D61743E687474703A2F2F736368656D612E
310
6175746F6465736B2E636F6D2F64657369676E2D7061636B6167652F323030393C2F666F726D61743E3C2F666F726D6174733E504B0304140006080800CC70623BD486FD9CA0000000F4000000130000005B436F6E74656E745F54797065735D2E786D6C7D8EC10E82300C865F65E91D8A1E8C310C0EEA1BF002731658846E
310
D98AC1B77784ABF1D8FE5FBFBF75BBCE937A534CCEB38643598122B6FEE978D0B0485F9C41B54DDD7D022595594E1A469170414C76A4D9A4D207E29CF43ECE46F218070CC6BECC4078ACAA135ACF422C856C0E68EA1BF5669944DDD7BCDE7B1F8E415D77AECB980613C2E4AC91FC167A2B244592486606FC29C8FD7F045B9A
310
EF7053A7E60B504B0304140006080800CC70623B853B8169EB0000007C01000008000000636F72652E786D6C8D90416EC3201045AF62CDB6C206821CC7C244919D9CA01740401C94182C03558F5F9C3852BBEB6A467FFE9B197D7EFC9E1EC5975982F5AE035262288C535E5B377690E21535501C055FBC8FBF6C503839990E
310
5619041F179FE64D52DE45E362569DD7661365082642A11EB9E920A89B99642953CC8E702F67A9EE7234257977194EC9EAE275C4EABCCF5EAD5940D4AC6F0E35A568B8F43562CD7046CD199FD07E60174276A7BE677B5EADB0E0D14EEFFB6A31321A0D82627C4084204C3F096B71DD52F6819B16635EADF63F509AF53FA164
310
5DDCD1EDDD17164090FCC8732078B56691CB33A85CD7DCC40F504B0304140006080800CC70623B55019EA25F0000007C00000007000000636E782E786D6C4DCB3B0E80201045D1AD90E915ED2CF8AC45050C11660C8261F98AB1B07AC9C97D42D718D865D3E909258CFD00CCE24AC6E326A164D74DC0B4128928FF32603847
310
2BA13128B1252AC747C6BAB984FC68F0B87FE8960A5C09FE86CFB69FBA01504B0304140006080800CC70623BDBABAAF470010000D40300000C0000006662782F636F72652E786D6CC553D16E823014FD95A6AF4B694182CC941A83FA05FB810A9511A125A5257EFE2E82712ECEB8A7F100CD39F7F69E734AF9FADC366850B6
310
AF8DCE7018308C942E4C59EB2AC3DE1D498AD15A706B8CFB56869196ADCAF00863C12B6B7C374385D14E6907A836A59A41D9F7CA615434B0C8705F7CAA5606D23BA8E84F41278B93AC54100640439DE0BDB320004D43C63716C7C399D30917DCFBBA9CD9BA8469F5B156168B24CED3F7248AC8769F27244EB73B92EED8862C
310
B7F13E0C179B3C8F979C8ECD82BBBABDAA2BAC924E9558448CBD9330242CFA08E3154B5651FCC6D215639C8EE5774DBE2B5F6CF2B5768B68963BB5F5588420E442FC700B1139D4CB01F450C1E918227C2E09DF070D8140C84E1E9AAB8F1340832A9CB13130A5F1376A908D57309505ECF2A0DF179C4E9D30F5B239B87E3823
310
7A79C6F31DE1A8A5AEC08474B03C7837EAE4938639B44E5932B833D2C6B6B279CDC613877FA26EE21F4A2A4C63EC7F29A2F301D1F9F7A0E37D145F504B0304140006080800CC70623B9C113CC27E0000009D0000000B0000006662782F636E782E786D6C4DCCDF0A83201C86E15B91DFB94BFB330DD428C8FB886521330DA7
310
6397BF1A1DECE883878F57749FCDA1B7892F1BBC047A23808C7F84D9FA55424E0BE6803A256208E9EF06C84F9B91703228B1C690F78B66B34CD9A5439DF5CF0BFBF65E35BCA1B8D6A5C6F540381E886698B5741C695F9503EBA150A2F8958E3DC3EA0B504B0304140006080800CC70623B7DF2F77C2A010000120200003100
310
00006662782F41393633353835312D344632462D344230382D423046372D3739314545314133324237412F636F72652E786D6C8D51DB8EC22014FC15C2939B0D2DB4B45643319AE817EC0F6041255A68B86CFCFC856D4D76DF7CE190393373060EDB3DC707F856CE6B6B7A480A0C81328395DA5C7B18C3057510EC3873D686
310
3F34088C18550F330C39BB3A1BA7051AAC09CA84841A2BD5020AEF55806078A44B0FFD7053A328440C89E1EFC52486BBB8AA8214A99D789CF9E05200300FC927E4FB4D5B375D43103D5527440FB843077C5AA3F5861C8F645F5787F59E95B390B318B55CE45AA638FAA2957BD7248B390B7A7CC51F9C124149C82B8C378810
310
84AB2F42B7B8DD56F413775B8C5999E9FF4471926F8AA236A1AE96B8B3CC434E5839373893369E1FAF30EA395917409EB7F26AF8801C171837A4A6AC9C89E9F9C9B1A58BA30FD6A5EF5DDDCF894B9AD9B6A59C957943A9FCAE2FD5BC4DFE03504B0304140006080800CC70623BAD7543B64E01000033030000300000006662
310
782F41393633353835312D344632462D344230382D423046372D3739314545314133324237412F636E782E786D6CD593CD6EC32010845F0571AD6CE3D48AD20813A9873E410FBD12D82434182C7EAAE6EDBB2424CD25871E7B41D6EC30B3FA84F9E67BB2E40B4234DE8DB46F1925E094D7C6ED479AD3AE5951B2113C789FEE
310
6C943839C1488B4C05DF079FE72A69D8C96C13AAD6B8631503449F83828872B949AC57D26200B826A308D316B4064D6E46FCDA41C05550DC9E483A00797BFD207EFB092A45DE9514C1BBD22178396BD39D891265658C238DEA00936C654E5E433CB65A26D9F6EDB5EBC14EBF49A45CB856E66048291F6939A9A81BB5C89177
310
38143CA680F4AA299D66A042CEB3354A2684DC9D8D178FE0D9B8B41CAAD720F880EE7EF93C0C18769E099ECC04D5A102C8049A8A05632F4DDF376CF1DE0F6BB65C2F8627B65A33C6BB62177CEBBDAD973006829F89F22E814B54F4BC2BE347F8AA8F681390B50FA73F804400B5F542E796F19FF974E7F78DB802FE05E20750
310
4B0304140006080800CC70623BE75B7789680500003C100000340000006662782F41393633353835312D344632462D344230382D423046372D3739314545314133324237412F6F626A656374732E786D6CAD575B8F9B3818FD2B887D06C22499CB8AA1CA655245D5B455A356FB305264C061D8018C6C3393D95FBFC7600890
310
A4CD5EF210B0B1BFEBF98E3F7B1FF6596ABC522E1296DF9BAE3D320D9A872C4AF2F8DE2CE5CEBA358D0FBEC719939D65A691938CDE9B6ADAF4BD98B3B2D05311DD91329583D9D5FC0F438434A7A611A644887B5384CF34233629258BA878B12322891DEFF6B66BD70BFB62634E8AE781D082709A4B588AF91C528CDA28B73F
310
1C998EEF39EABBEFA97FBD6A7C7E9553F9D3D79FE442923C3C523610337627CB87ABE99D359D4CC6D6E4FACAB5E6ABF9D2726FC6A3C5F56271377BB88362213924694B38DD99FE47C48627A1E7D49F5A8BB5E1A74C0A599ED3B0F21F1E56366B89112D681E218F0915D0D6F17AD41FBA2A369DCF6335D62ABBD39779D5DDD1
310
11D4D8DE3CBB96B2E04FB8202E41051754A1AA8E8F76B4C6DFE810B580B1547F4B84911149794252234D024EF8BBE963A95AE27B3D310A9D5C215C7960FAEE415ED75694C6AFB17BCACA5D99A60A9AA65F217B0BFC53292ACB92BF283FAD0D3621576592CB5BED907C2FA8E9DF794E35E97BEA31BED21FEB401ABB94C44839
310
DCACBF0E1C5DA8DA5B2F4DFFD32AD86F543D9E565E7056502E157C00AD2671CD534549AB752FCA9CDA00677A313F04E51B22FF19E57B300579E3C97EB29F682D92935CEC18CF901B7B54FD8C51F362B56FC72FE0B3C1EAE335EDCCBF5AEC39ADB17DC238973F804BA5E6F6BFE7AF1FB32E523BE9F3BD571418E3631DCA4D48
310
5250CF639223210A9446CA30052EDF057BD35F8329C1ECD84552BF0DC8D18BE7BCE23BFE6BD960AB4A7DE79923A103BEBD80F911CBAA2C60DB19B01CF164A5583B772EE6D3FFA56666CBCDA74DC97724A48F9A58967497E489C4D979006FD7A05E227A1EBDD0F737C623387A9C844D3709995625106D157315F8B8392CD4E0
310
A0B9A720C4BE9829CEF37EA1E13111214D53925356365ADA634861B52519DD27A00AEB808EAF0628E6F435519D446F45CF2C9CF5214F0A15B2F6D06B79DA3EE3CBF7F56780D2F4E7EF73A0F5E5B02A38D07DC852C6B7C1FBB6664213E0C39E3EBA7FF4E1AD23EA2829407C85E586727488B751B2DB9502BC7B228A3FD68B6E
310
A65A22397E690AA8D158D7E404EC8CDA235CC3B7D1898680131CEC2CDF2638C65196279577750F15884AEE19F94199155B92B13297978469D4F8D358DF0AEF7631E28DC8F0D9F437D5D39A83B2231A1D52D543813A824EF8D44BCFF2FA6A31BD1E8DAD87F1CCB526B3879935BF59CDADD5C37479BB1CDD4CA7B3556B516589
310
EF352754B706114D9C885EC9131DE6EFEB43D99AFE2391C2F958179413D7CFEF6B1B6DB1E7600F00DE6E5C67454A339A4BA2E0FBA85ED26F045D454F463DBFCE484C2F90F2E5E3666003662ED8F755951A7D1BECD5B30B550B2785C8E7320B7292A4838DDA71BBC863ED7613CAF659337A3354231D4FF4A182A54904C2898C
310
98B28C4AD0CE056CCF332A80986E571EE9DBC305BB5FEB7E509220A58D25CF042D712A806AC0AD0C657FDEF80D2D9CEAA2EE4D1C76F60BFE74219A06527D6F82DF6412526107381E55E353090704D085B52408A8913C4ED159D79BDA71BB4BC506F4831350EB6F975CD22D69BF7AC49B91A2C0A9DDA3D5CA36AD20FC478E37
310
E61844E2352865EBCB61A275A65283CAAA9DD27703B4102F5AF51EF5F573B75CBB5AD38BC845F7A49F82A0966A49C2E3EA5EA0ECD326CD965F1DB402C6FA8B51A4658C5C5E2EC9E214602E55810345408596591009A82E7E7FFACA19EEA299B14A0081A705CB3296EBC14CDF658DCD336EA6D1136881AAEB87B81AB9EE53D5
310
F5EB8BC8362082DA24122F98680A4E7930C01A0079749CEA14382A0783E5EBA5A10F8C098456A03D6A4AEB6BB881E2513747552A5DB22C7EDAF83BD5528081A365F7FF06504B0304140006080000CC70623B000000000000000000000000350000006662782F41393633353835312D344632462D344230382D423046372D37
310
39314545314133324237412F76657274696365732E62696E504B0304140006080800CC70623BF270F1330600000004000000360000006662782F41393633353835312D344632462D344230382D423046372D3739314545314133324237412F747269616E676C65732E62696E636660600000504B0304140006080000CC7062
310
3B000000000000000000000000370000006662782F41393633353835312D344632462D344230382D423046372D3739314545314133324237412F617474726962757465732E62696E504B0304140006080800CC70623B08DA0BD19000000041010000360000006662782F41393633353835312D344632462D344230382D4230
310
46372D3739314545314133324237412F6469726563746F72792E786D6C858F410AC3201045AF22B36F53E9A60B35CBEEBAE80D244E44489C6234F4F835464A48035D0DF398FF9F8AF63D0E6CC63039F212F8F9020C7D47C6792B21C5FE7403D62A1188E2E60C98D7234A5830286103A55745067B9D86B8A3CF9C7F90C11DE6
310
07FB144396D7B6A82D282E9A152AD114D5EF2CB866EEE831B8EEA07A7BB5A8D7D61A2BAAEB7FD5F70921FF497D00504B0304140006080800CC70623BEDD1DC58FD000000A00100003B0000006662782F41393633353835312D344632462D344230382D423046372D3739314545314133324237412F7265736F75726365732F
310
636F72652E786D6C8D504B6E833010BD0A9A6D65B00922041947112427E8052C33A156828DFCA97AFC9A40A576D7CDCCE87D344F8F9FBFE667F689CE6B6B3A6039850C8DB2A336530731DC4903D95970676DF82583CCC8193B5861107C72362E3BA4AC096842428D1D7107A5F7182053CF7474E0D507CE32973124857FE48B
310
540F3961CEF244279DE03EB81420DB9EAC1384436FA353E879B1B182C7A8C75DA3C7F453DF353A1075D537A7BA6464B8F535A99AE14A9A2BBD90E350DD183B5CFABE3AF262350B1EF4FC9351399401471025A527C218A1E53BAB5A5AB765F5469B96525EACF23FA6B88CFF34456DC2A1DCE36E360F82A5202F42F062ED2BAD
310
579969AFDD8A6F504B010214000A0000080000CC70623B3DEE336E79000000790000001B00000000000000000000000000000000006175746F6465736B2D64657369676E2D7061636B6167652E786D6C504B01021400140006080800CC70623BD486FD9CA0000000F40000001300000000000000000000000000B20000005B
310
436F6E74656E745F54797065735D2E786D6C504B01021400140006080800CC70623B853B8169EB0000007C010000080000000000000000000000000083010000636F72652E786D6C504B01021400140006080800CC70623B55019EA25F0000007C000000070000000000000000000000000094020000636E782E786D6C504B
310
01021400140006080800CC70623BDBABAAF470010000D40300000C00000000000000000000000000180300006662782F636F72652E786D6C504B01021400140006080800CC70623B9C113CC27E0000009D0000000B00000000000000000000000000B20400006662782F636E782E786D6C504B01021400140006080800CC70
310
623B7DF2F77C2A010000120200003100000000000000000000000000590500006662782F41393633353835312D344632462D344230382D423046372D3739314545314133324237412F636F72652E786D6C504B01021400140006080800CC70623BAD7543B64E010000330300003000000000000000000000000000D2060000
310
6662782F41393633353835312D344632462D344230382D423046372D3739314545314133324237412F636E782E786D6C504B01021400140006080800CC70623BE75B7789680500003C10000034000000000000000000000000006E0800006662782F41393633353835312D344632462D344230382D423046372D3739314545
310
314133324237412F6F626A656374732E786D6C504B01021400140006080000CC70623B0000000000000000000000003500000000000000000000000000280E00006662782F41393633353835312D344632462D344230382D423046372D3739314545314133324237412F76657274696365732E62696E504B01021400140006
310
080800CC70623BF270F133060000000400000036000000000000000000000000007B0E00006662782F41393633353835312D344632462D344230382D423046372D3739314545314133324237412F747269616E676C65732E62696E504B01021400140006080000CC70623B0000000000000000000000003700000000000000
310
000000000000D50E00006662782F41393633353835312D344632462D344230382D423046372D3739314545314133324237412F617474726962757465732E62696E504B01021400140006080800CC70623B08DA0BD1900000004101000036000000000000000000000000002A0F00006662782F41393633353835312D344632
310
462D344230382D423046372D3739314545314133324237412F6469726563746F72792E786D6C504B01021400140006080800CC70623BEDD1DC58FD000000A00100003B000000000000000000000000000E1000006662782F41393633353835312D344632462D344230382D423046372D3739314545314133324237412F7265
310
736F75726365732F636F72652E786D6C504B0506000000000E000E0080040000641100000000
  0
XRECORD
  5
1F8
102
{ACAD_REACTORS
330
1F7
102
}
330
1F7
100
AcDbXrecord
280
     1
 70
     1
 90
429727718
  1
30362254-06B7-45E0-A893-8CFA70E3D6BC
310
504B03040A0000080000CC70623B3DEE336E79000000790000001B0000006175746F6465736B2D64657369676E2D7061636B6167652E786D6C3C3F786D6C2076657273696F6E3D22312E302220656E636F64696E673D227574662D3822203F3E3C666F726D6174733E3C666F726D61743E687474703A2F2F736368656D612E
310
6175746F6465736B2E636F6D2F64657369676E2D7061636B6167652F323030393C2F666F726D61743E3C2F666F726D6174733E504B0304140006080800CC70623BD486FD9CA0000000F4000000130000005B436F6E74656E745F54797065735D2E786D6C7D8EC10E82300C865F65E91D8A1E8C310C0EEA1BF002731658846E
310
D98AC1B77784ABF1D8FE5FBFBF75BBCE937A534CCEB38643598122B6FEE978D0B0485F9C41B54DDD7D022595594E1A469170414C76A4D9A4D207E29CF43ECE46F218070CC6BECC4078ACAA135ACF422C856C0E68EA1BF5669944DDD7BCDE7B1F8E415D77AECB980613C2E4AC91FC167A2B244592486606FC29C8FD7F045B9A
310
EF7053A7E60B504B0304140006080800CC70623B1EC5D7A3EB0000007C01000008000000636F72652E786D6C8D90416EC3201045AF82665B6103C6756C6122AB4D4ED00B204C5C94182C03558F5F9C3852BBEB6A467FFE9B197D71FC9E6FE8CBACC17AD7032D0820E3B41FAD9B7A48F1820F808E52ACDEC75F36404ECDA687
310
4D0629A6D5A76597B477D1B89855E747B38B2A041301E95B6E7A08FAD3CCAA50296647B8168BD2573599823EBB0CA76447F43862C7BCCF5EAC59410E4DDD9C7973C2755553CCCFA4C603E3040F1565ED3B1FDE4E432BCA0D9622DAF9795FAF464533826484B498524CD807E51D79ED187F21878E10516EF63F505AC67F42C9
310
BA58B1FDDD071640D2FCC87D2045B96591CB3DA85CB7DCE40F504B0304140006080800CC70623B55019EA25F0000007C00000007000000636E782E786D6C4DCB3B0E80201045D1AD90E915ED2CF8AC45050C11660C8261F98AB1B07AC9C97D42D718D865D3E909258CFD00CCE24AC6E326A164D74DC0B4128928FF32603847
310
2BA13128B1252AC747C6BAB984FC68F0B87FE8960A5C09FE86CFB69FBA01504B0304140006080800CC70623B8C9102E971010000D40300000C0000006662782F636F72652E786D6CC5535B6E833010BC8AE5DF0A6C08340F1947A84D4ED00B38C6A128602363A31CBFCB234A53A551FA553EC09AD9F5CE8C31DB9E9B1AF5CA
310
7695D1198E428A91D2D214952E33ECDD315861B4E5CC1AE3BE9561A445A3323CC098B3D21ADFCE9034DA29ED00D5A6503328BA4E398C640D8B0C77F253352214DE4145770A5B214FA2546114020D759C75CE8200340D19DE981F0F6746269C33EFAB6266AB02A655C74A59CCF365BADC27CB5D902ED22848F6340DF238A141
310
BE88E2F57B92BFEDF23523433367AE6A2EEAA455C2A902F398D2751045018D3FA264435F3771F242571B4A1919CA6F9A7C5B3CD9E42BED16F12C776AEB308F40C848FC700B1139D4891EF410CEC810227CC6846F8386402064270EF5C5C709A05E49676C024C61FC95EA45ED154CA5211D1FF4FB8291A913A68E9B83EBBB33
310
E2A7673CDE118E5AE8124C0807CB8377834E366998436B950D7A7746DAD846D4CFD978E0F04FD455FC5D49D2D4C6FE9722321F10997F0F32DC47FE05504B0304140006080800CC70623BFFEA85907E0000009D0000000B0000006662782F636E782E786D6C4DCCD10A83201886E15B91FFDC95D95A811AB6F23E625948A6C3
310
E9D8E5AF46073BFAE0E1E365ED67B3E8ADC3CB78C7815C7240DA3DFC64DCC221C519D7805AC182F7F1EF06C88D9BE6703008B6049F9E274D7A1E938DBB5AE3D6131B2589BA0D3D965551E0B2EA732C9B9A624AAEB41E3A557677029960D9AFB4EF11165F504B0304140006080800CC70623B4FEEA4082C0100001202000031
310
0000006662782F39464131463745442D413632322D343644302D413938332D3331353338454246344243312F636F72652E786D6C8D515B6EC32010BC0AE2AB55850DD871ED0813254D72825EC00192A2C460F1A872FC42ED48ED5F7E00CDCECCCEB26C731F6FE05B39AFADE921293004CA082BB5B9F43086336A21D870E6AC
310
0D7F68109861543DCC30E4ECE26C9C164858139409093556AA051CBC570102714B8F1E7AF1A5C6A11862480C7F2DA6415C878B2A4891CA89C7990F2E050073937C42DE1DB7E4F87ED8A36D4329AA9B3D46DBAEAD504556557BD81DEBDD0761E52CE42C462D17B996298E3E6BE59E35C962CE821E1FF18553435012728A7187
310
0841987E927A8D9B35ADDF70BBC6989599FE4F1427F9A4286A132ABAC49D651EF234CD5CE04CDA78BA3DC2A8FB645D00B9DF8B57E215725C60BCA2A463E54C4CE327C7A65E1C7DB02E7DEFCBF594B864C5CA6CDBD49C957943E9FA5D5FBAF336F90F504B0304140006080800CC70623BAD7543B64E01000033030000300000
310
006662782F39464131463745442D413632322D343644302D413938332D3331353338454246344243312F636E782E786D6CD593CD6EC32010845F0571AD6CE3D48AD20813A9873E410FBD12D82434182C7EAAE6EDBB2424CD25871E7B41D6EC30B3FA84F9E67BB2E40B4234DE8DB46F1925E094D7C6ED479AD3AE5951B2113C
310
789FEE6C943839C1488B4C05DF079FE72A69D8C96C13AAD6B8631503449F83828872B949AC57D26200B826A308D316B4064D6E46FCDA41C05550DC9E483A00797BFD207EFB092A45DE9514C1BBD22178396BD39D891265658C238DEA00936C654E5E433CB65A26D9F6EDB5EBC14EBF49A45CB856E66048291F6939A9A81BB5
310
C8917738143CA680F4AA299D66A042CEB3354A2684DC9D8D178FE0D9B8B41CAAD720F880EE7EF93C0C18769E099ECC04D5A102C8049A8A05632F4DDF376CF1DE0F6BB65C2F8627B65A33C6BB62177CEBBDAD973006829F89F22E814B54F4BC2BE347F8AA8F681390B50FA73F804400B5F542E796F19FF974E7F78DB802FE05
310
E207504B0304140006080800CC70623B16AB87BA640500003C100000340000006662782F39464131463745442D413632322D343644302D413938332D3331353338454246344243312F6F626A656374732E786D6CAD575B6FA33818FD2B887DE6924B3BED8A326A92B68A663B534DD4D13E548A0C38942D60649B369D5FBFC7
310
600890A493BDE42160637FD7F31D7FF63E6FB3D478A55C242CBF3247B66B1A340F5994E4F19559CA8D75611A9F7D8F33263BCB4C232719BD32D5B4E97B316765A1A722BA21652A07B3B7B33F0D11D29C9A46981221AE4C113ED38CD8A4942CA2E2C58E882476BCD9DA23BB5ED8171B73523C0F841684D35CC252CCE79062D4
310
468DFA43D7747CCF51DF7D4FFDEB5593E3AB9CCA9FBEFE241792E4E19EB28198C968BAB8199F5D5A67D3E9C49A9E8F47D6EC76B6B0469F26EEFC7C3EBFBCBEB98462213924694B38DD98FE1D62C393D073EA4FADC5DAF04326852CCF6958F90F0F2B9BB5C48816348F90C7840A68EB78EDF68723159BCEE7891A6B95DDE9D3
310
BCEAEEE8086A6C6F9E5D4B59F0175C10A7A0820BAA5055C7473B5AE3CFDD452D602CD5DF12616444529E90D448938013FE6EFA58AA96F85E4F8C42275708571E98FE6827AF6B2B4AE3D7D83D64E5A64C53054DD3AF90BD06FEA9149565C94FCA0F6B834DC85599E4F2423B24DF0B6AFA979E534DFA9E7A4CC6FA631D486393
310
921829879BF5D781A373557BCB85E97FB90DB62B558F8795179C15944B051F40AB495CF35451D26A4727654E6D8033BD98EF82F21D91FF8AF2DD9982BCF1643BDD4EB516C9492E368C67C88DED563FC36D5EACF66DFF057C3658BDBFA69DF9578B3DA735B64F18C7F20770A9D45CFCF7FCF563D6456A277DBEF78A02637CA2
310
43B90A490AEAB94F72244481D24819A6C0E59B606BFA4B3025981DBB48EAB701D97BF19C577CC77F2D1B6C55A9EF3C732474C0B727303F625995056C3B02963D9EAC146BE78EC5FCEC7FA999EBC5EACBAAE41B12D27B4D2C0BBA49F244E2ECDC81B76B502F113D8F5EE8FB1BE3111CDD4FC2AA9B844CAB1288B68AB90A7CDC
310
1C166AB0D3DC5310625FCC14E779BFD0709F8890A629C9292B1B2DED31A4B0DA928CEE135085754027E3018A397D4D5427D15BD1330B677DC8934285AC3DF45A9EB68FF8F2B8FC0A509AFEECFD0FF2DE25CC6047F7214B195F07EFEB9A094D800F7BFAE8FED187B78EA8A3A400F115961BCAD1215E47C966530AF0EE8128FE
310
58CEBB996A8964FFA529A046635D9353B0336A8F700DDF46271A024E70B0B37C9DE01847591E54DED53D54202AB947E4076556AC49C6CA5C9E1226B7F1A7B1BE15DEED62C41B91E1B3E9AFAAA735036547343A925075041DF0A9979E893B391F8FCFA6967B3EFB644DCF6E5CEBFAE272625DCC6FAF3FB93793C5F90CE1EF57
310
407342756B10D1C489E8953CD1617E5CEECAD6F4EF8914CE5D5D504E5C3F1F9736DA62CFC11E00BCDDB8CC8A9466349744C1F75EBDA4DF09BA8A9E8C7A7E9991989E20E5DBDD6A6003664ED8F7A04A8DBE0DF6EAD9B9AA858342E47399053949D2C146EDB85DE4B176BB0965FBAC19BD19AA918E27FA50C1D22402E144464C
310
59462568E704B6E71915404CB72B8FF4EDE184DDAF753F284990D2C6926782963815403548A70C657FDEF80D2D9CEAA2AE4C1C76F60BFE74219A06527D6582DF6412526107381E55E353090704D085B52408D0933C4ED159D79BDA71BB4BC506F4831350EB6F979CD22D69BF7AC49B91A2C0A9DDA3D5CA36AD20FC478E37E6
310
1844E2352865EBCB6EA275A652E3836BE04EFB400BF1A2556F515F1FBB35B2AB35BD889C744FFA1004B5544B121E57F70215746DD2F5E2C1412B602CBF19455AC6C8E5E9922C4E01E65215385004546899059180EAFCF7A707CE7017CD8CDB0410789AB32C63B91E5CEBBBACB17AC6CD347A022D5075FD106377347AAABA7E
310
7D11590744509B44E205134DC1290F06580320F78E537D3D73540E06CB970B431F185308AD40BBD794D6D77003C5A36E8EAA54BA64597CD8F83BD552A080A365F7FF06504B0304140006080000CC70623B000000000000000000000000350000006662782F39464131463745442D413632322D343644302D413938332D3331
310
353338454246344243312F76657274696365732E62696E504B0304140006080800CC70623BF270F1330600000004000000360000006662782F39464131463745442D413632322D343644302D413938332D3331353338454246344243312F747269616E676C65732E62696E636660600000504B0304140006080000CC70623B
310
000000000000000000000000370000006662782F39464131463745442D413632322D343644302D413938332D3331353338454246344243312F617474726962757465732E62696E504B0304140006080800CC70623B08DA0BD19000000041010000360000006662782F39464131463745442D413632322D343644302D413938
310
332D3331353338454246344243312F6469726563746F72792E786D6C858F410AC3201045AF22B36F53E9A60B35CBEEBAE80D244E44489C6234F4F835464A48035D0DF398FF9F8AF63D0E6CC63039F212F8F9020C7D47C6792B21C5FE7403D62A1188E2E60C98D7234A5830286103A55745067B9D86B8A3CF9C7F90C11DE607
310
FB144396D7B6A82D282E9A152AD114D5EF2CB866EEE831B8EEA07A7BB5A8D7D61A2BAAEB7FD5F70921FF497D00504B0304140006080800CC70623B0D6EF93BFE000000A00100003B0000006662782F39464131463745442D413632322D343644302D413938332D3331353338454246344243312F7265736F75726365732F63
310
6F72652E786D6C8D50596E833010BD0A9ADFCA60B334011947A8694ED00B586642AC041B79A97AFC9A40A5F6AF3F33A3B7689E1E3F7DCD8FEC139DD7D6F4C0720A191A65476DA61E62B892236427C19DB5E1970C322367EC618541F0C9D9B8EC90B226A009093576C41D94DE63804C3DD2D18357379C652E63480A7FCF17A9
310
EE72C29CE5894E3AC17D702940B63D59270887DE46A7D0F36263058F518FBB468FE9A7BE6A7420864373B8D4873369AA8691FA421B3294352543C5CAF65C0F6FEF43CB8BD52C78D0F34F46E550061C419494B6843142CB0F5677F4B52BEB177AEC28E5C52AFF638ACBF84F53D42654E51E77B379102C05791282176B5F693D
310
CB4C7BED567C03504B010214000A0000080000CC70623B3DEE336E79000000790000001B00000000000000000000000000000000006175746F6465736B2D64657369676E2D7061636B6167652E786D6C504B01021400140006080800CC70623BD486FD9CA0000000F40000001300000000000000000000000000B20000005B
310
436F6E74656E745F54797065735D2E786D6C504B01021400140006080800CC70623B1EC5D7A3EB0000007C010000080000000000000000000000000083010000636F72652E786D6C504B01021400140006080800CC70623B55019EA25F0000007C000000070000000000000000000000000094020000636E782E786D6C504B
310
01021400140006080800CC70623B8C9102E971010000D40300000C00000000000000000000000000180300006662782F636F72652E786D6C504B01021400140006080800CC70623BFFEA85907E0000009D0000000B00000000000000000000000000B30400006662782F636E782E786D6C504B01021400140006080800CC70
310
623B4FEEA4082C0100001202000031000000000000000000000000005A0500006662782F39464131463745442D413632322D343644302D413938332D3331353338454246344243312F636F72652E786D6C504B01021400140006080800CC70623BAD7543B64E010000330300003000000000000000000000000000D5060000
310
6662782F39464131463745442D413632322D343644302D413938332D3331353338454246344243312F636E782E786D6C504B01021400140006080800CC70623B16AB87BA640500003C1000003400000000000000000000000000710800006662782F39464131463745442D413632322D343644302D413938332D3331353338
310
454246344243312F6F626A656374732E786D6C504B01021400140006080000CC70623B0000000000000000000000003500000000000000000000000000270E00006662782F39464131463745442D413632322D343644302D413938332D3331353338454246344243312F76657274696365732E62696E504B01021400140006
310
080800CC70623BF270F133060000000400000036000000000000000000000000007A0E00006662782F39464131463745442D413632322D343644302D413938332D3331353338454246344243312F747269616E676C65732E62696E504B01021400140006080000CC70623B0000000000000000000000003700000000000000
310
000000000000D40E00006662782F39464131463745442D413632322D343644302D413938332D3331353338454246344243312F617474726962757465732E62696E504B01021400140006080800CC70623B08DA0BD190000000410100003600000000000000000000000000290F00006662782F39464131463745442D413632
310
322D343644302D413938332D3331353338454246344243312F6469726563746F72792E786D6C504B01021400140006080800CC70623B0D6EF93BFE000000A00100003B000000000000000000000000000D1000006662782F39464131463745442D413632322D343644302D413938332D3331353338454246344243312F7265
310
736F75726365732F636F72652E786D6C504B0506000000000E000E0080040000641100000000
  0
XRECORD
  5
175
102
{ACAD_REACTORS
330
173
102
}
330
173
100
AcDbXrecord
280
     1
270
     1
271
     1
  0
XRECORD
  5
174
102
{ACAD_REACTORS
330
173
102
}
330
173
100
AcDbXrecord
280
     1
270
     1
271
     1
  0
XRECORD
  5
1FB
102
{ACAD_REACTORS
330
173
102
}
330
173
100
AcDbXrecord
280
     1
 70
     0
 90
1673772943
  1
ECE7A1D2-D628-4531-984C-D00F80459256
310
504B03040A0000080000CC70623B3DEE336E79000000790000001B0000006175746F6465736B2D64657369676E2D7061636B6167652E786D6C3C3F786D6C2076657273696F6E3D22312E302220656E636F64696E673D227574662D3822203F3E3C666F726D6174733E3C666F726D61743E687474703A2F2F736368656D612E
310
6175746F6465736B2E636F6D2F64657369676E2D7061636B6167652F323030393C2F666F726D61743E3C2F666F726D6174733E504B0304140006080800CC70623BD486FD9CA0000000F4000000130000005B436F6E74656E745F54797065735D2E786D6C7D8EC10E82300C865F65E91D8A1E8C310C0EEA1BF002731658846E
310
D98AC1B77784ABF1D8FE5FBFBF75BBCE937A534CCEB38643598122B6FEE978D0B0485F9C41B54DDD7D022595594E1A469170414C76A4D9A4D207E29CF43ECE46F218070CC6BECC4078ACAA135ACF422C856C0E68EA1BF5669944DDD7BCDE7B1F8E415D77AECB980613C2E4AC91FC167A2B244592486606FC29C8FD7F045B9A
310
EF7053A7E60B504B0304140006080800CC70623BD9DDAED0EC0000007C01000008000000636F72652E786D6C8D90416EC3201045AF82665B61836D9CD8C2444DD39CA01740405C94182C03558F5F9C3852BBEB6A467FFE9B197D7EF89E6EE8CB2CC17A37002D0820E394D7D68D03A478C17B4007C117EFE32F1B20272733C0
310
2A83E0E3E2D3BC49CABB685CCCAAF3DA6CA20CC14440EA969B0182FA34932C648AD911AEC52CD5558EA6A0CF2EC329598D1E47ACCEFBECC59A050463A7EA5833865FEBDD0E37353BE3EE8DBDE3F6786A48D375FBF6CC78B9C282473B3DEFABC5C86834888A900E538A49F5419B9EB47DD5BC907D4F082F57FB1F28CDFA9F50
310
B22ED6D5F6EE030B20687EE43E10BC5CB3C8E51E54AE6B6EE207504B0304140006080800CC70623B55019EA25F0000007C00000007000000636E782E786D6C4DCB3B0E80201045D1AD90E915ED2CF8AC45050C11660C8261F98AB1B07AC9C97D42D718D865D3E909258CFD00CCE24AC6E326A164D74DC0B4128928FF326038
310
472BA13128B1252AC747C6BAB984FC68F0B87FE8960A5C09FE86CFB69FBA01504B0304140006080800CC70623BA24EB22D72010000D40300000C0000006662782F636F72652E786D6CC5535B6E833010BC8AE5DF0A6C5E49888CA3A6694ED00B38E05014B091B1518EDFE511A5A9D228FD2A1F60CDEC7A67C6986DCE4D8D7A
310
69BA4AAB0C073EC548AA5C17952A33ECECD15B61B4E1CC686DBF9561A44423333CC098B3D268D7CE50AE9595CA02AA74216750749DB418E5352C32DCE59FB211BE70162ABA93DF8AFC244AE9073ED050C759670D0840D390E18DF9F1706664C23973AE2A66B62A605A75ACA4C13C4976E1364A12EF355A2EBD384AF65EFA96
310
BC7B8BED2EA6719AAE16FB8491A199335B351775B991C2CA02F390D2D40B028F861F41BCA68B7518BFD0D59A524686F29B26D7164F36B94AD9289CE54E6D1DE6010819891F6E21228B3AD1831EC219194284CF98F06DD01008846CC5A1BEF83801D4CBDC6A1303536877A57A513B0953A94FC707FDBE6064EA84A9E3E6E0FA
310
EE8CF0E9198F7784A316AA0413C2C2F2E0ECA0934D1AE6D05A69BCDE9E91D2A611F573361E38FC1375157F5752AE6B6DFE4B11990F88CCBF0719EE23FF02504B0304140006080800CC70623B408A7D3B7C0000009D0000000B0000006662782F636E782E786D6C4DCCD10A83201886E15B91FFDC552A92A0064DBC8F581632
310
D3703A76F9ABD1C18E3E78F878E5F0D9027ABBFCF2292AE86E2D20171F69F6715550CB827B40839639A5F2770314A7CD293819B45C73AAFB45B35BA61ACAA1C1C7E7855C58C15BC331339661262CC762340413D68D77DA5B42298546CBE6573AF60CEB2F504B0304140006080800CC70623B449FB9BD290100001202000031
310
0000006662782F36394639363044362D344446342D343946362D394244322D3234314243333846323333332F636F72652E786D6C8D515B6EC32010BC0AE22B55850D98B871848994463E412FE002495162B07854397EA176A4F62F3F2C9A9D991D587EB84F37F0AD7D30CEF6905418026DA553C65E7A98E219ED203808EE9D
310
8B7F6810D871D23D2C3014FCE25D9A57483A1BB58D19B54EE9151C43D0110279CB971E06F9A5A7B11A53CC8C70ADE6515EC78BAE4895DB992778883E0700CB907242D17643D7E2538BD869608875438BBAE38922CAC8F1BDD90DB4691A5E2F42C153326A951B95E398B3D1FE599322163C9AE9115F7A3D46ADA0A018778810
310
84E907617BDCEE297BC5BB3DC6BC2EF47FA234AB2745C9D8D8D035EE220B50105E2F0DC1954B9FB747187D9F9D8FA0CCDB042D5FA0C015C65B42DF78BD10F3F3B363CB56C7109DCFDFBBB97E662ED92EB62D13BC2E1BCAE5777DB9966D8A1F504B0304140006080800CC70623BAD7543B64E01000033030000300000006662
310
782F36394639363044362D344446342D343946362D394244322D3234314243333846323333332F636E782E786D6CD593CD6EC32010845F0571AD6CE3D48AD20813A9873E410FBD12D82434182C7EAAE6EDBB2424CD25871E7B41D6EC30B3FA84F9E67BB2E40B4234DE8DB46F1925E094D7C6ED479AD3AE5951B2113C789FEE
310
6C943839C1488B4C05DF079FE72A69D8C96C13AAD6B8631503449F83828872B949AC57D26200B826A308D316B4064D6E46FCDA41C05550DC9E483A00797BFD207EFB092A45DE9514C1BBD22178396BD39D891265658C238DEA00936C654E5E433CB65A26D9F6EDB5EBC14EBF49A45CB856E66048291F6939A9A81BB5C89177
310
38143CA680F4AA299D66A042CEB3354A2684DC9D8D178FE0D9B8B41CAAD720F880EE7EF93C0C18769E099ECC04D5A102C8049A8A05632F4DDF376CF1DE0F6BB65C2F8627B65A33C6BB62177CEBBDAD973006829F89F22E814B54F4BC2BE347F8AA8F681390B50FA73F804400B5F542E796F19FF974E7F78DB802FE05E20750
310
4B0304140006080800CC70623B8D05915C650500003B100000340000006662782F36394639363044362D344446342D343946362D394244322D3234314243333846323333332F6F626A656374732E786D6CAD575B6FA33814FE2B887D06429276DA1565D4266D158D3A339A6846FB502932E050B66023DB74D2FDF5FB190C01
310
9276B2973C046C8ECFF53B17071F77456EBD502133CEAE6CDF9DD81665314F32965ED995DA3A17B6F5310C04E7AA47665B8C14F4CAD6DB7618A48257A5D94AE89654B91AEDDEDDFC61C998326A5B714EA4BCB265FC440BE2924AF184CA6737218AB8E976E7FA6E4338649B0A523E8D98964450A6A029F619B8588D52FE7039
310
B1BD30F0F4F730D0FF866AF6369557DB33949F31A9088B0F848DD8CCFCF9F2767A76E99CCDE733677E3EF59D9BBB9BA5E37F984D16E78BC5E5F5ED25044B25C0C96822E8D60EEFE11B91C581D77CEA34368A1F5329E68CD1B8B61F16D63A1B8E092D294B10C78C4A48EB593D192E7DED9BDEE7995E1B91FDEDD3ACEA9FE831
310
6A756F9F7D4D79F4274C90A7A04248AA51D5F8C718DAE06FB2F75AC4796EBE65D22A88A22223B995679120E2D50E41AA49C260C046A35368846B0BECD0DFF3EBEB8AD4F835768F69B9ADF25C43D30E6B646F807FAA64AD59F61715C7A54127C4AACA98BA3006A9D792DAE165E0D59B61A01FB3A9F9D838D2DAE62445C86166
310
F37564E842E7DE6A69879FEEA2DD5AE7E371E1A5E025154AC307D06A03D73EB5978C58FFA4C8E9033066E0F3BD53BEC1F39F91BE7B55103791EDE6BBB991A2046172CB4581D8B893FA674DDA17A77B3B7C413D1B511FD2743BFF8A38F03A658705E3ADF8015C3A3417FF3D7E439FF591DA0B5F18BC20C1B8981957AE6392A3
310
F43C640C01D1A0B4728E2DD4F26DB4B3C3152A252A3B4E913CEC1C72F012782FF88EFF8637AA552DBEF76408E8A8DE9E50F9E1CB3A2DA0DB1B6039A893B56063DC5B3E3FFB5F72E67AB9FEB4AEC496C4F4C1149625DD662C53E89D7BF0F6151A046260D1337DFDC94502430F83B0EE07A130A224BCAD7DAE1D9FB6CD422FF6
310
920702629C4BB9AE79C12F243C6432A6794E18E5552BA56B431AAB5D91317302B2B071E86C3A42B1A02F999E24061403B5D0EB639195DA655DD3EBEAB4FB862DDF579F014AD0E73C22F99E28DA57FB98E75C6CA2D74D53086D600F4786E0FE3144B771A8A7B900F03594DB8A633CBC49B2EDB69228BB479CF863B5E807AAAB
310
23872F6DFEB4129B949CA33823F58830E86D65621E10047D9DB34D862E8EAC3C2ABC2F7B2C40D67CDFE01F5545B92105AF983AC54D93D69E56FB8E797F88913F898A9FEC705D3F9D1B54EC8426FB500D40A03BD0119B06E1B95DDC7EB8F6975367793EBD70E66733DFB9BC982F9CE564727731999F5D4ECFCE3B8D6A4DC2A0
310
6D50FD148437D110834A64C6CDDF57FBACB5C307A2A477DFE4939736CFEF2B175371E0E10CF0DD1D5C15654E0BCA14D1E87DD02FF93782A162C0A3D95F1524A52770F972BF1EE9809D13CE7DD599467F8ECE9ADD85CE85A34CD45355448C64F9E8A031DC2D596ACC6E5DD93D9B82DE2EF5CAF81363A8E47996A0DE24564A79
310
4115AACE09C55E14540231FDA13C319787134EBF34E3A022514E5B4D9E0826E25C02D5805B15ABE1BEF51B26383D445DD9E875EE33FE4C22DA16427D65A3BCA92CA6D28DD01DF5DC53330704308475351050232CCD31583787BA75774AFB06E5070DD0C8EF484E19968C5D83BA5B90B244D31E54D55A372320FE4786B7EA58
310
44E135AA5467CB7EA333A61683CC6A8C3257034C10CF46F40EF9F5BE59BE5BD30C3C72D235E95D10345C1D45445A5F0BB47E46A5EBE5570F9380B5FA629579952296A773720405982B9DE04011506178964401AA8BDF1FBF0A8EAB6861DD6580C0E38217056766716DAEB2D6FA0917D3E4116581EADB879C4E7CFFB11EFACD
310
3D641311495D92C8676CB409A72D18610D803CE8A626049E8EC1887CB5B44CC39883690DDA8399B4B9855B481E7D71D4A9D22F96E5BB73BF5793020C02137BF837504B0304140006080000CC70623B000000000000000000000000350000006662782F36394639363044362D344446342D343946362D394244322D32343142
310
43333846323333332F76657274696365732E62696E504B0304140006080800CC70623BF270F1330600000004000000360000006662782F36394639363044362D344446342D343946362D394244322D3234314243333846323333332F747269616E676C65732E62696E636660600000504B0304140006080000CC70623B0000
310
00000000000000000000370000006662782F36394639363044362D344446342D343946362D394244322D3234314243333846323333332F617474726962757465732E62696E504B0304140006080800CC70623B08DA0BD19000000041010000360000006662782F36394639363044362D344446342D343946362D394244322D
310
3234314243333846323333332F6469726563746F72792E786D6C858F410AC3201045AF22B36F53E9A60B35CBEEBAE80D244E44489C6234F4F835464A48035D0DF398FF9F8AF63D0E6CC63039F212F8F9020C7D47C6792B21C5FE7403D62A1188E2E60C98D7234A5830286103A55745067B9D86B8A3CF9C7F90C11DE607FB14
310
4396D7B6A82D282E9A152AD114D5EF2CB866EEE831B8EEA07A7BB5A8D7D61A2BAAEB7FD5F70921FF497D00504B0304140006080800CC70623BCA768048FE000000A00100003B0000006662782F36394639363044362D344446342D343946362D394244322D3234314243333846323333332F7265736F75726365732F636F72
310
652E786D6C8D50596E833010BD0A9ADFCA60D600328E9AA639412F609909B1126CE4A5EAF16B0295DABFFECC8CDEA2797AECF8353F924FB44E193D409E5248504B332A3D0D10FC95B4901C39B3C6F85F3248B49871801506CE266BC2B243D2688FDA47549B11775038871E12F988C7004EDE7016A9083E2ADC3D5D84BC8B09
310
D33C8D74D471E6BC8D0192EDC93A815B742658898E651BCB59086ADC356A8C3FD555A1055ED7E7E254D615792D0F075295F585746FF53B694EE78A565DD736979A65AB9933AFE69F8CD2A2F038022F28ED489E135A7CE4554F9BBEA85E68DB53CAB255FEC71496F19FA6A0B42F8B3DEE6673C0F318E4497096AD7DC5F52C33
310
EEB55BFE0D504B010214000A0000080000CC70623B3DEE336E79000000790000001B00000000000000000000000000000000006175746F6465736B2D64657369676E2D7061636B6167652E786D6C504B01021400140006080800CC70623BD486FD9CA0000000F40000001300000000000000000000000000B20000005B436F
310
6E74656E745F54797065735D2E786D6C504B01021400140006080800CC70623BD9DDAED0EC0000007C010000080000000000000000000000000083010000636F72652E786D6C504B01021400140006080800CC70623B55019EA25F0000007C000000070000000000000000000000000095020000636E782E786D6C504B0102
310
1400140006080800CC70623BA24EB22D72010000D40300000C00000000000000000000000000190300006662782F636F72652E786D6C504B01021400140006080800CC70623B408A7D3B7C0000009D0000000B00000000000000000000000000B50400006662782F636E782E786D6C504B01021400140006080800CC70623B
310
449FB9BD290100001202000031000000000000000000000000005A0500006662782F36394639363044362D344446342D343946362D394244322D3234314243333846323333332F636F72652E786D6C504B01021400140006080800CC70623BAD7543B64E010000330300003000000000000000000000000000D20600006662
310
782F36394639363044362D344446342D343946362D394244322D3234314243333846323333332F636E782E786D6C504B01021400140006080800CC70623B8D05915C650500003B10000034000000000000000000000000006E0800006662782F36394639363044362D344446342D343946362D394244322D32343142433338
310
46323333332F6F626A656374732E786D6C504B01021400140006080000CC70623B0000000000000000000000003500000000000000000000000000250E00006662782F36394639363044362D344446342D343946362D394244322D3234314243333846323333332F76657274696365732E62696E504B010214001400060808
310
00CC70623BF270F13306000000040000003600000000000000000000000000780E00006662782F36394639363044362D344446342D343946362D394244322D3234314243333846323333332F747269616E676C65732E62696E504B01021400140006080000CC70623B00000000000000000000000037000000000000000000
310
00000000D20E00006662782F36394639363044362D344446342D343946362D394244322D3234314243333846323333332F617474726962757465732E62696E504B01021400140006080800CC70623B08DA0BD190000000410100003600000000000000000000000000270F00006662782F36394639363044362D344446342D
310
343946362D394244322D3234314243333846323333332F6469726563746F72792E786D6C504B01021400140006080800CC70623BCA768048FE000000A00100003B000000000000000000000000000B1000006662782F36394639363044362D344446342D343946362D394244322D3234314243333846323333332F7265736F
310
75726365732F636F72652E786D6C504B0506000000000E000E0080040000621100000000
  0
XRECORD
  5
176
102
{ACAD_REACTORS
330
173
102
}
330
173
100
AcDbXrecord
280
     1
270
     1
271
     1
  0
XRECORD
  5
177
102
{ACAD_REACTORS
330
173
102
}
330
173
100
AcDbXrecord
280
     1
270
     1
271
     1
  0
CELLSTYLEMAP
  5
566
102
{ACAD_REACTORS
330
162
102
}
330
162
100
AcDbCellStyleMap
 90
        3
300
CELLSTYLE
  1
TABLEFORMAT_BEGIN
 90
        5
170
     1
 91
        0
 92
    32768
 62
   257
 93
        1
300
CONTENTFORMAT
  1
CONTENTFORMAT_BEGIN
 90
        0
 91
        0
 92
      512
 93
        0
300

 40
0.0
140
1.0
 94
        5
 62
     0
340
11
144
6.0
309
CONTENTFORMAT_END
171
     1
301
MARGIN
  1
CELLMARGIN_BEGIN
 40
1.5
 40
1.5
 40
1.5
 40
1.5
 40
4.5
 40
4.5
309
CELLMARGIN_END
 94
        6
 95
        1
302
GRIDFORMAT
  1
GRIDFORMAT_BEGIN
 90
        0
 91
        1
 62
     0
 92
       -2
340
14
 93
        0
 40
1.125
309
GRIDFORMAT_END
 95
        2
302
GRIDFORMAT
  1
GRIDFORMAT_BEGIN
 90
        0
 91
        1
 62
     0
 92
       -2
340
14
 93
        0
 40
1.125
309
GRIDFORMAT_END
 95
        4
302
GRIDFORMAT
  1
GRIDFORMAT_BEGIN
 90
        0
 91
        1
 62
     0
 92
       -2
340
14
 93
        0
 40
1.125
309
GRIDFORMAT_END
 95
        8
302
GRIDFORMAT
  1
GRIDFORMAT_BEGIN
 90
        0
 91
        1
 62
     0
 92
       -2
340
14
 93
        0
 40
1.125
309
GRIDFORMAT_END
 95
       16
302
GRIDFORMAT
  1
GRIDFORMAT_BEGIN
 90
        0
 91
        1
 62
     0
 92
       -2
340
14
 93
        0
 40
1.125
309
GRIDFORMAT_END
 95
       32
302
GRIDFORMAT
  1
GRIDFORMAT_BEGIN
 90
        0
 91
        1
 62
     0
 92
       -2
340
14
 93
        0
 40
1.125
309
GRIDFORMAT_END
309
TABLEFORMAT_END
  1
CELLSTYLE_BEGIN
 90
        1
 91
        1
300
_TITLE
309
CELLSTYLE_END
300
CELLSTYLE
  1
TABLEFORMAT_BEGIN
 90
        5
170
     1
 91
        0
 92
        0
 62
   257
 93
        1
300
CONTENTFORMAT
  1
CONTENTFORMAT_BEGIN
 90
        0
 91
        0
 92
      512
 93
        0
300

 40
0.0
140
1.0
 94
        5
 62
     0
340
11
144
4.5
309
CONTENTFORMAT_END
171
     1
301
MARGIN
  1
CELLMARGIN_BEGIN
 40
1.5
 40
1.5
 40
1.5
 40
1.5
 40
4.5
 40
4.5
309
CELLMARGIN_END
 94
        6
 95
        1
302
GRIDFORMAT
  1
GRIDFORMAT_BEGIN
 90
        0
 91
        1
 62
     0
 92
       -2
340
14
 93
        0
 40
1.125
309
GRIDFORMAT_END
 95
        2
302
GRIDFORMAT
  1
GRIDFORMAT_BEGIN
 90
        0
 91
        1
 62
     0
 92
       -2
340
14
 93
        0
 40
1.125
309
GRIDFORMAT_END
 95
        4
302
GRIDFORMAT
  1
GRIDFORMAT_BEGIN
 90
        0
 91
        1
 62
     0
 92
       -2
340
14
 93
        0
 40
1.125
309
GRIDFORMAT_END
 95
        8
302
GRIDFORMAT
  1
GRIDFORMAT_BEGIN
 90
        0
 91
        1
 62
     0
 92
       -2
340
14
 93
        0
 40
1.125
309
GRIDFORMAT_END
 95
       16
302
GRIDFORMAT
  1
GRIDFORMAT_BEGIN
 90
        0
 91
        1
 62
     0
 92
       -2
340
14
 93
        0
 40
1.125
309
GRIDFORMAT_END
 95
       32
302
GRIDFORMAT
  1
GRIDFORMAT_BEGIN
 90
        0
 91
        1
 62
     0
 92
       -2
340
14
 93
        0
 40
1.125
309
GRIDFORMAT_END
309
TABLEFORMAT_END
  1
CELLSTYLE_BEGIN
 90
        2
 91
        1
300
_HEADER
309
CELLSTYLE_END
300
CELLSTYLE
  1
TABLEFORMAT_BEGIN
 90
        5
170
     1
 91
        0
 92
        0
 62
   257
 93
        1
300
CONTENTFORMAT
  1
CONTENTFORMAT_BEGIN
 90
        0
 91
        0
 92
      512
 93
        0
300

 40
0.0
140
1.0
 94
        2
 62
     0
340
11
144
4.5
309
CONTENTFORMAT_END
171
     1
301
MARGIN
  1
CELLMARGIN_BEGIN
 40
1.5
 40
1.5
 40
1.5
 40
1.5
 40
4.5
 40
4.5
309
CELLMARGIN_END
 94
        6
 95
        1
302
GRIDFORMAT
  1
GRIDFORMAT_BEGIN
 90
        0
 91
        1
 62
     0
 92
       -2
340
14
 93
        0
 40
1.125
309
GRIDFORMAT_END
 95
        2
302
GRIDFORMAT
  1
GRIDFORMAT_BEGIN
 90
        0
 91
        1
 62
     0
 92
       -2
340
14
 93
        0
 40
1.125
309
GRIDFORMAT_END
 95
        4
302
GRIDFORMAT
  1
GRIDFORMAT_BEGIN
 90
        0
 91
        1
 62
     0
 92
       -2
340
14
 93
        0
 40
1.125
309
GRIDFORMAT_END
 95
        8
302
GRIDFORMAT
  1
GRIDFORMAT_BEGIN
 90
        0
 91
        1
 62
     0
 92
       -2
340
14
 93
        0
 40
1.125
309
GRIDFORMAT_END
 95
       16
302
GRIDFORMAT
  1
GRIDFORMAT_BEGIN
 90
        0
 91
        1
 62
     0
 92
       -2
340
14
 93
        0
 40
1.125
309
GRIDFORMAT_END
 95
       32
302
GRIDFORMAT
  1
GRIDFORMAT_BEGIN
 90
        0
 91
        1
 62
     0
 92
       -2
340
14
 93
        0
 40
1.125
309
GRIDFORMAT_END
309
TABLEFORMAT_END
  1
CELLSTYLE_BEGIN
 90
        3
 91
        2
300
_DATA
309
CELLSTYLE_END
  0
ACDBASSOCGEOMDEPENDENCY
  5
4C9
330
451
100
AcDbAssocDependency
 90
        2
 90
        0
290
     1
290
     1
290
     1
290
     1
 90
   -10000
330
393
290
     0
330
0
330
0
360
0
 90
      120
100
AcDbAssocGeomDependency
 90
        0
290
     1
  1
AcDbAssocSingleEdgePersSubentId
290
     0
  0
ACDBASSOCGEOMDEPENDENCY
  5
454
330
451
100
AcDbAssocDependency
 90
        2
 90
        0
290
     1
290
     1
290
     1
290
     1
 90
   -10000
330
410
290
     0
330
0
330
0
360
0
 90
        3
100
AcDbAssocGeomDependency
 90
        0
290
     1
  1
AcDbAssocSingleEdgePersSubentId
290
     0
  0
ACDBASSOCGEOMDEPENDENCY
  5
45C
330
451
100
AcDbAssocDependency
 90
        2
 90
        0
290
     1
290
     1
290
     1
290
     1
 90
   -10000
330
408
290
     0
330
0
330
0
360
0
 90
       11
100
AcDbAssocGeomDependency
 90
        0
290
     1
  1
AcDbAssocSingleEdgePersSubentId
290
     0
  0
ACDBASSOCGEOMDEPENDENCY
  5
458
330
451
100
AcDbAssocDependency
 90
        2
 90
        0
290
     1
290
     1
290
     1
290
     1
 90
   -10000
330
40C
290
     0
330
0
330
0
360
0
 90
        7
100
AcDbAssocGeomDependency
 90
        0
290
     1
  1
AcDbAssocSingleEdgePersSubentId
290
     0
  0
ACDBASSOCGEOMDEPENDENCY
  5
45D
330
451
100
AcDbAssocDependency
 90
        2
 90
        0
290
     1
290
     1
290
     1
290
     1
 90
   -10000
330
407
290
     0
330
0
330
0
360
0
 90
       12
100
AcDbAssocGeomDependency
 90
        0
290
     1
  1
AcDbAssocSingleEdgePersSubentId
290
     0
  0
ACDBASSOCGEOMDEPENDENCY
  5
455
330
451
100
AcDbAssocDependency
 90
        2
 90
        0
290
     1
290
     1
290
     1
290
     1
 90
   -10000
330
40F
290
     0
330
0
330
0
360
0
 90
        4
100
AcDbAssocGeomDependency
 90
        0
290
     1
  1
AcDbAssocSingleEdgePersSubentId
290
     0
  0
ACDBASSOCGEOMDEPENDENCY
  5
459
330
451
100
AcDbAssocDependency
 90
        2
 90
        0
290
     1
290
     1
290
     1
290
     1
 90
   -10000
330
40B
290
     0
330
0
330
0
360
0
 90
        8
100
AcDbAssocGeomDependency
 90
        0
290
     1
  1
AcDbAssocSingleEdgePersSubentId
290
     0
  0
ACDBASSOCGEOMDEPENDENCY
  5
45A
330
451
100
AcDbAssocDependency
 90
        2
 90
        0
290
     1
290
     1
290
     1
290
     1
 90
   -10000
330
40A
290
     0
330
0
330
0
360
0
 90
        9
100
AcDbAssocGeomDependency
 90
        0
290
     1
  1
AcDbAssocSingleEdgePersSubentId
290
     0
  0
ACDBASSOCGEOMDEPENDENCY
  5
456
330
451
100
AcDbAssocDependency
 90
        2
 90
        0
290
     1
290
     1
290
     1
290
     1
 90
   -10000
330
40E
290
     0
330
0
330
0
360
0
 90
        5
100
AcDbAssocGeomDependency
 90
        0
290
     1
  1
AcDbAssocSingleEdgePersSubentId
290
     0
  0
ACDBASSOCGEOMDEPENDENCY
  5
45E
330
451
100
AcDbAssocDependency
 90
        2
 90
        0
290
     1
290
     1
290
     1
290
     1
 90
   -10000
330
406
290
     0
330
0
330
0
360
0
 90
       13
100
AcDbAssocGeomDependency
 90
        0
290
     1
  1
AcDbAssocSingleEdgePersSubentId
290
     0
  0
ACDBASSOCGEOMDEPENDENCY
  5
452
330
451
100
AcDbAssocDependency
 90
        2
 90
        0
290
     1
290
     1
290
     1
290
     1
 90
   -10000
330
412
290
     0
330
0
330
0
360
0
 90
        1
100
AcDbAssocGeomDependency
 90
        0
290
     1
  1
AcDbAssocSingleEdgePersSubentId
290
     0
  0
ACDBASSOCGEOMDEPENDENCY
  5
4CB
330
451
100
AcDbAssocDependency
 90
        2
 90
        0
290
     1
290
     1
290
     1
290
     1
 90
   -10000
330
391
290
     0
330
0
330
0
360
0
 90
      122
100
AcDbAssocGeomDependency
 90
        0
290
     1
  1
AcDbAssocSingleEdgePersSubentId
290
     0
  0
ACDBASSOCGEOMDEPENDENCY
  5
457
330
451
100
AcDbAssocDependency
 90
        2
 90
        0
290
     1
290
     1
290
     1
290
     1
 90
   -10000
330
40D
290
     0
330
0
330
0
360
0
 90
        6
100
AcDbAssocGeomDependency
 90
        0
290
     1
  1
AcDbAssocSingleEdgePersSubentId
290
     0
  0
ACDBASSOCGEOMDEPENDENCY
  5
453
330
451
100
AcDbAssocDependency
 90
        2
 90
        0
290
     1
290
     1
290
     1
290
     1
 90
   -10000
330
411
290
     0
330
0
330
0
360
0
 90
        2
100
AcDbAssocGeomDependency
 90
        0
290
     1
  1
AcDbAssocSingleEdgePersSubentId
290
     0
  0
ACDBASSOCGEOMDEPENDENCY
  5
45B
330
451
100
AcDbAssocDependency
 90
        2
 90
        0
290
     1
290
     1
290
     1
290
     1
 90
   -10000
330
409
290
     0
330
0
330
0
360
0
 90
       10
100
AcDbAssocGeomDependency
 90
        0
290
     1
  1
AcDbAssocSingleEdgePersSubentId
290
     0
  0
ACDBASSOCGEOMDEPENDENCY
  5
45F
330
451
100
AcDbAssocDependency
 90
        2
 90
        0
290
     1
290
     1
290
     1
290
     1
 90
   -10000
330
405
290
     0
330
0
330
0
360
0
 90
       14
100
AcDbAssocGeomDependency
 90
        0
290
     1
  1
AcDbAssocSingleEdgePersSubentId
290
     0
  0
ACDBASSOCGEOMDEPENDENCY
  5
4A6
330
451
100
AcDbAssocDependency
 90
        2
 90
        0
290
     1
290
     1
290
     1
290
     1
 90
   -10000
330
3BC
290
     0
330
0
330
0
360
0
 90
       85
100
AcDbAssocGeomDependency
 90
        0
290
     1
  1
AcDbAssocSingleEdgePersSubentId
290
     0
  0
ACDBASSOCGEOMDEPENDENCY
  5
4D2
330
451
100
AcDbAssocDependency
 90
        2
 90
        0
290
     1
290
     1
290
     1
290
     1
 90
   -10000
330
389
290
     0
330
0
330
0
360
0
 90
      129
100
AcDbAssocGeomDependency
 90
        0
290
     1
  1
AcDbAssocSingleEdgePersSubentId
290
     0
  0
ACDBASSOCGEOMDEPENDENCY
  5
460
330
451
100
AcDbAssocDependency
 90
        2
 90
        0
290
     1
290
     1
290
     1
290
     1
 90
   -10000
330
404
290
     0
330
0
330
0
360
0
 90
       15
100
AcDbAssocGeomDependency
 90
        0
290
     1
  1
AcDbAssocSingleEdgePersSubentId
290
     0
  0
ACDBASSOCGEOMDEPENDENCY
  5
464
330
451
100
AcDbAssocDependency
 90
        2
 90
        0
290
     1
290
     1
290
     1
290
     1
 90
   -10000
330
400
290
     0
330
0
330
0
360
0
 90
       19
100
AcDbAssocGeomDependency
 90
        0
290
     1
  1
AcDbAssocSingleEdgePersSubentId
290
     0
  0
ACDBASSOCGEOMDEPENDENCY
  5
468
330
451
100
AcDbAssocDependency
 90
        2
 90
        0
290
     1
290
     1
290
     1
290
     1
 90
   -10000
330
3FC
290
     0
330
0
330
0
360
0
 90
       23
100
AcDbAssocGeomDependency
 90
        0
290
     1
  1
AcDbAssocSingleEdgePersSubentId
290
     0
  0
ACDBASSOCGEOMDEPENDENCY
  5
46C
330
451
100
AcDbAssocDependency
 90
        2
 90
        0
290
     1
290
     1
290
     1
290
     1
 90
   -10000
330
3F8
290
     0
330
0
330
0
360
0
 90
       27
100
AcDbAssocGeomDependency
 90
        0
290
     1
  1
AcDbAssocSingleEdgePersSubentId
290
     0
  0
ACDBASSOCGEOMDEPENDENCY
  5
4D9
330
451
100
AcDbAssocDependency
 90
        2
 90
        0
290
     1
290
     1
290
     1
290
     1
 90
   -10000
330
382
290
     0
330
0
330
0
360
0
 90
      136
100
AcDbAssocGeomDependency
 90
        0
290
     1
  1
AcDbAssocSingleEdgePersSubentId
290
     0
  0
ACDBASSOCGEOMDEPENDENCY
  5
4E0
330
451
100
AcDbAssocDependency
 90
        2
 90
        0
290
     1
290
     1
290
     1
290
     1
 90
   -10000
330
37B
290
     0
330
0
330
0
360
0
 90
      143
100
AcDbAssocGeomDependency
 90
        0
290
     1
  1
AcDbAssocSingleEdgePersSubentId
290
     0
  0
ACDBASSOCGEOMDEPENDENCY
  5
461
330
451
100
AcDbAssocDependency
 90
        2
 90
        0
290
     1
290
     1
290
     1
290
     1
 90
   -10000
330
403
290
     0
330
0
330
0
360
0
 90
       16
100
AcDbAssocGeomDependency
 90
        0
290
     1
  1
AcDbAssocSingleEdgePersSubentId
290
     0
  0
ACDBASSOCGEOMDEPENDENCY
  5
465
330
451
100
AcDbAssocDependency
 90
        2
 90
        0
290
     1
290
     1
290
     1
290
     1
 90
   -10000
330
3FF
290
     0
330
0
330
0
360
0
 90
       20
100
AcDbAssocGeomDependency
 90
        0
290
     1
  1
AcDbAssocSingleEdgePersSubentId
290
     0
  0
ACDBASSOCGEOMDEPENDENCY
  5
469
330
451
100
AcDbAssocDependency
 90
        2
 90
        0
290
     1
290
     1
290
     1
290
     1
 90
   -10000
330
3FB
290
     0
330
0
330
0
360
0
 90
       24
100
AcDbAssocGeomDependency
 90
        0
290
     1
  1
AcDbAssocSingleEdgePersSubentId
290
     0
  0
ACDBASSOCGEOMDEPENDENCY
  5
46D
330
451
100
AcDbAssocDependency
 90
        2
 90
        0
290
     1
290
     1
290
     1
290
     1
 90
   -10000
330
3F7
290
     0
330
0
330
0
360
0
 90
       28
100
AcDbAssocGeomDependency
 90
        0
290
     1
  1
AcDbAssocSingleEdgePersSubentId
290
     0
  0
ACDBASSOCGEOMDEPENDENCY
  5
462
330
451
100
AcDbAssocDependency
 90
        2
 90
        0
290
     1
290
     1
290
     1
290
     1
 90
   -10000
330
402
290
     0
330
0
330
0
360
0
 90
       17
100
AcDbAssocGeomDependency
 90
        0
290
     1
  1
AcDbAssocSingleEdgePersSubentId
290
     0
  0
ACDBASSOCGEOMDEPENDENCY
  5
466
330
451
100
AcDbAssocDependency
 90
        2
 90
        0
290
     1
290
     1
290
     1
290
     1
 90
   -10000
330
3FE
290
     0
330
0
330
0
360
0
 90
       21
100
AcDbAssocGeomDependency
 90
        0
290
     1
  1
AcDbAssocSingleEdgePersSubentId
290
     0
  0
ACDBASSOCGEOMDEPENDENCY
  5
46A
330
451
100
AcDbAssocDependency
 90
        2
 90
        0
290
     1
290
     1
290
     1
290
     1
 90
   -10000
330
3FA
290
     0
330
0
330
0
360
0
 90
       25
100
AcDbAssocGeomDependency
 90
        0
290
     1
  1
AcDbAssocSingleEdgePersSubentId
290
     0
  0
ACDBASSOCGEOMDEPENDENCY
  5
46E
330
451
100
AcDbAssocDependency
 90
        2
 90
        0
290
     1
290
     1
290
     1
290
     1
 90
   -10000
330
3F6
290
     0
330
0
330
0
360
0
 90
       29
100
AcDbAssocGeomDependency
 90
        0
290
     1
  1
AcDbAssocSingleEdgePersSubentId
290
     0
  0
ACDBASSOCGEOMDEPENDENCY
  5
4DB
330
451
100
AcDbAssocDependency
 90
        2
 90
        0
290
     1
290
     1
290
     1
290
     1
 90
   -10000
330
380
290
     0
330
0
330
0
360
0
 90
      138
100
AcDbAssocGeomDependency
 90
        0
290
     1
  1
AcDbAssocSingleEdgePersSubentId
290
     0
  0
ACDBASSOCGEOMDEPENDENCY
  5
4E2
330
451
100
AcDbAssocDependency
 90
        2
 90
        0
290
     1
290
     1
290
     1
290
     1
 90
   -10000
330
379
290
     0
330
0
330
0
360
0
 90
      145
100
AcDbAssocGeomDependency
 90
        0
290
     1
  1
AcDbAssocSingleEdgePersSubentId
290
     0
  0
ACDBASSOCGEOMDEPENDENCY
  5
463
330
451
100
AcDbAssocDependency
 90
        2
 90
        0
290
     1
290
     1
290
     1
290
     1
 90
   -10000
330
401
290
     0
330
0
330
0
360
0
 90
       18
100
AcDbAssocGeomDependency
 90
        0
290
     1
  1
AcDbAssocSingleEdgePersSubentId
290
     0
  0
ACDBASSOCGEOMDEPENDENCY
  5
467
330
451
100
AcDbAssocDependency
 90
        2
 90
        0
290
     1
290
     1
290
     1
290
     1
 90
   -10000
330
3FD
290
     0
330
0
330
0
360
0
 90
       22
100
AcDbAssocGeomDependency
 90
        0
290
     1
  1
AcDbAssocSingleEdgePersSubentId
290
     0
  0
ACDBASSOCGEOMDEPENDENCY
  5
46B
330
451
100
AcDbAssocDependency
 90
        2
 90
        0
290
     1
290
     1
290
     1
290
     1
 90
   -10000
330
3F9
290
     0
330
0
330
0
360
0
 90
       26
100
AcDbAssocGeomDependency
 90
        0
290
     1
  1
AcDbAssocSingleEdgePersSubentId
290
     0
  0
ACDBASSOCGEOMDEPENDENCY
  5
46F
330
451
100
AcDbAssocDependency
 90
        2
 90
        0
290
     1
290
     1
290
     1
290
     1
 90
   -10000
330
3F5
290
     0
330
0
330
0
360
0
 90
       30
100
AcDbAssocGeomDependency
 90
        0
290
     1
  1
AcDbAssocSingleEdgePersSubentId
290
     0
  0
ACDBASSOCGEOMDEPENDENCY
  5
4AE
330
451
100
AcDbAssocDependency
 90
        2
 90
        0
290
     1
290
     1
290
     1
290
     1
 90
   -10000
330
3B4
290
     0
330
0
330
0
360
0
 90
       93
100
AcDbAssocGeomDependency
 90
        0
290
     1
  1
AcDbAssocSingleEdgePersSubentId
290
     0
  0
ACDBASSOCGEOMDEPENDENCY
  5
470
330
451
100
AcDbAssocDependency
 90
        2
 90
        0
290
     1
290
     1
290
     1
290
     1
 90
   -10000
330
3F4
290
     0
330
0
330
0
360
0
 90
       31
100
AcDbAssocGeomDependency
 90
        0
290
     1
  1
AcDbAssocSingleEdgePersSubentId
290
     0
  0
ACDBASSOCGEOMDEPENDENCY
  5
474
330
451
100
AcDbAssocDependency
 90
        2
 90
        0
290
     1
290
     1
290
     1
290
     1
 90
   -10000
330
3F0
290
     0
330
0
330
0
360
0
 90
       35
100
AcDbAssocGeomDependency
 90
        0
290
     1
  1
AcDbAssocSingleEdgePersSubentId
290
     0
  0
ACDBASSOCGEOMDEPENDENCY
  5
478
330
451
100
AcDbAssocDependency
 90
        2
 90
        0
290
     1
290
     1
290
     1
290
     1
 90
   -10000
330
3EB
290
     0
330
0
330
0
360
0
 90
       39
100
AcDbAssocGeomDependency
 90
        0
290
     1
  1
AcDbAssocSingleEdgePersSubentId
290
     0
  0
ACDBASSOCGEOMDEPENDENCY
  5
47C
330
451
100
AcDbAssocDependency
 90
        2
 90
        0
290
     1
290
     1
290
     1
290
     1
 90
   -10000
330
3E7
290
     0
330
0
330
0
360
0
 90
       43
100
AcDbAssocGeomDependency
 90
        0
290
     1
  1
AcDbAssocSingleEdgePersSubentId
290
     0
  0
ACDBASSOCGEOMDEPENDENCY
  5
486
330
451
100
AcDbAssocDependency
 90
        2
 90
        0
290
     1
290
     1
290
     1
290
     1
 90
   -10000
330
3DD
290
     0
330
0
330
0
360
0
 90
       53
100
AcDbAssocGeomDependency
 90
        0
290
     1
  1
AcDbAssocSingleEdgePersSubentId
290
     0
  0
ACDBASSOCGEOMDEPENDENCY
  5
4E9
330
451
100
AcDbAssocDependency
 90
        2
 90
        0
290
     1
290
     1
290
     1
290
     1
 90
   -10000
330
359
290
     0
330
0
330
0
360
0
 90
      152
100
AcDbAssocGeomDependency
 90
        0
290
     1
  1
AcDbAssocSingleEdgePersSubentId
290
     0
  0
ACDBASSOCGEOMDEPENDENCY
  5
4A9
330
451
100
AcDbAssocDependency
 90
        2
 90
        0
290
     1
290
     1
290
     1
290
     1
 90
   -10000
330
3B9
290
     0
330
0
330
0
360
0
 90
       88
100
AcDbAssocGeomDependency
 90
        0
290
     1
  1
AcDbAssocSingleEdgePersSubentId
290
     0
  0
ACDBASSOCGEOMDEPENDENCY
  5
4B1
330
451
100
AcDbAssocDependency
 90
        2
 90
        0
290
     1
290
     1
290
     1
290
     1
 90
   -10000
330
3B1
290
     0
330
0
330
0
360
0
 90
       96
100
AcDbAssocGeomDependency
 90
        0
290
     1
  1
AcDbAssocSingleEdgePersSubentId
290
     0
  0
ACDBASSOCGEOMDEPENDENCY
  5
48B
330
451
100
AcDbAssocDependency
 90
        2
 90
        0
290
     1
290
     1
290
     1
290
     1
 90
   -10000
330
3D8
290
     0
330
0
330
0
360
0
 90
       58
100
AcDbAssocGeomDependency
 90
        0
290
     1
  1
AcDbAssocSingleEdgePersSubentId
290
     0
  0
ACDBASSOCGEOMDEPENDENCY
  5
4F0
330
451
100
AcDbAssocDependency
 90
        2
 90
        0
290
     1
290
     1
290
     1
290
     1
 90
   -10000
330
352
290
     0
330
0
330
0
360
0
 90
      159
100
AcDbAssocGeomDependency
 90
        0
290
     1
  1
AcDbAssocSingleEdgePersSubentId
290
     0
  0
ACDBASSOCGEOMDEPENDENCY
  5
471
330
451
100
AcDbAssocDependency
 90
        2
 90
        0
290
     1
290
     1
290
     1
290
     1
 90
   -10000
330
3F3
290
     0
330
0
330
0
360
0
 90
       32
100
AcDbAssocGeomDependency
 90
        0
290
     1
  1
AcDbAssocSingleEdgePersSubentId
290
     0
  0
ACDBASSOCGEOMDEPENDENCY
  5
4F8
330
451
100
AcDbAssocDependency
 90
        2
 90
        0
290
     1
290
     1
290
     1
290
     1
 90
   -10000
330
349
290
     0
330
0
330
0
360
0
 90
      167
100
AcDbAssocGeomDependency
 90
        0
290
     1
  1
AcDbAssocSingleEdgePersSubentId
290
     0
  0
ACDBASSOCGEOMDEPENDENCY
  5
475
330
451
100
AcDbAssocDependency
 90
        2
 90
        0
290
     1
290
     1
290
     1
290
     1
 90
   -10000
330
3EF
290
     0
330
0
330
0
360
0
 90
       36
100
AcDbAssocGeomDependency
 90
        0
290
     1
  1
AcDbAssocSingleEdgePersSubentId
290
     0
  0
ACDBASSOCGEOMDEPENDENCY
  5
479
330
451
100
AcDbAssocDependency
 90
        2
 90
        0
290
     1
290
     1
290
     1
290
     1
 90
   -10000
330
3EA
290
     0
330
0
330
0
360
0
 90
       40
100
AcDbAssocGeomDependency
 90
        0
290
     1
  1
AcDbAssocSingleEdgePersSubentId
290
     0
  0
ACDBASSOCGEOMDEPENDENCY
  5
47D
330
451
100
AcDbAssocDependency
 90
        2
 90
        0
290
     1
290
     1
290
     1
290
     1
 90
   -10000
330
3E6
290
     0
330
0
330
0
360
0
 90
       44
100
AcDbAssocGeomDependency
 90
        0
290
     1
  1
AcDbAssocSingleEdgePersSubentId
290
     0
  0
ACDBASSOCGEOMDEPENDENCY
  5
4B4
330
451
100
AcDbAssocDependency
 90
        2
 90
        0
290
     1
290
     1
290
     1
290
     1
 90
   -10000
330
3AD
290
     0
330
0
330
0
360
0
 90
       99
100
AcDbAssocGeomDependency
 90
        0
290
     1
  1
AcDbAssocSingleEdgePersSubentId
290
     0
  0
ACDBASSOCGEOMDEPENDENCY
  5
4A8
330
451
100
AcDbAssocDependency
 90
        2
 90
        0
290
     1
290
     1
290
     1
290
     1
 90
   -10000
330
3BA
290
     0
330
0
330
0
360
0
 90
       87
100
AcDbAssocGeomDependency
 90
        0
290
     1
  1
AcDbAssocSingleEdgePersSubentId
290
     0
  0
ACDBASSOCGEOMDEPENDENCY
  5
472
330
451
100
AcDbAssocDependency
 90
        2
 90
        0
290
     1
290
     1
290
     1
290
     1
 90
   -10000
330
3F2
290
     0
330
0
330
0
360
0
 90
       33
100
AcDbAssocGeomDependency
 90
        0
290
     1
  1
AcDbAssocSingleEdgePersSubentId
290
     0
  0
ACDBASSOCGEOMDEPENDENCY
  5
47A
330
451
100
AcDbAssocDependency
 90
        2
 90
        0
290
     1
290
     1
290
     1
290
     1
 90
   -10000
330
3E9
290
     0
330
0
330
0
360
0
 90
       41
100
AcDbAssocGeomDependency
 90
        0
290
     1
  1
AcDbAssocSingleEdgePersSubentId
290
     0
  0
ACDBASSOCGEOMDEPENDENCY
  5
47E
330
451
100
AcDbAssocDependency
 90
        2
 90
        0
290
     1
290
     1
290
     1
290
     1
 90
   -10000
330
3E5
290
     0
330
0
330
0
360
0
 90
       45
100
AcDbAssocGeomDependency
 90
        0
290
     1
  1
AcDbAssocSingleEdgePersSubentId
290
     0
  0
ACDBASSOCGEOMDEPENDENCY
  5
4EB
330
451
100
AcDbAssocDependency
 90
        2
 90
        0
290
     1
290
     1
290
     1
290
     1
 90
   -10000
330
357
290
     0
330
0
330
0
360
0
 90
      154
100
AcDbAssocGeomDependency
 90
        0
290
     1
  1
AcDbAssocSingleEdgePersSubentId
290
     0
  0
ACDBASSOCGEOMDEPENDENCY
  5
480
330
451
100
AcDbAssocDependency
 90
        2
 90
        0
290
     1
290
     1
290
     1
290
     1
 90
   -10000
330
3E3
290
     0
330
0
330
0
360
0
 90
       47
100
AcDbAssocGeomDependency
 90
        0
290
     1
  1
AcDbAssocSingleEdgePersSubentId
290
     0
  0
ACDBASSOCGEOMDEPENDENCY
  5
484
330
451
100
AcDbAssocDependency
 90
        2
 90
        0
290
     1
290
     1
290
     1
290
     1
 90
   -10000
330
3DF
290
     0
330
0
330
0
360
0
 90
       51
100
AcDbAssocGeomDependency
 90
        0
290
     1
  1
AcDbAssocSingleEdgePersSubentId
290
     0
  0
ACDBASSOCGEOMDEPENDENCY
  5
4F2
330
451
100
AcDbAssocDependency
 90
        2
 90
        0
290
     1
290
     1
290
     1
290
     1
 90
   -10000
330
34F
290
     0
330
0
330
0
360
0
 90
      161
100
AcDbAssocGeomDependency
 90
        0
290
     1
  1
AcDbAssocSingleEdgePersSubentId
290
     0
  0
ACDBASSOCGEOMDEPENDENCY
  5
473
330
451
100
AcDbAssocDependency
 90
        2
 90
        0
290
     1
290
     1
290
     1
290
     1
 90
   -10000
330
3F1
290
     0
330
0
330
0
360
0
 90
       34
100
AcDbAssocGeomDependency
 90
        0
290
     1
  1
AcDbAssocSingleEdgePersSubentId
290
     0
  0
ACDBASSOCGEOMDEPENDENCY
  5
477
330
451
100
AcDbAssocDependency
 90
        2
 90
        0
290
     1
290
     1
290
     1
290
     1
 90
   -10000
330
3EC
290
     0
330
0
330
0
360
0
 90
       38
100
AcDbAssocGeomDependency
 90
        0
290
     1
  1
AcDbAssocSingleEdgePersSubentId
290
     0
  0
ACDBASSOCGEOMDEPENDENCY
  5
47B
330
451
100
AcDbAssocDependency
 90
        2
 90
        0
290
     1
290
     1
290
     1
290
     1
 90
   -10000
330
3E8
290
     0
330
0
330
0
360
0
 90
       42
100
AcDbAssocGeomDependency
 90
        0
290
     1
  1
AcDbAssocSingleEdgePersSubentId
290
     0
  0
ACDBASSOCGEOMDEPENDENCY
  5
47F
330
451
100
AcDbAssocDependency
 90
        2
 90
        0
290
     1
290
     1
290
     1
290
     1
 90
   -10000
330
3E4
290
     0
330
0
330
0
360
0
 90
       46
100
AcDbAssocGeomDependency
 90
        0
290
     1
  1
AcDbAssocSingleEdgePersSubentId
290
     0
  0
ACDBASSOCGEOMDEPENDENCY
  5
4AF
330
451
100
AcDbAssocDependency
 90
        2
 90
        0
290
     1
290
     1
290
     1
290
     1
 90
   -10000
330
3B3
290
     0
330
0
330
0
360
0
 90
       94
100
AcDbAssocGeomDependency
 90
        0
290
     1
  1
AcDbAssocSingleEdgePersSubentId
290
     0
  0
ACDBASSOCGEOMDEPENDENCY
  5
4B7
330
451
100
AcDbAssocDependency
 90
        2
 90
        0
290
     1
290
     1
290
     1
290
     1
 90
   -10000
330
3AA
290
     0
330
0
330
0
360
0
 90
      102
100
AcDbAssocGeomDependency
 90
        0
290
     1
  1
AcDbAssocSingleEdgePersSubentId
290
     0
  0
ACDBASSOCGEOMDEPENDENCY
  5
488
330
451
100
AcDbAssocDependency
 90
        2
 90
        0
290
     1
290
     1
290
     1
290
     1
 90
   -10000
330
3DB
290
     0
330
0
330
0
360
0
 90
       55
100
AcDbAssocGeomDependency
 90
        0
290
     1
  1
AcDbAssocSingleEdgePersSubentId
290
     0
  0
ACDBASSOCGEOMDEPENDENCY
  5
48C
330
451
100
AcDbAssocDependency
 90
        2
 90
        0
290
     1
290
     1
290
     1
290
     1
 90
   -10000
330
3D7
290
     0
330
0
330
0
360
0
 90
       59
100
AcDbAssocGeomDependency
 90
        0
290
     1
  1
AcDbAssocSingleEdgePersSubentId
290
     0
  0
ACDBASSOCGEOMDEPENDENCY
  5
4F6
330
451
100
AcDbAssocDependency
 90
        2
 90
        0
290
     1
290
     1
290
     1
290
     1
 90
   -10000
330
34B
290
     0
330
0
330
0
360
0
 90
      165
100
AcDbAssocGeomDependency
 90
        0
290
     1
  1
AcDbAssocSingleEdgePersSubentId
290
     0
  0
ACDBASSOCGEOMDEPENDENCY
  5
481
330
451
100
AcDbAssocDependency
 90
        2
 90
        0
290
     1
290
     1
290
     1
290
     1
 90
   -10000
330
3E2
290
     0
330
0
330
0
360
0
 90
       48
100
AcDbAssocGeomDependency
 90
        0
290
     1
  1
AcDbAssocSingleEdgePersSubentId
290
     0
  0
ACDBASSOCGEOMDEPENDENCY
  5
485
330
451
100
AcDbAssocDependency
 90
        2
 90
        0
290
     1
290
     1
290
     1
290
     1
 90
   -10000
330
3DE
290
     0
330
0
330
0
360
0
 90
       52
100
AcDbAssocGeomDependency
 90
        0
290
     1
  1
AcDbAssocSingleEdgePersSubentId
290
     0
  0
ACDBASSOCGEOMDEPENDENCY
  5
4EE
330
451
100
AcDbAssocDependency
 90
        2
 90
        0
290
     1
290
     1
290
     1
290
     1
 90
   -10000
330
354
290
     0
330
0
330
0
360
0
 90
      157
100
AcDbAssocGeomDependency
 90
        0
290
     1
  1
AcDbAssocSingleEdgePersSubentId
290
     0
  0
ACDBASSOCGEOMDEPENDENCY
  5
489
330
451
100
AcDbAssocDependency
 90
        2
 90
        0
290
     1
290
     1
290
     1
290
     1
 90
   -10000
330
3DA
290
     0
330
0
330
0
360
0
 90
       56
100
AcDbAssocGeomDependency
 90
        0
290
     1
  1
AcDbAssocSingleEdgePersSubentId
290
     0
  0
ACDBASSOCGEOMDEPENDENCY
  5
48D
330
451
100
AcDbAssocDependency
 90
        2
 90
        0
290
     1
290
     1
290
     1
290
     1
 90
   -10000
330
3D6
290
     0
330
0
330
0
360
0
 90
       60
100
AcDbAssocGeomDependency
 90
        0
290
     1
  1
AcDbAssocSingleEdgePersSubentId
290
     0
  0
ACDBASSOCGEOMDEPENDENCY
  5
4ED
330
451
100
AcDbAssocDependency
 90
        2
 90
        0
290
     1
290
     1
290
     1
290
     1
 90
   -10000
330
355
290
     0
330
0
330
0
360
0
 90
      156
100
AcDbAssocGeomDependency
 90
        0
290
     1
  1
AcDbAssocSingleEdgePersSubentId
290
     0
  0
ACDBASSOCGEOMDEPENDENCY
  5
482
330
451
100
AcDbAssocDependency
 90
        2
 90
        0
290
     1
290
     1
290
     1
290
     1
 90
   -10000
330
3E1
290
     0
330
0
330
0
360
0
 90
       49
100
AcDbAssocGeomDependency
 90
        0
290
     1
  1
AcDbAssocSingleEdgePersSubentId
290
     0
  0
ACDBASSOCGEOMDEPENDENCY
  5
48A
330
451
100
AcDbAssocDependency
 90
        2
 90
        0
290
     1
290
     1
290
     1
290
     1
 90
   -10000
330
3D9
290
     0
330
0
330
0
360
0
 90
       57
100
AcDbAssocGeomDependency
 90
        0
290
     1
  1
AcDbAssocSingleEdgePersSubentId
290
     0
  0
ACDBASSOCGEOMDEPENDENCY
  5
48E
330
451
100
AcDbAssocDependency
 90
        2
 90
        0
290
     1
290
     1
290
     1
290
     1
 90
   -10000
330
3D4
290
     0
330
0
330
0
360
0
 90
       61
100
AcDbAssocGeomDependency
 90
        0
290
     1
  1
AcDbAssocSingleEdgePersSubentId
290
     0
  0
ACDBASSOCGEOMDEPENDENCY
  5
48F
330
451
100
AcDbAssocDependency
 90
        2
 90
        0
290
     1
290
     1
290
     1
290
     1
 90
   -10000
330
3D3
290
     0
330
0
330
0
360
0
 90
       62
100
AcDbAssocGeomDependency
 90
        0
290
     1
  1
AcDbAssocSingleEdgePersSubentId
290
     0
  0
ACDBASSOCGEOMDEPENDENCY
  5
487
330
451
100
AcDbAssocDependency
 90
        2
 90
        0
290
     1
290
     1
290
     1
290
     1
 90
   -10000
330
3DC
290
     0
330
0
330
0
360
0
 90
       54
100
AcDbAssocGeomDependency
 90
        0
290
     1
  1
AcDbAssocSingleEdgePersSubentId
290
     0
  0
ACDBASSOCGEOMDEPENDENCY
  5
483
330
451
100
AcDbAssocDependency
 90
        2
 90
        0
290
     1
290
     1
290
     1
290
     1
 90
   -10000
330
3E0
290
     0
330
0
330
0
360
0
 90
       50
100
AcDbAssocGeomDependency
 90
        0
290
     1
  1
AcDbAssocSingleEdgePersSubentId
290
     0
  0
ACDBASSOCGEOMDEPENDENCY
  5
490
330
451
100
AcDbAssocDependency
 90
        2
 90
        0
290
     1
290
     1
290
     1
290
     1
 90
   -10000
330
3D2
290
     0
330
0
330
0
360
0
 90
       63
100
AcDbAssocGeomDependency
 90
        0
290
     1
  1
AcDbAssocSingleEdgePersSubentId
290
     0
  0
ACDBASSOCGEOMDEPENDENCY
  5
491
330
451
100
AcDbAssocDependency
 90
        2
 90
        0
290
     1
290
     1
290
     1
290
     1
 90
   -10000
330
3D1
290
     0
330
0
330
0
360
0
 90
       64
100
AcDbAssocGeomDependency
 90
        0
290
     1
  1
AcDbAssocSingleEdgePersSubentId
290
     0
  0
ACDBASSOCGEOMDEPENDENCY
  5
492
330
451
100
AcDbAssocDependency
 90
        2
 90
        0
290
     1
290
     1
290
     1
290
     1
 90
   -10000
330
3D0
290
     0
330
0
330
0
360
0
 90
       65
100
AcDbAssocGeomDependency
 90
        0
290
     1
  1
AcDbAssocSingleEdgePersSubentId
290
     0
  0
ACDBASSOCGEOMDEPENDENCY
  5
493
330
451
100
AcDbAssocDependency
 90
        2
 90
        0
290
     1
290
     1
290
     1
290
     1
 90
   -10000
330
3CF
290
     0
330
0
330
0
360
0
 90
       66
100
AcDbAssocGeomDependency
 90
        0
290
     1
  1
AcDbAssocSingleEdgePersSubentId
290
     0
  0
ACDBASSOCGEOMDEPENDENCY
  5
494
330
451
100
AcDbAssocDependency
 90
        2
 90
        0
290
     1
290
     1
290
     1
290
     1
 90
   -10000
330
3CE
290
     0
330
0
330
0
360
0
 90
       67
100
AcDbAssocGeomDependency
 90
        0
290
     1
  1
AcDbAssocSingleEdgePersSubentId
290
     0
  0
ACDBASSOCGEOMDEPENDENCY
  5
495
330
451
100
AcDbAssocDependency
 90
        2
 90
        0
290
     1
290
     1
290
     1
290
     1
 90
   -10000
330
3CD
290
     0
330
0
330
0
360
0
 90
       68
100
AcDbAssocGeomDependency
 90
        0
290
     1
  1
AcDbAssocSingleEdgePersSubentId
290
     0
  0
ACDBASSOCGEOMDEPENDENCY
  5
497
330
451
100
AcDbAssocDependency
 90
        2
 90
        0
290
     1
290
     1
290
     1
290
     1
 90
   -10000
330
3CB
290
     0
330
0
330
0
360
0
 90
       70
100
AcDbAssocGeomDependency
 90
        0
290
     1
  1
AcDbAssocSingleEdgePersSubentId
290
     0
  0
ACDBASSOCGEOMDEPENDENCY
  5
498
330
451
100
AcDbAssocDependency
 90
        2
 90
        0
290
     1
290
     1
290
     1
290
     1
 90
   -10000
330
3CA
290
     0
330
0
330
0
360
0
 90
       71
100
AcDbAssocGeomDependency
 90
        0
290
     1
  1
AcDbAssocSingleEdgePersSubentId
290
     0
  0
ACDBASSOCGEOMDEPENDENCY
  5
499
330
451
100
AcDbAssocDependency
 90
        2
 90
        0
290
     1
290
     1
290
     1
290
     1
 90
   -10000
330
3C9
290
     0
330
0
330
0
360
0
 90
       72
100
AcDbAssocGeomDependency
 90
        0
290
     1
  1
AcDbAssocSingleEdgePersSubentId
290
     0
  0
ACDBASSOCGEOMDEPENDENCY
  5
49A
330
451
100
AcDbAssocDependency
 90
        2
 90
        0
290
     1
290
     1
290
     1
290
     1
 90
   -10000
330
3C8
290
     0
330
0
330
0
360
0
 90
       73
100
AcDbAssocGeomDependency
 90
        0
290
     1
  1
AcDbAssocSingleEdgePersSubentId
290
     0
  0
ACDBASSOCGEOMDEPENDENCY
  5
49B
330
451
100
AcDbAssocDependency
 90
        2
 90
        0
290
     1
290
     1
290
     1
290
     1
 90
   -10000
330
3C7
290
     0
330
0
330
0
360
0
 90
       74
100
AcDbAssocGeomDependency
 90
        0
290
     1
  1
AcDbAssocSingleEdgePersSubentId
290
     0
  0
ACDBASSOCGEOMDEPENDENCY
  5
49C
330
451
100
AcDbAssocDependency
 90
        2
 90
        0
290
     1
290
     1
290
     1
290
     1
 90
   -10000
330
3C6
290
     0
330
0
330
0
360
0
 90
       75
100
AcDbAssocGeomDependency
 90
        0
290
     1
  1
AcDbAssocSingleEdgePersSubentId
290
     0
  0
ACDBASSOCGEOMDEPENDENCY
  5
49D
330
451
100
AcDbAssocDependency
 90
        2
 90
        0
290
     1
290
     1
290
     1
290
     1
 90
   -10000
330
3C5
290
     0
330
0
330
0
360
0
 90
       76
100
AcDbAssocGeomDependency
 90
        0
290
     1
  1
AcDbAssocSingleEdgePersSubentId
290
     0
  0
ACDBASSOCGEOMDEPENDENCY
  5
49E
330
451
100
AcDbAssocDependency
 90
        2
 90
        0
290
     1
290
     1
290
     1
290
     1
 90
   -10000
330
3C4
290
     0
330
0
330
0
360
0
 90
       77
100
AcDbAssocGeomDependency
 90
        0
290
     1
  1
AcDbAssocSingleEdgePersSubentId
290
     0
  0
ACDBASSOCGEOMDEPENDENCY
  5
49F
330
451
100
AcDbAssocDependency
 90
        2
 90
        0
290
     1
290
     1
290
     1
290
     1
 90
   -10000
330
3C3
290
     0
330
0
330
0
360
0
 90
       78
100
AcDbAssocGeomDependency
 90
        0
290
     1
  1
AcDbAssocSingleEdgePersSubentId
290
     0
  0
ACDBASSOCGEOMDEPENDENCY
  5
4A0
330
451
100
AcDbAssocDependency
 90
        2
 90
        0
290
     1
290
     1
290
     1
290
     1
 90
   -10000
330
3C2
290
     0
330
0
330
0
360
0
 90
       79
100
AcDbAssocGeomDependency
 90
        0
290
     1
  1
AcDbAssocSingleEdgePersSubentId
290
     0
  0
ACDBASSOCGEOMDEPENDENCY
  5
4D3
330
451
100
AcDbAssocDependency
 90
        2
 90
        0
290
     1
290
     1
290
     1
290
     1
 90
   -10000
330
388
290
     0
330
0
330
0
360
0
 90
      130
100
AcDbAssocGeomDependency
 90
        0
290
     1
  1
AcDbAssocSingleEdgePersSubentId
290
     0
  0
ACDBASSOCGEOMDEPENDENCY
  5
4A1
330
451
100
AcDbAssocDependency
 90
        2
 90
        0
290
     1
290
     1
290
     1
290
     1
 90
   -10000
330
3C1
290
     0
330
0
330
0
360
0
 90
       80
100
AcDbAssocGeomDependency
 90
        0
290
     1
  1
AcDbAssocSingleEdgePersSubentId
290
     0
  0
ACDBASSOCGEOMDEPENDENCY
  5
4A2
330
451
100
AcDbAssocDependency
 90
        2
 90
        0
290
     1
290
     1
290
     1
290
     1
 90
   -10000
330
3C0
290
     0
330
0
330
0
360
0
 90
       81
100
AcDbAssocGeomDependency
 90
        0
290
     1
  1
AcDbAssocSingleEdgePersSubentId
290
     0
  0
ACDBASSOCGEOMDEPENDENCY
  5
4A3
330
451
100
AcDbAssocDependency
 90
        2
 90
        0
290
     1
290
     1
290
     1
290
     1
 90
   -10000
330
3BF
290
     0
330
0
330
0
360
0
 90
       82
100
AcDbAssocGeomDependency
 90
        0
290
     1
  1
AcDbAssocSingleEdgePersSubentId
290
     0
  0
ACDBASSOCGEOMDEPENDENCY
  5
4A4
330
451
100
AcDbAssocDependency
 90
        2
 90
        0
290
     1
290
     1
290
     1
290
     1
 90
   -10000
330
3BE
290
     0
330
0
330
0
360
0
 90
       83
100
AcDbAssocGeomDependency
 90
        0
290
     1
  1
AcDbAssocSingleEdgePersSubentId
290
     0
  0
ACDBASSOCGEOMDEPENDENCY
  5
4CF
330
451
100
AcDbAssocDependency
 90
        2
 90
        0
290
     1
290
     1
290
     1
290
     1
 90
   -10000
330
38C
290
     0
330
0
330
0
360
0
 90
      126
100
AcDbAssocGeomDependency
 90
        0
290
     1
  1
AcDbAssocSingleEdgePersSubentId
290
     0
  0
ACDBASSOCGEOMDEPENDENCY
  5
4A5
330
451
100
AcDbAssocDependency
 90
        2
 90
        0
290
     1
290
     1
290
     1
290
     1
 90
   -10000
330
3BD
290
     0
330
0
330
0
360
0
 90
       84
100
AcDbAssocGeomDependency
 90
        0
290
     1
  1
AcDbAssocSingleEdgePersSubentId
290
     0
  0
ACDBASSOCGEOMDEPENDENCY
  5
4A7
330
451
100
AcDbAssocDependency
 90
        2
 90
        0
290
     1
290
     1
290
     1
290
     1
 90
   -10000
330
3BB
290
     0
330
0
330
0
360
0
 90
       86
100
AcDbAssocGeomDependency
 90
        0
290
     1
  1
AcDbAssocSingleEdgePersSubentId
290
     0
  0
ACDBASSOCGEOMDEPENDENCY
  5
4AA
330
451
100
AcDbAssocDependency
 90
        2
 90
        0
290
     1
290
     1
290
     1
290
     1
 90
   -10000
330
3B8
290
     0
330
0
330
0
360
0
 90
       89
100
AcDbAssocGeomDependency
 90
        0
290
     1
  1
AcDbAssocSingleEdgePersSubentId
290
     0
  0
ACDBASSOCGEOMDEPENDENCY
  5
4AB
330
451
100
AcDbAssocDependency
 90
        2
 90
        0
290
     1
290
     1
290
     1
290
     1
 90
   -10000
330
3B7
290
     0
330
0
330
0
360
0
 90
       90
100
AcDbAssocGeomDependency
 90
        0
290
     1
  1
AcDbAssocSingleEdgePersSubentId
290
     0
  0
ACDBASSOCGEOMDEPENDENCY
  5
4AC
330
451
100
AcDbAssocDependency
 90
        2
 90
        0
290
     1
290
     1
290
     1
290
     1
 90
   -10000
330
3B6
290
     0
330
0
330
0
360
0
 90
       91
100
AcDbAssocGeomDependency
 90
        0
290
     1
  1
AcDbAssocSingleEdgePersSubentId
290
     0
  0
ACDBASSOCGEOMDEPENDENCY
  5
4AD
330
451
100
AcDbAssocDependency
 90
        2
 90
        0
290
     1
290
     1
290
     1
290
     1
 90
   -10000
330
3B5
290
     0
330
0
330
0
360
0
 90
       92
100
AcDbAssocGeomDependency
 90
        0
290
     1
  1
AcDbAssocSingleEdgePersSubentId
290
     0
  0
ACDBASSOCGEOMDEPENDENCY
  5
4B0
330
451
100
AcDbAssocDependency
 90
        2
 90
        0
290
     1
290
     1
290
     1
290
     1
 90
   -10000
330
3B2
290
     0
330
0
330
0
360
0
 90
       95
100
AcDbAssocGeomDependency
 90
        0
290
     1
  1
AcDbAssocSingleEdgePersSubentId
290
     0
  0
ACDBASSOCGEOMDEPENDENCY
  5
4B2
330
451
100
AcDbAssocDependency
 90
        2
 90
        0
290
     1
290
     1
290
     1
290
     1
 90
   -10000
330
3B0
290
     0
330
0
330
0
360
0
 90
       97
100
AcDbAssocGeomDependency
 90
        0
290
     1
  1
AcDbAssocSingleEdgePersSubentId
290
     0
  0
ACDBASSOCGEOMDEPENDENCY
  5
4B3
330
451
100
AcDbAssocDependency
 90
        2
 90
        0
290
     1
290
     1
290
     1
290
     1
 90
   -10000
330
3AF
290
     0
330
0
330
0
360
0
 90
       98
100
AcDbAssocGeomDependency
 90
        0
290
     1
  1
AcDbAssocSingleEdgePersSubentId
290
     0
  0
ACDBASSOCGEOMDEPENDENCY
  5
4B5
330
451
100
AcDbAssocDependency
 90
        2
 90
        0
290
     1
290
     1
290
     1
290
     1
 90
   -10000
330
3AC
290
     0
330
0
330
0
360
0
 90
      100
100
AcDbAssocGeomDependency
 90
        0
290
     1
  1
AcDbAssocSingleEdgePersSubentId
290
     0
  0
ACDBASSOCGEOMDEPENDENCY
  5
4B6
330
451
100
AcDbAssocDependency
 90
        2
 90
        0
290
     1
290
     1
290
     1
290
     1
 90
   -10000
330
3AB
290
     0
330
0
330
0
360
0
 90
      101
100
AcDbAssocGeomDependency
 90
        0
290
     1
  1
AcDbAssocSingleEdgePersSubentId
290
     0
  0
ACDBASSOCGEOMDEPENDENCY
  5
4B8
330
451
100
AcDbAssocDependency
 90
        2
 90
        0
290
     1
290
     1
290
     1
290
     1
 90
   -10000
330
3A4
290
     0
330
0
330
0
360
0
 90
      103
100
AcDbAssocGeomDependency
 90
        0
290
     1
  1
AcDbAssocSingleEdgePersSubentId
290
     0
  0
ACDBASSOCGEOMDEPENDENCY
  5
4B9
330
451
100
AcDbAssocDependency
 90
        2
 90
        0
290
     1
290
     1
290
     1
290
     1
 90
   -10000
330
3A3
290
     0
330
0
330
0
360
0
 90
      104
100
AcDbAssocGeomDependency
 90
        0
290
     1
  1
AcDbAssocSingleEdgePersSubentId
290
     0
  0
ACDBASSOCGEOMDEPENDENCY
  5
4BA
330
451
100
AcDbAssocDependency
 90
        2
 90
        0
290
     1
290
     1
290
     1
290
     1
 90
   -10000
330
3A2
290
     0
330
0
330
0
360
0
 90
      105
100
AcDbAssocGeomDependency
 90
        0
290
     1
  1
AcDbAssocSingleEdgePersSubentId
290
     0
  0
ACDBASSOCGEOMDEPENDENCY
  5
4BB
330
451
100
AcDbAssocDependency
 90
        2
 90
        0
290
     1
290
     1
290
     1
290
     1
 90
   -10000
330
3A1
290
     0
330
0
330
0
360
0
 90
      106
100
AcDbAssocGeomDependency
 90
        0
290
     1
  1
AcDbAssocSingleEdgePersSubentId
290
     0
  0
ACDBASSOCGEOMDEPENDENCY
  5
4BC
330
451
100
AcDbAssocDependency
 90
        2
 90
        0
290
     1
290
     1
290
     1
290
     1
 90
   -10000
330
3A0
290
     0
330
0
330
0
360
0
 90
      107
100
AcDbAssocGeomDependency
 90
        0
290
     1
  1
AcDbAssocSingleEdgePersSubentId
290
     0
  0
ACDBASSOCGEOMDEPENDENCY
  5
4BD
330
451
100
AcDbAssocDependency
 90
        2
 90
        0
290
     1
290
     1
290
     1
290
     1
 90
   -10000
330
39F
290
     0
330
0
330
0
360
0
 90
      108
100
AcDbAssocGeomDependency
 90
        0
290
     1
  1
AcDbAssocSingleEdgePersSubentId
290
     0
  0
ACDBASSOCGEOMDEPENDENCY
  5
4BE
330
451
100
AcDbAssocDependency
 90
        2
 90
        0
290
     1
290
     1
290
     1
290
     1
 90
   -10000
330
39E
290
     0
330
0
330
0
360
0
 90
      109
100
AcDbAssocGeomDependency
 90
        0
290
     1
  1
AcDbAssocSingleEdgePersSubentId
290
     0
  0
ACDBASSOCGEOMDEPENDENCY
  5
4BF
330
451
100
AcDbAssocDependency
 90
        2
 90
        0
290
     1
290
     1
290
     1
290
     1
 90
   -10000
330
39D
290
     0
330
0
330
0
360
0
 90
      110
100
AcDbAssocGeomDependency
 90
        0
290
     1
  1
AcDbAssocSingleEdgePersSubentId
290
     0
  0
ACDBASSOCGEOMDEPENDENCY
  5
4C0
330
451
100
AcDbAssocDependency
 90
        2
 90
        0
290
     1
290
     1
290
     1
290
     1
 90
   -10000
330
39C
290
     0
330
0
330
0
360
0
 90
      111
100
AcDbAssocGeomDependency
 90
        0
290
     1
  1
AcDbAssocSingleEdgePersSubentId
290
     0
  0
ACDBASSOCGEOMDEPENDENCY
  5
4C1
330
451
100
AcDbAssocDependency
 90
        2
 90
        0
290
     1
290
     1
290
     1
290
     1
 90
   -10000
330
39B
290
     0
330
0
330
0
360
0
 90
      112
100
AcDbAssocGeomDependency
 90
        0
290
     1
  1
AcDbAssocSingleEdgePersSubentId
290
     0
  0
ACDBASSOCGEOMDEPENDENCY
  5
4C2
330
451
100
AcDbAssocDependency
 90
        2
 90
        0
290
     1
290
     1
290
     1
290
     1
 90
   -10000
330
39A
290
     0
330
0
330
0
360
0
 90
      113
100
AcDbAssocGeomDependency
 90
        0
290
     1
  1
AcDbAssocSingleEdgePersSubentId
290
     0
  0
ACDBASSOCGEOMDEPENDENCY
  5
4C3
330
451
100
AcDbAssocDependency
 90
        2
 90
        0
290
     1
290
     1
290
     1
290
     1
 90
   -10000
330
399
290
     0
330
0
330
0
360
0
 90
      114
100
AcDbAssocGeomDependency
 90
        0
290
     1
  1
AcDbAssocSingleEdgePersSubentId
290
     0
  0
ACDBASSOCGEOMDEPENDENCY
  5
4C4
330
451
100
AcDbAssocDependency
 90
        2
 90
        0
290
     1
290
     1
290
     1
290
     1
 90
   -10000
330
398
290
     0
330
0
330
0
360
0
 90
      115
100
AcDbAssocGeomDependency
 90
        0
290
     1
  1
AcDbAssocSingleEdgePersSubentId
290
     0
  0
ACDBASSOCGEOMDEPENDENCY
  5
4C5
330
451
100
AcDbAssocDependency
 90
        2
 90
        0
290
     1
290
     1
290
     1
290
     1
 90
   -10000
330
397
290
     0
330
0
330
0
360
0
 90
      116
100
AcDbAssocGeomDependency
 90
        0
290
     1
  1
AcDbAssocSingleEdgePersSubentId
290
     0
  0
ACDBASSOCGEOMDEPENDENCY
  5
4C6
330
451
100
AcDbAssocDependency
 90
        2
 90
        0
290
     1
290
     1
290
     1
290
     1
 90
   -10000
330
396
290
     0
330
0
330
0
360
0
 90
      117
100
AcDbAssocGeomDependency
 90
        0
290
     1
  1
AcDbAssocSingleEdgePersSubentId
290
     0
  0
ACDBASSOCGEOMDEPENDENCY
  5
4C7
330
451
100
AcDbAssocDependency
 90
        2
 90
        0
290
     1
290
     1
290
     1
290
     1
 90
   -10000
330
395
290
     0
330
0
330
0
360
0
 90
      118
100
AcDbAssocGeomDependency
 90
        0
290
     1
  1
AcDbAssocSingleEdgePersSubentId
290
     0
  0
ACDBASSOCGEOMDEPENDENCY
  5
4C8
330
451
100
AcDbAssocDependency
 90
        2
 90
        0
290
     1
290
     1
290
     1
290
     1
 90
   -10000
330
394
290
     0
330
0
330
0
360
0
 90
      119
100
AcDbAssocGeomDependency
 90
        0
290
     1
  1
AcDbAssocSingleEdgePersSubentId
290
     0
  0
ACDBASSOCGEOMDEPENDENCY
  5
4CA
330
451
100
AcDbAssocDependency
 90
        2
 90
        0
290
     1
290
     1
290
     1
290
     1
 90
   -10000
330
392
290
     0
330
0
330
0
360
0
 90
      121
100
AcDbAssocGeomDependency
 90
        0
290
     1
  1
AcDbAssocSingleEdgePersSubentId
290
     0
  0
ACDBASSOCGEOMDEPENDENCY
  5
4CC
330
451
100
AcDbAssocDependency
 90
        2
 90
        0
290
     1
290
     1
290
     1
290
     1
 90
   -10000
330
390
290
     0
330
0
330
0
360
0
 90
      123
100
AcDbAssocGeomDependency
 90
        0
290
     1
  1
AcDbAssocSingleEdgePersSubentId
290
     0
  0
ACDBASSOCGEOMDEPENDENCY
  5
4CD
330
451
100
AcDbAssocDependency
 90
        2
 90
        0
290
     1
290
     1
290
     1
290
     1
 90
   -10000
330
38F
290
     0
330
0
330
0
360
0
 90
      124
100
AcDbAssocGeomDependency
 90
        0
290
     1
  1
AcDbAssocSingleEdgePersSubentId
290
     0
  0
ACDBASSOCGEOMDEPENDENCY
  5
4CE
330
451
100
AcDbAssocDependency
 90
        2
 90
        0
290
     1
290
     1
290
     1
290
     1
 90
   -10000
330
38E
290
     0
330
0
330
0
360
0
 90
      125
100
AcDbAssocGeomDependency
 90
        0
290
     1
  1
AcDbAssocSingleEdgePersSubentId
290
     0
  0
ACDBASSOCGEOMDEPENDENCY
  5
4D0
330
451
100
AcDbAssocDependency
 90
        2
 90
        0
290
     1
290
     1
290
     1
290
     1
 90
   -10000
330
38B
290
     0
330
0
330
0
360
0
 90
      127
100
AcDbAssocGeomDependency
 90
        0
290
     1
  1
AcDbAssocSingleEdgePersSubentId
290
     0
  0
ACDBASSOCGEOMDEPENDENCY
  5
4D1
330
451
100
AcDbAssocDependency
 90
        2
 90
        0
290
     1
290
     1
290
     1
290
     1
 90
   -10000
330
38A
290
     0
330
0
330
0
360
0
 90
      128
100
AcDbAssocGeomDependency
 90
        0
290
     1
  1
AcDbAssocSingleEdgePersSubentId
290
     0
  0
ACDBASSOCGEOMDEPENDENCY
  5
4D4
330
451
100
AcDbAssocDependency
 90
        2
 90
        0
290
     1
290
     1
290
     1
290
     1
 90
   -10000
330
387
290
     0
330
0
330
0
360
0
 90
      131
100
AcDbAssocGeomDependency
 90
        0
290
     1
  1
AcDbAssocSingleEdgePersSubentId
290
     0
  0
ACDBASSOCGEOMDEPENDENCY
  5
4D5
330
451
100
AcDbAssocDependency
 90
        2
 90
        0
290
     1
290
     1
290
     1
290
     1
 90
   -10000
330
386
290
     0
330
0
330
0
360
0
 90
      132
100
AcDbAssocGeomDependency
 90
        0
290
     1
  1
AcDbAssocSingleEdgePersSubentId
290
     0
  0
ACDBASSOCGEOMDEPENDENCY
  5
4D6
330
451
100
AcDbAssocDependency
 90
        2
 90
        0
290
     1
290
     1
290
     1
290
     1
 90
   -10000
330
385
290
     0
330
0
330
0
360
0
 90
      133
100
AcDbAssocGeomDependency
 90
        0
290
     1
  1
AcDbAssocSingleEdgePersSubentId
290
     0
  0
ACDBASSOCGEOMDEPENDENCY
  5
4D7
330
451
100
AcDbAssocDependency
 90
        2
 90
        0
290
     1
290
     1
290
     1
290
     1
 90
   -10000
330
384
290
     0
330
0
330
0
360
0
 90
      134
100
AcDbAssocGeomDependency
 90
        0
290
     1
  1
AcDbAssocSingleEdgePersSubentId
290
     0
  0
ACDBASSOCGEOMDEPENDENCY
  5
4D8
330
451
100
AcDbAssocDependency
 90
        2
 90
        0
290
     1
290
     1
290
     1
290
     1
 90
   -10000
330
383
290
     0
330
0
330
0
360
0
 90
      135
100
AcDbAssocGeomDependency
 90
        0
290
     1
  1
AcDbAssocSingleEdgePersSubentId
290
     0
  0
ACDBASSOCGEOMDEPENDENCY
  5
4DA
330
451
100
AcDbAssocDependency
 90
        2
 90
        0
290
     1
290
     1
290
     1
290
     1
 90
   -10000
330
381
290
     0
330
0
330
0
360
0
 90
      137
100
AcDbAssocGeomDependency
 90
        0
290
     1
  1
AcDbAssocSingleEdgePersSubentId
290
     0
  0
ACDBASSOCGEOMDEPENDENCY
  5
4DC
330
451
100
AcDbAssocDependency
 90
        2
 90
        0
290
     1
290
     1
290
     1
290
     1
 90
   -10000
330
37F
290
     0
330
0
330
0
360
0
 90
      139
100
AcDbAssocGeomDependency
 90
        0
290
     1
  1
AcDbAssocSingleEdgePersSubentId
290
     0
  0
ACDBASSOCGEOMDEPENDENCY
  5
4DD
330
451
100
AcDbAssocDependency
 90
        2
 90
        0
290
     1
290
     1
290
     1
290
     1
 90
   -10000
330
37E
290
     0
330
0
330
0
360
0
 90
      140
100
AcDbAssocGeomDependency
 90
        0
290
     1
  1
AcDbAssocSingleEdgePersSubentId
290
     0
  0
ACDBASSOCGEOMDEPENDENCY
  5
4DE
330
451
100
AcDbAssocDependency
 90
        2
 90
        0
290
     1
290
     1
290
     1
290
     1
 90
   -10000
330
37D
290
     0
330
0
330
0
360
0
 90
      141
100
AcDbAssocGeomDependency
 90
        0
290
     1
  1
AcDbAssocSingleEdgePersSubentId
290
     0
  0
ACDBASSOCGEOMDEPENDENCY
  5
4DF
330
451
100
AcDbAssocDependency
 90
        2
 90
        0
290
     1
290
     1
290
     1
290
     1
 90
   -10000
330
37C
290
     0
330
0
330
0
360
0
 90
      142
100
AcDbAssocGeomDependency
 90
        0
290
     1
  1
AcDbAssocSingleEdgePersSubentId
290
     0
  0
ACDBASSOCGEOMDEPENDENCY
  5
4E1
330
451
100
AcDbAssocDependency
 90
        2
 90
        0
290
     1
290
     1
290
     1
290
     1
 90
   -10000
330
37A
290
     0
330
0
330
0
360
0
 90
      144
100
AcDbAssocGeomDependency
 90
        0
290
     1
  1
AcDbAssocSingleEdgePersSubentId
290
     0
  0
ACDBASSOCGEOMDEPENDENCY
  5
4E3
330
451
100
AcDbAssocDependency
 90
        2
 90
        0
290
     1
290
     1
290
     1
290
     1
 90
   -10000
330
378
290
     0
330
0
330
0
360
0
 90
      146
100
AcDbAssocGeomDependency
 90
        0
290
     1
  1
AcDbAssocSingleEdgePersSubentId
290
     0
  0
ACDBASSOCGEOMDEPENDENCY
  5
4E4
330
451
100
AcDbAssocDependency
 90
        2
 90
        0
290
     1
290
     1
290
     1
290
     1
 90
   -10000
330
377
290
     0
330
0
330
0
360
0
 90
      147
100
AcDbAssocGeomDependency
 90
        0
290
     1
  1
AcDbAssocSingleEdgePersSubentId
290
     0
  0
ACDBASSOCGEOMDEPENDENCY
  5
4E5
330
451
100
AcDbAssocDependency
 90
        2
 90
        0
290
     1
290
     1
290
     1
290
     1
 90
   -10000
330
35D
290
     0
330
0
330
0
360
0
 90
      148
100
AcDbAssocGeomDependency
 90
        0
290
     1
  1
AcDbAssocSingleEdgePersSubentId
290
     0
  0
ACDBASSOCGEOMDEPENDENCY
  5
4E6
330
451
100
AcDbAssocDependency
 90
        2
 90
        0
290
     1
290
     1
290
     1
290
     1
 90
   -10000
330
35C
290
     0
330
0
330
0
360
0
 90
      149
100
AcDbAssocGeomDependency
 90
        0
290
     1
  1
AcDbAssocSingleEdgePersSubentId
290
     0
  0
ACDBASSOCGEOMDEPENDENCY
  5
4E7
330
451
100
AcDbAssocDependency
 90
        2
 90
        0
290
     1
290
     1
290
     1
290
     1
 90
   -10000
330
35B
290
     0
330
0
330
0
360
0
 90
      150
100
AcDbAssocGeomDependency
 90
        0
290
     1
  1
AcDbAssocSingleEdgePersSubentId
290
     0
  0
ACDBASSOCGEOMDEPENDENCY
  5
4E8
330
451
100
AcDbAssocDependency
 90
        2
 90
        0
290
     1
290
     1
290
     1
290
     1
 90
   -10000
330
35A
290
     0
330
0
330
0
360
0
 90
      151
100
AcDbAssocGeomDependency
 90
        0
290
     1
  1
AcDbAssocSingleEdgePersSubentId
290
     0
  0
ACDBASSOCGEOMDEPENDENCY
  5
4EA
330
451
100
AcDbAssocDependency
 90
        2
 90
        0
290
     1
290
     1
290
     1
290
     1
 90
   -10000
330
358
290
     0
330
0
330
0
360
0
 90
      153
100
AcDbAssocGeomDependency
 90
        0
290
     1
  1
AcDbAssocSingleEdgePersSubentId
290
     0
  0
ACDBASSOCGEOMDEPENDENCY
  5
4EC
330
451
100
AcDbAssocDependency
 90
        2
 90
        0
290
     1
290
     1
290
     1
290
     1
 90
   -10000
330
356
290
     0
330
0
330
0
360
0
 90
      155
100
AcDbAssocGeomDependency
 90
        0
290
     1
  1
AcDbAssocSingleEdgePersSubentId
290
     0
  0
ACDBASSOCGEOMDEPENDENCY
  5
4EF
330
451
100
AcDbAssocDependency
 90
        2
 90
        0
290
     1
290
     1
290
     1
290
     1
 90
   -10000
330
353
290
     0
330
0
330
0
360
0
 90
      158
100
AcDbAssocGeomDependency
 90
        0
290
     1
  1
AcDbAssocSingleEdgePersSubentId
290
     0
  0
ACDBASSOCGEOMDEPENDENCY
  5
4F1
330
451
100
AcDbAssocDependency
 90
        2
 90
        0
290
     1
290
     1
290
     1
290
     1
 90
   -10000
330
350
290
     0
330
0
330
0
360
0
 90
      160
100
AcDbAssocGeomDependency
 90
        0
290
     1
  1
AcDbAssocSingleEdgePersSubentId
290
     0
  0
ACDBASSOCGEOMDEPENDENCY
  5
4F3
330
451
100
AcDbAssocDependency
 90
        2
 90
        0
290
     1
290
     1
290
     1
290
     1
 90
   -10000
330
34E
290
     0
330
0
330
0
360
0
 90
      162
100
AcDbAssocGeomDependency
 90
        0
290
     1
  1
AcDbAssocSingleEdgePersSubentId
290
     0
  0
ACDBASSOCGEOMDEPENDENCY
  5
4F4
330
451
100
AcDbAssocDependency
 90
        2
 90
        0
290
     1
290
     1
290
     1
290
     1
 90
   -10000
330
34D
290
     0
330
0
330
0
360
0
 90
      163
100
AcDbAssocGeomDependency
 90
        0
290
     1
  1
AcDbAssocSingleEdgePersSubentId
290
     0
  0
ACDBASSOCGEOMDEPENDENCY
  5
4F5
330
451
100
AcDbAssocDependency
 90
        2
 90
        0
290
     1
290
     1
290
     1
290
     1
 90
   -10000
330
34C
290
     0
330
0
330
0
360
0
 90
      164
100
AcDbAssocGeomDependency
 90
        0
290
     1
  1
AcDbAssocSingleEdgePersSubentId
290
     0
  0
ACDBASSOCGEOMDEPENDENCY
  5
4F7
330
451
100
AcDbAssocDependency
 90
        2
 90
        0
290
     1
290
     1
290
     1
290
     1
 90
   -10000
330
34A
290
     0
330
0
330
0
360
0
 90
      166
100
AcDbAssocGeomDependency
 90
        0
290
     1
  1
AcDbAssocSingleEdgePersSubentId
290
     0
  0
ENDSEC
  0
SECTION
  2
ACDSDATA
 70
     2
 71
     8
  0
ACDSSCHEMA
 90
        0
  1
AcDb_Thumbnail_Schema
  2
AcDbDs::ID
280
    10
 91
        8
  2
Thumbnail_Data
280
    15
 91
        0
101
ACDSRECORD
 95
        0
 90
        1
  2
AcDbDs::TreatedAsObjectData
280
     1
291
     1
101
ACDSRECORD
 95
        0
 90
        2
  2
AcDbDs::Legacy
280
     1
291
     1
101
ACDSRECORD
  1
AcDbDs::ID
 90
        3
  2
AcDs:Indexable
280
     1
291
     1
101
ACDSRECORD
  1
AcDbDs::ID
 90
        4
  2
AcDbDs::HandleAttribute
280
     7
282
     1
  0
ACDSSCHEMA
 90
        1
  1
AcDbDs::TreatedAsObjectDataSchema
  2
AcDbDs::TreatedAsObjectData
280
     1
 91
        0
  0
ACDSSCHEMA
 90
        2
  1
AcDbDs::LegacySchema
  2
AcDbDs::Legacy
280
     1
 91
        0
  0
ACDSSCHEMA
 90
        3
  1
AcDbDs::IndexedPropertySchema
  2
AcDs:Indexable
280
     1
 91
        0
  0
ACDSSCHEMA
 90
        4
  1
AcDbDs::HandleAttributeSchema
  2
AcDbDs::HandleAttribute
280
     7
 91
        1
284
     1
  0
ACDSRECORD
 90
        0
  2
AcDbDs::ID
280
    10
320
22
  2
Thumbnail_Data
280
    15
 94
     1116
310
89504E470D0A1A0A0000000D49484452000001000000006D080300000079B14F6400000300504C5445212830FFFFFF2128300000000000000000000000000000000000000000000000000000330000660000990000CC0000FF0033000033330033660033990033CC0033FF0066000066330066660066990066CC0066FF0099
310
000099330099660099990099CC0099FF00CC0000CC3300CC6600CC9900CCCC00CCFF00FF0000FF3300FF6600FF9900FFCC00FFFF3300003300333300663300993300CC3300FF3333003333333333663333993333CC3333FF3366003366333366663366993366CC3366FF3399003399333399663399993399CC3399FF33CC00
310
33CC3333CC6633CC9933CCCC33CCFF33FF0033FF3333FF6633FF9933FFCC33FFFF6600006600336600666600996600CC6600FF6633006633336633666633996633CC6633FF6666006666336666666666996666CC6666FF6699006699336699666699996699CC6699FF66CC0066CC3366CC6666CC9966CCCC66CCFF66FF0066
310
FF3366FF6666FF9966FFCC66FFFF9900009900339900669900999900CC9900FF9933009933339933669933999933CC9933FF9966009966339966669966999966CC9966FF9999009999339999669999999999CC9999FF99CC0099CC3399CC6699CC9999CCCC99CCFF99FF0099FF3399FF6699FF9999FFCC99FFFFCC0000CC00
310
33CC0066CC0099CC00CCCC00FFCC3300CC3333CC3366CC3399CC33CCCC33FFCC6600CC6633CC6666CC6699CC66CCCC66FFCC9900CC9933CC9966CC9999CC99CCCC99FFCCCC00CCCC33CCCC66CCCC99CCCCCCCCCCFFCCFF00CCFF33CCFF66CCFF99CCFFCCCCFFFFFF0000FF0033FF0066FF0099FF00CCFF00FFFF3300FF3333
310
FF3366FF3399FF33CCFF33FFFF6600FF6633FF6666FF6699FF66CCFF66FFFF9900FF9933FF9966FF9999FF99CCFF99FFFFCC00FFCC33FFCC66FFCC99FFCCCCFFCCFFFFFF00FFFF33FFFF66FFFF99FFFFCCFFFFFF0000000D0D0D1A1A1A2828283535354343435050505D5D5D6B6B6B787878868686939393A1A1A1AEAEAEBB
310
BBBBC9C9C9D6D6D6E4E4E4F1F1F1FFFFFF0000000000000000000000000000000000000000000000000000000000002E4550F1000001174944415478DAEDD7CB8EC3200C0040FFFFFF725F6D08C10EADB4C79535A3AAA5A43D606C1E1100000000000000000000000000F4370E7FEB1ABD0210BF035A8D34C2A72BF6B81B06
310
20EACCDEEFD7D3EB5BC48ED0987D8D4AE01EEAFC18BB6B35F3AFEE6C68B706ACD61AF5CA809DE873D647CF00A4D62AFCFDFA148011BDD680A318D69AB82B6097C0FC921FF50AC0530247065CEDBC0D345C035E01C8B39C368AF5AF96BB402E8157006A46742A81BBBAEBF47E5D04239D145A95402EEBD4F5A904FAEE02E3E8
310
AA6B40C9FE5E01B8F3BA04A0846106209748B3BBC0EBA493E2B12F43D13400F36073AEFFE37B57AB03F1CE80C897FF7226A819D0EE3AFC9C6BF67538AF04E3D9FCCA5501000000000000000080FFE407C7B0E35DA03FA0500000000049454E44AE426082
  0
ENDSEC
  0
EOF
